file_name,sample_no,date(dd-mm-yyyy),taxon_name,lat(wgs84),lon(wgs84),gps_accuracy(m),location_name,personal_notes,id_specimen,colnam,colnbr,tag,plot_name
IMG_3352.JPG,66189,28/2/2012,Dichostemma glaucescens Pierre,5.07081,8.86928,50,Korup,"1ha plot korup001, tag 106",9881,IRD plot,261,106,korup001
IMG_3353.JPG,66856,28/2/2012,NA,5.07081,8.86928,50,Korup,"1ha plot korup001, tag 112",NA,NA,NA,112,korup001
IMG_3356.JPG,67014,28/2/2012,NA,5.07081,8.86928,50,Korup,"1ha plot korup001, tag 116",NA,NA,NA,116,korup001
IMG_3359.JPG,66857,28/2/2012,NA,5.07081,8.86928,50,Korup,"1ha plot korup001, tag 127",NA,NA,NA,127,korup001
IMG_3362.JPG,66196,28/2/2012,Rhaptopetalum sessilifolium Engl.,5.07081,8.86928,50,Korup,"1ha plot korup001, tag 141",9913,IRD plot,293,141,korup001
IMG_3363.JPG,66196,28/2/2012,Rhaptopetalum sessilifolium Engl.,5.07081,8.86928,50,Korup,"1ha plot korup001, tag 141",9913,IRD plot,293,141,korup001
IMG_3365.JPG,66188,28/2/2012,Garcinia ovalifolia Oliv.,5.07081,8.86928,50,Korup,"1ha plot korup001, tag 145",9882,IRD plot,262,145,korup001
IMG_3367.JPG,66187,28/2/2012,Englerophytum sylverianum Kenfack & L. Gaut.,5.07081,8.86928,50,Korup,"1ha plot korup001, tag 148",9883,IRD plot,263,148,korup001
IMG_3368.JPG,66187,28/2/2012,Englerophytum sylverianum Kenfack & L. Gaut.,5.07081,8.86928,50,Korup,"1ha plot korup001, tag 148",9883,IRD plot,263,148,korup001
IMG_3369.JPG,66186,28/2/2012,Uvariopsis korupensis Gereau & Kenfack,5.07081,8.86928,50,Korup,"1ha plot korup001, tag 159",9884,IRD plot,264,159,korup001
IMG_3370.JPG,66186,28/2/2012,Uvariopsis korupensis Gereau & Kenfack,5.07081,8.86928,50,Korup,"1ha plot korup001, tag 159",9884,IRD plot,264,159,korup001
IMG_3375.JPG,66185,28/2/2012,NA,5.07081,8.86928,50,Korup,"1ha plot korup001, tag 172",9885,IRD plot,265,172,korup001
IMG_3378.JPG,66184,28/2/2012,Soyauxia talbotii Baker f.,5.07081,8.86928,50,Korup,"1ha plot korup001, tag 181",9886,IRD plot,266,181,korup001
IMG_3379.JPG,66183,28/2/2012,Klaineanthus gabonii Pierre,5.07081,8.86928,50,Korup,"1ha plot korup001, tag 182",9887,IRD plot,267,182,korup001
IMG_3381.JPG,67072,28/2/2012,NA,5.07081,8.86928,50,Korup,"1ha plot korup001, tag 189",NA,NA,NA,189,korup001
IMG_3395.JPG,66181,28/2/2012,Diospyros gabunensis Gürke,5.07081,8.86928,50,Korup,"1ha plot korup001, tag 201",9889,IRD plot,269,201,korup001
IMG_3396.JPG,66180,28/2/2012,Uvariopsis bakeriana (Hutch. & Dalziel) Robyns & Ghesq.,5.07081,8.86928,50,Korup,"1ha plot korup001, tag 202",9890,IRD plot,270,202,korup001
IMG_3397.JPG,66179,28/2/2012,Strombosiopsis tetrandra Engl.,5.07081,8.86928,50,Korup,"1ha plot korup001, tag 206",9891,IRD plot,271,206,korup001
IMG_3398.JPG,66178,28/2/2012,NA,5.07081,8.86928,50,Korup,"1ha plot korup001, tag 212",9892,IRD plot,272,212,korup001
IMG_3399.JPG,66178,28/2/2012,NA,5.07081,8.86928,50,Korup,"1ha plot korup001, tag 212",9892,IRD plot,272,212,korup001
IMG_3400.JPG,66177,28/2/2012,Drypetes staudtii (Pax) Hutch.,5.07081,8.86928,50,Korup,"1ha plot korup001, tag 233",9893,IRD plot,273,233,korup001
IMG_3401.JPG,66177,28/2/2012,Drypetes staudtii (Pax) Hutch.,5.07081,8.86928,50,Korup,"1ha plot korup001, tag 233",9893,IRD plot,273,233,korup001
IMG_3402.JPG,66177,28/2/2012,Drypetes staudtii (Pax) Hutch.,5.07081,8.86928,50,Korup,"1ha plot korup001, tag 233",9893,IRD plot,273,233,korup001
IMG_3403.JPG,67066,28/2/2012,Mitragyna stipulosa (DC.) Kuntze,5.07081,8.86928,50,Korup,"1ha plot korup001, tag 272",NA,NA,NA,272,korup001
IMG_3404.JPG,67066,28/2/2012,Mitragyna stipulosa (DC.) Kuntze,5.07081,8.86928,50,Korup,"1ha plot korup001, tag 272",NA,NA,NA,272,korup001
IMG_3405.JPG,66176,28/2/2012,NA,5.07081,8.86928,50,Korup,"1ha plot korup001, tag 285",9894,IRD plot,274,285,korup001
IMG_3406.JPG,66175,28/2/2012,NA,5.07081,8.86928,50,Korup,"1ha plot korup001, tag 286",9895,IRD plot,275,286,korup001
IMG_3407.JPG,66175,28/2/2012,NA,5.07081,8.86928,50,Korup,"1ha plot korup001, tag 286",9895,IRD plot,275,286,korup001
IMG_3408.JPG,66175,28/2/2012,NA,5.07081,8.86928,50,Korup,"1ha plot korup001, tag 286",9895,IRD plot,275,286,korup001
IMG_3423.JPG,66174,28/2/2012,Diogoa retivenia (S.Moore) Breteler,5.07081,8.86928,50,Korup,"1ha plot korup001, tag 306",9896,IRD plot,276,306,korup001
IMG_3424.JPG,66173,28/2/2012,Soyauxia talbotii Baker f.,5.07081,8.86928,50,Korup,"1ha plot korup001, tag 307",9897,IRD plot,277,307,korup001
IMG_3425.JPG,66172,28/2/2012,Dialium angolense Welw. ex Oliv.,5.07081,8.86928,50,Korup,"1ha plot korup001, tag 316",9898,IRD plot,278,316,korup001
IMG_3426.JPG,66171,28/2/2012,Strombosiopsis tetrandra Engl.,5.07081,8.86928,50,Korup,"1ha plot korup001, tag 317",9899,IRD plot,279,317,korup001
IMG_3428.JPG,66858,28/2/2012,NA,5.07081,8.86928,50,Korup,"1ha plot korup001, tag 370",NA,NA,NA,370,korup001
IMG_3429.JPG,66858,28/2/2012,NA,5.07081,8.86928,50,Korup,"1ha plot korup001, tag 370",NA,NA,NA,370,korup001
IMG_3430.JPG,66858,28/2/2012,NA,5.07081,8.86928,50,Korup,"1ha plot korup001, tag 370",NA,NA,NA,370,korup001
IMG_3431.JPG,66170,28/2/2012,Tabernaemontana brachyantha Stapf,5.07081,8.86928,50,Korup,"1ha plot korup001, tag 378",9900,IRD plot,280,378,korup001
IMG_3432.JPG,66170,28/2/2012,Tabernaemontana brachyantha Stapf,5.07081,8.86928,50,Korup,"1ha plot korup001, tag 378",9900,IRD plot,280,378,korup001
IMG_3433.JPG,66170,28/2/2012,Tabernaemontana brachyantha Stapf,5.07081,8.86928,50,Korup,"1ha plot korup001, tag 378",9900,IRD plot,280,378,korup001
IMG_3474.JPG,66607,28/2/2012,NA,5.07081,8.86928,50,Korup,"1ha plot korup001, tag 396",NA,NA,NA,396,korup001
IMG_3476.JPG,67016,28/2/2012,NA,5.07081,8.86928,50,Korup,"1ha plot korup001, tag 399",NA,NA,NA,399,korup001
IMG_3478.JPG,67011,28/2/2012,NA,5.07081,8.86928,50,Korup,"1ha plot korup001, tag 409",NA,NA,NA,409,korup001
IMG_3479.JPG,67010,28/2/2012,NA,5.07081,8.86928,50,Korup,"1ha plot korup001, tag 412",NA,NA,NA,412,korup001
IMG_3480.JPG,67071,28/2/2012,NA,5.07081,8.86928,50,Korup,"1ha plot korup001, tag 414",NA,NA,NA,414,korup001
IMG_3481.JPG,66169,28/2/2012,Piptostigma oyemense Pellegr.,5.07081,8.86928,50,Korup,"1ha plot korup001, tag 424",9901,IRD plot,281,424,korup001
IMG_3482.JPG,66168,28/2/2012,Rinorea oblongifolia (C.H.Wright) C.Marquand ex Chipp,5.07081,8.86928,50,Korup,"1ha plot korup001, tag 425",9902,IRD plot,282,425,korup001
IMG_3483.JPG,66419,28/2/2012,NA,5.07081,8.86928,50,Korup,"1ha plot korup001, tag 434",9895,IRD plot,275,434,korup001
IMG_3494.JPG,66608,28/2/2012,Diospyros iturensis (Gürke) Letouzey & F.White,5.07081,8.86928,50,Korup,"1ha plot korup001, tag 449",NA,NA,NA,449,korup001
IMG_3495.JPG,66166,28/2/2012,Rinorea oblongifolia (C.H.Wright) C.Marquand ex Chipp,5.07081,8.86928,50,Korup,"1ha plot korup001, tag 481",9904,IRD plot,284,481,korup001
IMG_3496.JPG,66165,28/2/2012,Antidesma vogelianum Müll.Arg.,5.07081,8.86928,50,Korup,"1ha plot korup001, tag 492",9905,IRD plot,285,492,korup001
IMG_3497.JPG,66165,28/2/2012,Antidesma vogelianum Müll.Arg.,5.07081,8.86928,50,Korup,"1ha plot korup001, tag 492",9905,IRD plot,285,492,korup001
IMG_3498.JPG,66165,28/2/2012,Antidesma vogelianum Müll.Arg.,5.07081,8.86928,50,Korup,"1ha plot korup001, tag 492",9905,IRD plot,285,492,korup001
IMG_3503.JPG,66164,28/2/2012,NA,5.07081,8.86928,50,Korup,"1ha plot korup001, tag 506",9906,IRD plot,286,506,korup001
IMG_3504.JPG,66164,28/2/2012,NA,5.07081,8.86928,50,Korup,"1ha plot korup001, tag 506",9906,IRD plot,286,506,korup001
IMG_3505.JPG,66164,28/2/2012,NA,5.07081,8.86928,50,Korup,"1ha plot korup001, tag 506",9906,IRD plot,286,506,korup001
IMG_3506.JPG,66164,28/2/2012,NA,5.07081,8.86928,50,Korup,"1ha plot korup001, tag 506",9906,IRD plot,286,506,korup001
IMG_3507.JPG,66664,28/2/2012,NA,5.07081,8.86928,50,Korup,"1ha plot korup001, tag 513",NA,NA,NA,513,korup001
IMG_3508.JPG,66664,28/2/2012,NA,5.07081,8.86928,50,Korup,"1ha plot korup001, tag 513",NA,NA,NA,513,korup001
IMG_3509.JPG,66664,28/2/2012,NA,5.07081,8.86928,50,Korup,"1ha plot korup001, tag 513",NA,NA,NA,513,korup001
IMG_3510.JPG,66664,28/2/2012,NA,5.07081,8.86928,50,Korup,"1ha plot korup001, tag 513",NA,NA,NA,513,korup001
IMG_3511.JPG,66880,28/2/2012,Corynanthe macroceras K.Schum.,5.07081,8.86928,50,Korup,"1ha plot korup001, tag 518",NA,NA,NA,518,korup001
IMG_3512.JPG,66880,28/2/2012,Corynanthe macroceras K.Schum.,5.07081,8.86928,50,Korup,"1ha plot korup001, tag 518",NA,NA,NA,518,korup001
IMG_3513.JPG,66880,28/2/2012,Corynanthe macroceras K.Schum.,5.07081,8.86928,50,Korup,"1ha plot korup001, tag 518",NA,NA,NA,518,korup001
IMG_0899.jpg,117542,10/8/2011,NA,2.37607,13.2434,50,Kumu,"1ha plot kumu002, tag 379",NA,NA,NA,379,kumu002
IMG_0900.jpg,117542,10/8/2011,NA,2.37607,13.2434,50,Kumu,"1ha plot kumu002, tag 379",NA,NA,NA,379,kumu002
IMG_0906.jpg,117241,10/8/2011,NA,2.37607,13.2434,50,Kumu,"1ha plot kumu002, tag 78",NA,NA,NA,78,kumu002
IMG_0907.jpg,117241,10/8/2011,NA,2.37607,13.2434,50,Kumu,"1ha plot kumu002, tag 78",NA,NA,NA,78,kumu002
IMG_0990.jpg,117011,10/8/2011,NA,2.3781,13.253,50,Kumu,"1ha plot kumu001, tag 184",NA,NA,NA,184,kumu001
IMG_0991.jpg,117011,10/8/2011,NA,2.3781,13.253,50,Kumu,"1ha plot kumu001, tag 184",NA,NA,NA,184,kumu001
PA210032.JPG,155439,NA/NA/NA,Streblus usambarensis (Engl.) C.C.Berg,3.04942,13.6156,50,Lomié,"1ha plot lomie004, tag 645",NA,NA,NA,645,lomie004
PA210033.JPG,155439,NA/NA/NA,Streblus usambarensis (Engl.) C.C.Berg,3.04942,13.6156,50,Lomié,"1ha plot lomie004, tag 645",NA,NA,NA,645,lomie004
PA210034.JPG,155439,NA/NA/NA,Streblus usambarensis (Engl.) C.C.Berg,3.04942,13.6156,50,Lomié,"1ha plot lomie004, tag 645",NA,NA,NA,645,lomie004
PA210035.JPG,155439,NA/NA/NA,Streblus usambarensis (Engl.) C.C.Berg,3.04942,13.6156,50,Lomié,"1ha plot lomie004, tag 645",NA,NA,NA,645,lomie004
PA210036.JPG,155439,NA/NA/NA,Streblus usambarensis (Engl.) C.C.Berg,3.04942,13.6156,50,Lomié,"1ha plot lomie004, tag 645",NA,NA,NA,645,lomie004
PA210037.JPG,155439,NA/NA/NA,Streblus usambarensis (Engl.) C.C.Berg,3.04942,13.6156,50,Lomié,"1ha plot lomie004, tag 645",NA,NA,NA,645,lomie004
PA210039.JPG,155439,NA/NA/NA,Streblus usambarensis (Engl.) C.C.Berg,3.04942,13.6156,50,Lomié,"1ha plot lomie004, tag 645",NA,NA,NA,645,lomie004
PA210040.JPG,155439,NA/NA/NA,Streblus usambarensis (Engl.) C.C.Berg,3.04942,13.6156,50,Lomié,"1ha plot lomie004, tag 645",NA,NA,NA,645,lomie004
PA210152.JPG,75099,NA/NA/NA,Desbordesia glaucescens (Engl.) Tiegh.,3.04942,13.6156,50,Lomié,"1ha plot lomie004, tag 384",NA,NA,NA,384,lomie004
PA210153.JPG,75099,NA/NA/NA,Desbordesia glaucescens (Engl.) Tiegh.,3.04942,13.6156,50,Lomié,"1ha plot lomie004, tag 384",NA,NA,NA,384,lomie004
IMG_5259.JPG,130484,18/11/2013,Drypetes cinnabarina Pax & K.Hoffm.,3.11642,13.5702,50,Lomié,"1ha plot lomie007, tag 2",10416,IRD plot,872,2,lomie007
IMG_5260.JPG,130484,18/11/2013,Drypetes cinnabarina Pax & K.Hoffm.,3.11642,13.5702,50,Lomié,"1ha plot lomie007, tag 2",10416,IRD plot,872,2,lomie007
IMG_5261.JPG,130484,18/11/2013,Drypetes cinnabarina Pax & K.Hoffm.,3.11642,13.5702,50,Lomié,"1ha plot lomie007, tag 2",10416,IRD plot,872,2,lomie007
IMG_5262.JPG,130484,18/11/2013,Drypetes cinnabarina Pax & K.Hoffm.,3.11642,13.5702,50,Lomié,"1ha plot lomie007, tag 2",10416,IRD plot,872,2,lomie007
IMG_5263.JPG,130484,18/11/2013,Drypetes cinnabarina Pax & K.Hoffm.,3.11642,13.5702,50,Lomié,"1ha plot lomie007, tag 2",10416,IRD plot,872,2,lomie007
IMG_5264.JPG,130484,18/11/2013,Drypetes cinnabarina Pax & K.Hoffm.,3.11642,13.5702,50,Lomié,"1ha plot lomie007, tag 2",10416,IRD plot,872,2,lomie007
IMG_5265.JPG,130345,18/11/2013,Angylocalyx pynaertii De Wild.,3.11642,13.5702,50,Lomié,"1ha plot lomie007, tag 30",10411,IRD plot,859,30,lomie007
IMG_5266.JPG,130345,18/11/2013,Angylocalyx pynaertii De Wild.,3.11642,13.5702,50,Lomié,"1ha plot lomie007, tag 30",10411,IRD plot,859,30,lomie007
IMG_5267.JPG,130345,18/11/2013,Angylocalyx pynaertii De Wild.,3.11642,13.5702,50,Lomié,"1ha plot lomie007, tag 30",10411,IRD plot,859,30,lomie007
IMG_5268.JPG,130345,18/11/2013,Angylocalyx pynaertii De Wild.,3.11642,13.5702,50,Lomié,"1ha plot lomie007, tag 30",10411,IRD plot,859,30,lomie007
IMG_5269.JPG,130345,18/11/2013,Angylocalyx pynaertii De Wild.,3.11642,13.5702,50,Lomié,"1ha plot lomie007, tag 30",10411,IRD plot,859,30,lomie007
IMG_5270.JPG,130345,18/11/2013,Angylocalyx pynaertii De Wild.,3.11642,13.5702,50,Lomié,"1ha plot lomie007, tag 30",10411,IRD plot,859,30,lomie007
IMG_5271.JPG,130450,18/11/2013,Plagiostyles africana (Müll.Arg.) Prain,3.11642,13.5702,50,Lomié,"1ha plot lomie007, tag 31",10401,IRD plot,865,31,lomie007
IMG_5272.JPG,130450,18/11/2013,Plagiostyles africana (Müll.Arg.) Prain,3.11642,13.5702,50,Lomié,"1ha plot lomie007, tag 31",10401,IRD plot,865,31,lomie007
IMG_5273.JPG,130450,18/11/2013,Plagiostyles africana (Müll.Arg.) Prain,3.11642,13.5702,50,Lomié,"1ha plot lomie007, tag 31",10401,IRD plot,865,31,lomie007
IMG_5274.JPG,130450,18/11/2013,Plagiostyles africana (Müll.Arg.) Prain,3.11642,13.5702,50,Lomié,"1ha plot lomie007, tag 31",10401,IRD plot,865,31,lomie007
IMG_5275.JPG,131002,18/11/2013,Santiria trimera (Oliv.) Aubrév.,3.11642,13.5702,50,Lomié,"1ha plot lomie007, tag 39",10397,IRD plot,861,39,lomie007
IMG_5276.JPG,131002,18/11/2013,Santiria trimera (Oliv.) Aubrév.,3.11642,13.5702,50,Lomié,"1ha plot lomie007, tag 39",10397,IRD plot,861,39,lomie007
IMG_5277.JPG,131002,18/11/2013,Santiria trimera (Oliv.) Aubrév.,3.11642,13.5702,50,Lomié,"1ha plot lomie007, tag 39",10397,IRD plot,861,39,lomie007
IMG_5278.JPG,131002,18/11/2013,Santiria trimera (Oliv.) Aubrév.,3.11642,13.5702,50,Lomié,"1ha plot lomie007, tag 39",10397,IRD plot,861,39,lomie007
IMG_5279.JPG,130481,18/11/2013,Diospyros simulans F.White,3.11642,13.5702,50,Lomié,"1ha plot lomie007, tag 36",10417,IRD plot,873,36,lomie007
IMG_5280.JPG,130481,18/11/2013,Diospyros simulans F.White,3.11642,13.5702,50,Lomié,"1ha plot lomie007, tag 36",10417,IRD plot,873,36,lomie007
IMG_5281.JPG,130481,18/11/2013,Diospyros simulans F.White,3.11642,13.5702,50,Lomié,"1ha plot lomie007, tag 36",10417,IRD plot,873,36,lomie007
IMG_5282.JPG,130481,18/11/2013,Diospyros simulans F.White,3.11642,13.5702,50,Lomié,"1ha plot lomie007, tag 36",10417,IRD plot,873,36,lomie007
IMG_5283.JPG,130481,18/11/2013,Diospyros simulans F.White,3.11642,13.5702,50,Lomié,"1ha plot lomie007, tag 36",10417,IRD plot,873,36,lomie007
IMG_5284.JPG,130856,18/11/2013,Heisteria parvifolia Sm.,3.11642,13.5702,50,Lomié,"1ha plot lomie007, tag 43",10414,IRD plot,870,43,lomie007
IMG_5285.JPG,130856,18/11/2013,Heisteria parvifolia Sm.,3.11642,13.5702,50,Lomié,"1ha plot lomie007, tag 43",10414,IRD plot,870,43,lomie007
IMG_5286.JPG,130856,18/11/2013,Heisteria parvifolia Sm.,3.11642,13.5702,50,Lomié,"1ha plot lomie007, tag 43",10414,IRD plot,870,43,lomie007
IMG_5287.JPG,130856,18/11/2013,Heisteria parvifolia Sm.,3.11642,13.5702,50,Lomié,"1ha plot lomie007, tag 43",10414,IRD plot,870,43,lomie007
IMG_5288.JPG,130856,18/11/2013,Heisteria parvifolia Sm.,3.11642,13.5702,50,Lomié,"1ha plot lomie007, tag 43",10414,IRD plot,870,43,lomie007
IMG_5289.JPG,130385,18/11/2013,Rhabdophyllum calophyllum (Hook.f.) Tiegh.,3.11642,13.5702,50,Lomié,"1ha plot lomie007, tag 45",10399,IRD plot,863,45,lomie007
IMG_5290.JPG,130385,18/11/2013,Rhabdophyllum calophyllum (Hook.f.) Tiegh.,3.11642,13.5702,50,Lomié,"1ha plot lomie007, tag 45",10399,IRD plot,863,45,lomie007
IMG_5291.JPG,130385,18/11/2013,Rhabdophyllum calophyllum (Hook.f.) Tiegh.,3.11642,13.5702,50,Lomié,"1ha plot lomie007, tag 45",10399,IRD plot,863,45,lomie007
IMG_5292.JPG,130385,18/11/2013,Rhabdophyllum calophyllum (Hook.f.) Tiegh.,3.11642,13.5702,50,Lomié,"1ha plot lomie007, tag 45",10399,IRD plot,863,45,lomie007
IMG_5293.JPG,130385,18/11/2013,Rhabdophyllum calophyllum (Hook.f.) Tiegh.,3.11642,13.5702,50,Lomié,"1ha plot lomie007, tag 45",10399,IRD plot,863,45,lomie007
IMG_5294.JPG,130385,18/11/2013,Rhabdophyllum calophyllum (Hook.f.) Tiegh.,3.11642,13.5702,50,Lomié,"1ha plot lomie007, tag 45",10399,IRD plot,863,45,lomie007
IMG_5295.JPG,130385,18/11/2013,Rhabdophyllum calophyllum (Hook.f.) Tiegh.,3.11642,13.5702,50,Lomié,"1ha plot lomie007, tag 45",10399,IRD plot,863,45,lomie007
IMG_5296.JPG,130385,18/11/2013,Rhabdophyllum calophyllum (Hook.f.) Tiegh.,3.11642,13.5702,50,Lomié,"1ha plot lomie007, tag 45",10399,IRD plot,863,45,lomie007
IMG_5297.JPG,130385,18/11/2013,Rhabdophyllum calophyllum (Hook.f.) Tiegh.,3.11642,13.5702,50,Lomié,"1ha plot lomie007, tag 45",10399,IRD plot,863,45,lomie007
IMG_5298.JPG,130370,18/11/2013,Aidia micrantha (K.Schum.) Bullock ex F.White,3.11642,13.5702,50,Lomié,"1ha plot lomie007, tag 56",10400,IRD plot,864,56,lomie007
IMG_5299.JPG,130370,18/11/2013,Aidia micrantha (K.Schum.) Bullock ex F.White,3.11642,13.5702,50,Lomié,"1ha plot lomie007, tag 56",10400,IRD plot,864,56,lomie007
IMG_5300.JPG,130370,18/11/2013,Aidia micrantha (K.Schum.) Bullock ex F.White,3.11642,13.5702,50,Lomié,"1ha plot lomie007, tag 56",10400,IRD plot,864,56,lomie007
IMG_5301.JPG,130370,18/11/2013,Aidia micrantha (K.Schum.) Bullock ex F.White,3.11642,13.5702,50,Lomié,"1ha plot lomie007, tag 56",10400,IRD plot,864,56,lomie007
IMG_5302.JPG,130972,18/11/2013,Aidia ochroleuca (K.Schum.) E.M.A.Petit,3.11642,13.5702,50,Lomié,"1ha plot lomie007, tag 64",10402,IRD plot,866,64,lomie007
IMG_5303.JPG,130972,18/11/2013,Aidia ochroleuca (K.Schum.) E.M.A.Petit,3.11642,13.5702,50,Lomié,"1ha plot lomie007, tag 64",10402,IRD plot,866,64,lomie007
IMG_5304.JPG,130972,18/11/2013,Aidia ochroleuca (K.Schum.) E.M.A.Petit,3.11642,13.5702,50,Lomié,"1ha plot lomie007, tag 64",10402,IRD plot,866,64,lomie007
IMG_5305.JPG,130972,18/11/2013,Aidia ochroleuca (K.Schum.) E.M.A.Petit,3.11642,13.5702,50,Lomié,"1ha plot lomie007, tag 64",10402,IRD plot,866,64,lomie007
IMG_5306.JPG,130914,18/11/2013,NA,3.11642,13.5702,50,Lomié,"1ha plot lomie007, tag 81",10398,IRD plot,862,81,lomie007
IMG_5307.JPG,130914,18/11/2013,NA,3.11642,13.5702,50,Lomié,"1ha plot lomie007, tag 81",10398,IRD plot,862,81,lomie007
IMG_5308.JPG,130914,18/11/2013,NA,3.11642,13.5702,50,Lomié,"1ha plot lomie007, tag 81",10398,IRD plot,862,81,lomie007
IMG_5309.JPG,130914,18/11/2013,NA,3.11642,13.5702,50,Lomié,"1ha plot lomie007, tag 81",10398,IRD plot,862,81,lomie007
IMG_5310.JPG,130914,18/11/2013,NA,3.11642,13.5702,50,Lomié,"1ha plot lomie007, tag 81",10398,IRD plot,862,81,lomie007
IMG_5311.JPG,130914,18/11/2013,NA,3.11642,13.5702,50,Lomié,"1ha plot lomie007, tag 81",10398,IRD plot,862,81,lomie007
IMG_5312.JPG,130914,18/11/2013,NA,3.11642,13.5702,50,Lomié,"1ha plot lomie007, tag 81",10398,IRD plot,862,81,lomie007
IMG_5313.JPG,130914,18/11/2013,NA,3.11642,13.5702,50,Lomié,"1ha plot lomie007, tag 81",10398,IRD plot,862,81,lomie007
IMG_5314.JPG,130913,18/11/2013,Irvingia grandifolia (Engl.) Engl.,3.11642,13.5702,50,Lomié,"1ha plot lomie007, tag 110",10413,IRD plot,869,110,lomie007
IMG_5315.JPG,130913,18/11/2013,Irvingia grandifolia (Engl.) Engl.,3.11642,13.5702,50,Lomié,"1ha plot lomie007, tag 110",10413,IRD plot,869,110,lomie007
IMG_5316.JPG,130913,18/11/2013,Irvingia grandifolia (Engl.) Engl.,3.11642,13.5702,50,Lomié,"1ha plot lomie007, tag 110",10413,IRD plot,869,110,lomie007
IMG_5317.JPG,130913,18/11/2013,Irvingia grandifolia (Engl.) Engl.,3.11642,13.5702,50,Lomié,"1ha plot lomie007, tag 110",10413,IRD plot,869,110,lomie007
IMG_5318.JPG,130346,18/11/2013,Angylocalyx pynaertii De Wild.,3.11642,13.5702,50,Lomié,"1ha plot lomie007, tag 117",10412,IRD plot,860,117,lomie007
IMG_5319.JPG,130346,18/11/2013,Angylocalyx pynaertii De Wild.,3.11642,13.5702,50,Lomié,"1ha plot lomie007, tag 117",10412,IRD plot,860,117,lomie007
IMG_5320.JPG,130346,18/11/2013,Angylocalyx pynaertii De Wild.,3.11642,13.5702,50,Lomié,"1ha plot lomie007, tag 117",10412,IRD plot,860,117,lomie007
IMG_5321.JPG,130876,18/11/2013,Tridesmostemon omphalocarpoides Engl.,3.11642,13.5702,50,Lomié,"1ha plot lomie007, tag 144",10415,IRD plot,871,144,lomie007
IMG_5322.JPG,130876,18/11/2013,Tridesmostemon omphalocarpoides Engl.,3.11642,13.5702,50,Lomié,"1ha plot lomie007, tag 144",10415,IRD plot,871,144,lomie007
IMG_5323.JPG,130876,18/11/2013,Tridesmostemon omphalocarpoides Engl.,3.11642,13.5702,50,Lomié,"1ha plot lomie007, tag 144",10415,IRD plot,871,144,lomie007
IMG_5324.JPG,130876,18/11/2013,Tridesmostemon omphalocarpoides Engl.,3.11642,13.5702,50,Lomié,"1ha plot lomie007, tag 144",10415,IRD plot,871,144,lomie007
IMG_5325.JPG,130876,18/11/2013,Tridesmostemon omphalocarpoides Engl.,3.11642,13.5702,50,Lomié,"1ha plot lomie007, tag 144",10415,IRD plot,871,144,lomie007
IMG_5326.JPG,130876,18/11/2013,Tridesmostemon omphalocarpoides Engl.,3.11642,13.5702,50,Lomié,"1ha plot lomie007, tag 144",10415,IRD plot,871,144,lomie007
IMG_5327.JPG,130876,18/11/2013,Tridesmostemon omphalocarpoides Engl.,3.11642,13.5702,50,Lomié,"1ha plot lomie007, tag 144",10415,IRD plot,871,144,lomie007
IMG_5328.JPG,130876,18/11/2013,Tridesmostemon omphalocarpoides Engl.,3.11642,13.5702,50,Lomié,"1ha plot lomie007, tag 144",10415,IRD plot,871,144,lomie007
IMG_5329.JPG,130876,18/11/2013,Tridesmostemon omphalocarpoides Engl.,3.11642,13.5702,50,Lomié,"1ha plot lomie007, tag 144",10415,IRD plot,871,144,lomie007
IMG_5330.JPG,130876,18/11/2013,Tridesmostemon omphalocarpoides Engl.,3.11642,13.5702,50,Lomié,"1ha plot lomie007, tag 144",10415,IRD plot,871,144,lomie007
IMG_5331.JPG,130876,18/11/2013,Tridesmostemon omphalocarpoides Engl.,3.11642,13.5702,50,Lomié,"1ha plot lomie007, tag 144",10415,IRD plot,871,144,lomie007
IMG_5332.JPG,130876,18/11/2013,Tridesmostemon omphalocarpoides Engl.,3.11642,13.5702,50,Lomié,"1ha plot lomie007, tag 144",10415,IRD plot,871,144,lomie007
IMG_5333.JPG,130876,18/11/2013,Tridesmostemon omphalocarpoides Engl.,3.11642,13.5702,50,Lomié,"1ha plot lomie007, tag 144",10415,IRD plot,871,144,lomie007
IMG_5334.JPG,130898,18/11/2013,Irvingia gabonensis (Aubry-Lecomte ex O'Rorke) Baill.,3.11642,13.5702,50,Lomié,"1ha plot lomie007, tag 148",10404,IRD plot,868,148,lomie007
IMG_5335.JPG,130898,18/11/2013,Irvingia gabonensis (Aubry-Lecomte ex O'Rorke) Baill.,3.11642,13.5702,50,Lomié,"1ha plot lomie007, tag 148",10404,IRD plot,868,148,lomie007
IMG_5336.JPG,130898,18/11/2013,Irvingia gabonensis (Aubry-Lecomte ex O'Rorke) Baill.,3.11642,13.5702,50,Lomié,"1ha plot lomie007, tag 148",10404,IRD plot,868,148,lomie007
IMG_5337.JPG,130898,18/11/2013,Irvingia gabonensis (Aubry-Lecomte ex O'Rorke) Baill.,3.11642,13.5702,50,Lomié,"1ha plot lomie007, tag 148",10404,IRD plot,868,148,lomie007
IMG_5338.JPG,130947,18/11/2013,Quassia gabonensis Pierre,3.11642,13.5702,50,Lomié,"1ha plot lomie007, tag 150",10403,IRD plot,867,150,lomie007
IMG_5339.JPG,130947,18/11/2013,Quassia gabonensis Pierre,3.11642,13.5702,50,Lomié,"1ha plot lomie007, tag 150",10403,IRD plot,867,150,lomie007
IMG_5340.JPG,130947,18/11/2013,Quassia gabonensis Pierre,3.11642,13.5702,50,Lomié,"1ha plot lomie007, tag 150",10403,IRD plot,867,150,lomie007
IMG_5341.JPG,130947,18/11/2013,Quassia gabonensis Pierre,3.11642,13.5702,50,Lomié,"1ha plot lomie007, tag 150",10403,IRD plot,867,150,lomie007
IMG_5342.JPG,130947,18/11/2013,Quassia gabonensis Pierre,3.11642,13.5702,50,Lomié,"1ha plot lomie007, tag 150",10403,IRD plot,867,150,lomie007
IMG_5343.JPG,130412,18/11/2013,Coelocaryon preussii Warb.,3.11642,13.5702,50,Lomié,"1ha plot lomie007, tag 162",10430,IRD plot,887,162,lomie007
IMG_5344.JPG,130412,18/11/2013,Coelocaryon preussii Warb.,3.11642,13.5702,50,Lomié,"1ha plot lomie007, tag 162",10430,IRD plot,887,162,lomie007
IMG_5345.JPG,130412,18/11/2013,Coelocaryon preussii Warb.,3.11642,13.5702,50,Lomié,"1ha plot lomie007, tag 162",10430,IRD plot,887,162,lomie007
IMG_5346.JPG,130412,18/11/2013,Coelocaryon preussii Warb.,3.11642,13.5702,50,Lomié,"1ha plot lomie007, tag 162",10430,IRD plot,887,162,lomie007
IMG_5347.JPG,130412,18/11/2013,Coelocaryon preussii Warb.,3.11642,13.5702,50,Lomié,"1ha plot lomie007, tag 162",10430,IRD plot,887,162,lomie007
IMG_5348.JPG,130412,18/11/2013,Coelocaryon preussii Warb.,3.11642,13.5702,50,Lomié,"1ha plot lomie007, tag 162",10430,IRD plot,887,162,lomie007
IMG_5349.JPG,130412,18/11/2013,Coelocaryon preussii Warb.,3.11642,13.5702,50,Lomié,"1ha plot lomie007, tag 162",10430,IRD plot,887,162,lomie007
IMG_5350.JPG,130412,18/11/2013,Coelocaryon preussii Warb.,3.11642,13.5702,50,Lomié,"1ha plot lomie007, tag 162",10430,IRD plot,887,162,lomie007
IMG_5351.JPG,130371,18/11/2013,Aidia micrantha (K.Schum.) Bullock ex F.White,3.11642,13.5702,50,Lomié,"1ha plot lomie007, tag 173",10421,IRD plot,877,173,lomie007
IMG_5352.JPG,130371,18/11/2013,Aidia micrantha (K.Schum.) Bullock ex F.White,3.11642,13.5702,50,Lomié,"1ha plot lomie007, tag 173",10421,IRD plot,877,173,lomie007
IMG_5353.JPG,130371,18/11/2013,Aidia micrantha (K.Schum.) Bullock ex F.White,3.11642,13.5702,50,Lomié,"1ha plot lomie007, tag 173",10421,IRD plot,877,173,lomie007
IMG_5354.JPG,130371,18/11/2013,Aidia micrantha (K.Schum.) Bullock ex F.White,3.11642,13.5702,50,Lomié,"1ha plot lomie007, tag 173",10421,IRD plot,877,173,lomie007
IMG_5355.JPG,130371,18/11/2013,Aidia micrantha (K.Schum.) Bullock ex F.White,3.11642,13.5702,50,Lomié,"1ha plot lomie007, tag 173",10421,IRD plot,877,173,lomie007
IMG_5356.JPG,130380,18/11/2013,Lepidobotrys staudtii Engl.,3.11642,13.5702,50,Lomié,"1ha plot lomie007, tag 175",10429,IRD plot,886,175,lomie007
IMG_5357.JPG,130380,18/11/2013,Lepidobotrys staudtii Engl.,3.11642,13.5702,50,Lomié,"1ha plot lomie007, tag 175",10429,IRD plot,886,175,lomie007
IMG_5358.JPG,130380,18/11/2013,Lepidobotrys staudtii Engl.,3.11642,13.5702,50,Lomié,"1ha plot lomie007, tag 175",10429,IRD plot,886,175,lomie007
IMG_5359.JPG,130380,18/11/2013,Lepidobotrys staudtii Engl.,3.11642,13.5702,50,Lomié,"1ha plot lomie007, tag 175",10429,IRD plot,886,175,lomie007
IMG_5360.JPG,131090,18/11/2013,Treculia obovoidea N.E.Br.,3.11642,13.5702,50,Lomié,"1ha plot lomie007, tag 218",10420,IRD plot,876,218,lomie007
IMG_5361.JPG,131090,18/11/2013,Treculia obovoidea N.E.Br.,3.11642,13.5702,50,Lomié,"1ha plot lomie007, tag 218",10420,IRD plot,876,218,lomie007
IMG_5362.JPG,131090,18/11/2013,Treculia obovoidea N.E.Br.,3.11642,13.5702,50,Lomié,"1ha plot lomie007, tag 218",10420,IRD plot,876,218,lomie007
IMG_5363.JPG,131090,18/11/2013,Treculia obovoidea N.E.Br.,3.11642,13.5702,50,Lomié,"1ha plot lomie007, tag 218",10420,IRD plot,876,218,lomie007
IMG_5364.JPG,131090,18/11/2013,Treculia obovoidea N.E.Br.,3.11642,13.5702,50,Lomié,"1ha plot lomie007, tag 218",10420,IRD plot,876,218,lomie007
IMG_5365.JPG,131090,18/11/2013,Treculia obovoidea N.E.Br.,3.11642,13.5702,50,Lomié,"1ha plot lomie007, tag 218",10420,IRD plot,876,218,lomie007
IMG_5366.JPG,131090,18/11/2013,Treculia obovoidea N.E.Br.,3.11642,13.5702,50,Lomié,"1ha plot lomie007, tag 218",10420,IRD plot,876,218,lomie007
IMG_5367.JPG,131090,18/11/2013,Treculia obovoidea N.E.Br.,3.11642,13.5702,50,Lomié,"1ha plot lomie007, tag 218",10420,IRD plot,876,218,lomie007
IMG_5368.JPG,131090,18/11/2013,Treculia obovoidea N.E.Br.,3.11642,13.5702,50,Lomié,"1ha plot lomie007, tag 218",10420,IRD plot,876,218,lomie007
IMG_5369.JPG,131090,18/11/2013,Treculia obovoidea N.E.Br.,3.11642,13.5702,50,Lomié,"1ha plot lomie007, tag 218",10420,IRD plot,876,218,lomie007
IMG_5370.JPG,131021,18/11/2013,Drypetes arborescens (Oliv.) Hutch.,3.11642,13.5702,50,Lomié,"1ha plot lomie007, tag 235",10427,IRD plot,884,235,lomie007
IMG_5371.JPG,131021,18/11/2013,Drypetes arborescens (Oliv.) Hutch.,3.11642,13.5702,50,Lomié,"1ha plot lomie007, tag 235",10427,IRD plot,884,235,lomie007
IMG_5372.JPG,131021,18/11/2013,Drypetes arborescens (Oliv.) Hutch.,3.11642,13.5702,50,Lomié,"1ha plot lomie007, tag 235",10427,IRD plot,884,235,lomie007
IMG_5373.JPG,131079,18/11/2013,NA,3.11642,13.5702,50,Lomié,"1ha plot lomie007, tag 256",10425,IRD plot,882,256,lomie007
IMG_5374.JPG,131079,18/11/2013,NA,3.11642,13.5702,50,Lomié,"1ha plot lomie007, tag 256",10425,IRD plot,882,256,lomie007
IMG_5375.JPG,131079,18/11/2013,NA,3.11642,13.5702,50,Lomié,"1ha plot lomie007, tag 256",10425,IRD plot,882,256,lomie007
IMG_5376.JPG,131079,18/11/2013,NA,3.11642,13.5702,50,Lomié,"1ha plot lomie007, tag 256",10425,IRD plot,882,256,lomie007
IMG_5377.JPG,131079,18/11/2013,NA,3.11642,13.5702,50,Lomié,"1ha plot lomie007, tag 256",10425,IRD plot,882,256,lomie007
IMG_5378.JPG,131079,18/11/2013,NA,3.11642,13.5702,50,Lomié,"1ha plot lomie007, tag 256",10425,IRD plot,882,256,lomie007
IMG_5379.JPG,131079,18/11/2013,NA,3.11642,13.5702,50,Lomié,"1ha plot lomie007, tag 256",10425,IRD plot,882,256,lomie007
IMG_5380.JPG,130841,18/11/2013,NA,3.11642,13.5702,50,Lomié,"1ha plot lomie007, tag 280",10424,IRD plot,881,280,lomie007
IMG_5381.JPG,130841,18/11/2013,NA,3.11642,13.5702,50,Lomié,"1ha plot lomie007, tag 280",10424,IRD plot,881,280,lomie007
IMG_5382.JPG,130841,18/11/2013,NA,3.11642,13.5702,50,Lomié,"1ha plot lomie007, tag 280",10424,IRD plot,881,280,lomie007
IMG_5383.JPG,130841,18/11/2013,NA,3.11642,13.5702,50,Lomié,"1ha plot lomie007, tag 280",10424,IRD plot,881,280,lomie007
IMG_5384.JPG,130447,18/11/2013,NA,3.11642,13.5702,50,Lomié,"1ha plot lomie007, tag 307",10428,IRD plot,885,307,lomie007
IMG_5385.JPG,130447,18/11/2013,NA,3.11642,13.5702,50,Lomié,"1ha plot lomie007, tag 307",10428,IRD plot,885,307,lomie007
IMG_5386.JPG,130447,18/11/2013,NA,3.11642,13.5702,50,Lomié,"1ha plot lomie007, tag 307",10428,IRD plot,885,307,lomie007
IMG_5387.JPG,130447,18/11/2013,NA,3.11642,13.5702,50,Lomié,"1ha plot lomie007, tag 307",10428,IRD plot,885,307,lomie007
IMG_5388.JPG,131022,18/11/2013,Drypetes arborescens (Oliv.) Hutch.,3.11642,13.5702,50,Lomié,"1ha plot lomie007, tag 321",10426,IRD plot,883,321,lomie007
IMG_5389.JPG,131022,18/11/2013,Drypetes arborescens (Oliv.) Hutch.,3.11642,13.5702,50,Lomié,"1ha plot lomie007, tag 321",10426,IRD plot,883,321,lomie007
IMG_5390.JPG,131022,18/11/2013,Drypetes arborescens (Oliv.) Hutch.,3.11642,13.5702,50,Lomié,"1ha plot lomie007, tag 321",10426,IRD plot,883,321,lomie007
IMG_5391.JPG,130883,18/11/2013,Drypetes laciniata (Pax) Hutch.,3.11642,13.5702,50,Lomié,"1ha plot lomie007, tag 353",10419,IRD plot,875,353,lomie007
IMG_5392.JPG,130883,18/11/2013,Drypetes laciniata (Pax) Hutch.,3.11642,13.5702,50,Lomié,"1ha plot lomie007, tag 353",10419,IRD plot,875,353,lomie007
IMG_5393.JPG,130883,18/11/2013,Drypetes laciniata (Pax) Hutch.,3.11642,13.5702,50,Lomié,"1ha plot lomie007, tag 353",10419,IRD plot,875,353,lomie007
IMG_5394.JPG,130943,18/11/2013,Drypetes staudtii (Pax) Hutch.,3.11642,13.5702,50,Lomié,"1ha plot lomie007, tag 366",10418,IRD plot,874,366,lomie007
IMG_5395.JPG,130943,18/11/2013,Drypetes staudtii (Pax) Hutch.,3.11642,13.5702,50,Lomié,"1ha plot lomie007, tag 366",10418,IRD plot,874,366,lomie007
IMG_5396.JPG,130943,18/11/2013,Drypetes staudtii (Pax) Hutch.,3.11642,13.5702,50,Lomié,"1ha plot lomie007, tag 366",10418,IRD plot,874,366,lomie007
IMG_5397.JPG,130943,18/11/2013,Drypetes staudtii (Pax) Hutch.,3.11642,13.5702,50,Lomié,"1ha plot lomie007, tag 366",10418,IRD plot,874,366,lomie007
IMG_5398.JPG,130943,18/11/2013,Drypetes staudtii (Pax) Hutch.,3.11642,13.5702,50,Lomié,"1ha plot lomie007, tag 366",10418,IRD plot,874,366,lomie007
IMG_5399.JPG,130943,18/11/2013,Drypetes staudtii (Pax) Hutch.,3.11642,13.5702,50,Lomié,"1ha plot lomie007, tag 366",10418,IRD plot,874,366,lomie007
IMG_5400.JPG,131119,18/11/2013,Treculia africana Decne.,3.11642,13.5702,50,Lomié,"1ha plot lomie007, tag 370",10422,IRD plot,878,370,lomie007
IMG_5401.JPG,131119,18/11/2013,Treculia africana Decne.,3.11642,13.5702,50,Lomié,"1ha plot lomie007, tag 370",10422,IRD plot,878,370,lomie007
IMG_5402.JPG,131119,18/11/2013,Treculia africana Decne.,3.11642,13.5702,50,Lomié,"1ha plot lomie007, tag 370",10422,IRD plot,878,370,lomie007
IMG_5403.JPG,130928,18/11/2013,Lasiodiscus mannii Hook.f.,3.11642,13.5702,50,Lomié,"1ha plot lomie007, tag 393",10423,IRD plot,879,393,lomie007
IMG_5404.JPG,130928,18/11/2013,Lasiodiscus mannii Hook.f.,3.11642,13.5702,50,Lomié,"1ha plot lomie007, tag 393",10423,IRD plot,879,393,lomie007
IMG_5405.JPG,130928,18/11/2013,Lasiodiscus mannii Hook.f.,3.11642,13.5702,50,Lomié,"1ha plot lomie007, tag 393",10423,IRD plot,879,393,lomie007
IMG_5406.JPG,130928,18/11/2013,Lasiodiscus mannii Hook.f.,3.11642,13.5702,50,Lomié,"1ha plot lomie007, tag 393",10423,IRD plot,879,393,lomie007
IMG_5407.JPG,130928,18/11/2013,Lasiodiscus mannii Hook.f.,3.11642,13.5702,50,Lomié,"1ha plot lomie007, tag 393",10423,IRD plot,879,393,lomie007
IMG_5408.JPG,130496,18/11/2013,Erismadelphus sessilis Keay & Stapf,3.11642,13.5702,50,Lomié,"1ha plot lomie007, tag 187",10410,IRD plot,858,187,lomie007
IMG_5409.JPG,130496,18/11/2013,Erismadelphus sessilis Keay & Stapf,3.11642,13.5702,50,Lomié,"1ha plot lomie007, tag 187",10410,IRD plot,858,187,lomie007
IMG_5410.JPG,130496,18/11/2013,Erismadelphus sessilis Keay & Stapf,3.11642,13.5702,50,Lomié,"1ha plot lomie007, tag 187",10410,IRD plot,858,187,lomie007
IMG_5411.JPG,130496,18/11/2013,Erismadelphus sessilis Keay & Stapf,3.11642,13.5702,50,Lomié,"1ha plot lomie007, tag 187",10410,IRD plot,858,187,lomie007
IMG_5412.JPG,131020,18/11/2013,Drypetes ituriensis Pax & K.Hoffm.,3.11289,13.5774,50,Lomié,"1ha plot lomie008, tag 31",10431,IRD plot,888,31,lomie008
IMG_5413.JPG,131020,18/11/2013,Drypetes ituriensis Pax & K.Hoffm.,3.11289,13.5774,50,Lomié,"1ha plot lomie008, tag 31",10431,IRD plot,888,31,lomie008
IMG_5414.JPG,131020,18/11/2013,Drypetes ituriensis Pax & K.Hoffm.,3.11289,13.5774,50,Lomié,"1ha plot lomie008, tag 31",10431,IRD plot,888,31,lomie008
IMG_5415.JPG,131020,18/11/2013,Drypetes ituriensis Pax & K.Hoffm.,3.11289,13.5774,50,Lomié,"1ha plot lomie008, tag 31",10431,IRD plot,888,31,lomie008
IMG_5416.JPG,130525,18/11/2013,Gilbertiodendron diphyllum (Harms) Estrella & Devesa,3.11289,13.5774,50,Lomié,"1ha plot lomie008, tag 35",10435,IRD plot,892,35,lomie008
IMG_5417.JPG,130525,18/11/2013,Gilbertiodendron diphyllum (Harms) Estrella & Devesa,3.11289,13.5774,50,Lomié,"1ha plot lomie008, tag 35",10435,IRD plot,892,35,lomie008
IMG_5418.JPG,130525,18/11/2013,Gilbertiodendron diphyllum (Harms) Estrella & Devesa,3.11289,13.5774,50,Lomié,"1ha plot lomie008, tag 35",10435,IRD plot,892,35,lomie008
IMG_5419.JPG,130525,18/11/2013,Gilbertiodendron diphyllum (Harms) Estrella & Devesa,3.11289,13.5774,50,Lomié,"1ha plot lomie008, tag 35",10435,IRD plot,892,35,lomie008
IMG_5420.JPG,130525,18/11/2013,Gilbertiodendron diphyllum (Harms) Estrella & Devesa,3.11289,13.5774,50,Lomié,"1ha plot lomie008, tag 35",10435,IRD plot,892,35,lomie008
IMG_5421.JPG,130525,18/11/2013,Gilbertiodendron diphyllum (Harms) Estrella & Devesa,3.11289,13.5774,50,Lomié,"1ha plot lomie008, tag 35",10435,IRD plot,892,35,lomie008
IMG_5422.JPG,130525,18/11/2013,Gilbertiodendron diphyllum (Harms) Estrella & Devesa,3.11289,13.5774,50,Lomié,"1ha plot lomie008, tag 35",10435,IRD plot,892,35,lomie008
IMG_5423.JPG,130525,18/11/2013,Gilbertiodendron diphyllum (Harms) Estrella & Devesa,3.11289,13.5774,50,Lomié,"1ha plot lomie008, tag 35",10435,IRD plot,892,35,lomie008
IMG_5424.JPG,130525,18/11/2013,Gilbertiodendron diphyllum (Harms) Estrella & Devesa,3.11289,13.5774,50,Lomié,"1ha plot lomie008, tag 35",10435,IRD plot,892,35,lomie008
IMG_5425.JPG,130525,18/11/2013,Gilbertiodendron diphyllum (Harms) Estrella & Devesa,3.11289,13.5774,50,Lomié,"1ha plot lomie008, tag 35",10435,IRD plot,892,35,lomie008
IMG_5426.JPG,130969,18/11/2013,Aidia ochroleuca (K.Schum.) E.M.A.Petit,3.11289,13.5774,50,Lomié,"1ha plot lomie008, tag 84",10434,IRD plot,891,84,lomie008
IMG_5427.JPG,130969,18/11/2013,Aidia ochroleuca (K.Schum.) E.M.A.Petit,3.11289,13.5774,50,Lomié,"1ha plot lomie008, tag 84",10434,IRD plot,891,84,lomie008
IMG_5428.JPG,130969,18/11/2013,Aidia ochroleuca (K.Schum.) E.M.A.Petit,3.11289,13.5774,50,Lomié,"1ha plot lomie008, tag 84",10434,IRD plot,891,84,lomie008
IMG_5429.JPG,130969,18/11/2013,Aidia ochroleuca (K.Schum.) E.M.A.Petit,3.11289,13.5774,50,Lomié,"1ha plot lomie008, tag 84",10434,IRD plot,891,84,lomie008
IMG_5430.JPG,130969,18/11/2013,Aidia ochroleuca (K.Schum.) E.M.A.Petit,3.11289,13.5774,50,Lomié,"1ha plot lomie008, tag 84",10434,IRD plot,891,84,lomie008
IMG_5431.JPG,130969,18/11/2013,Aidia ochroleuca (K.Schum.) E.M.A.Petit,3.11289,13.5774,50,Lomié,"1ha plot lomie008, tag 84",10434,IRD plot,891,84,lomie008
IMG_5432.JPG,130969,18/11/2013,Aidia ochroleuca (K.Schum.) E.M.A.Petit,3.11289,13.5774,50,Lomié,"1ha plot lomie008, tag 84",10434,IRD plot,891,84,lomie008
IMG_5433.JPG,130969,18/11/2013,Aidia ochroleuca (K.Schum.) E.M.A.Petit,3.11289,13.5774,50,Lomié,"1ha plot lomie008, tag 84",10434,IRD plot,891,84,lomie008
IMG_5434.JPG,130377,18/11/2013,Aidia ochroleuca (K.Schum.) E.M.A.Petit,3.11289,13.5774,50,Lomié,"1ha plot lomie008, tag 89",10433,IRD plot,890,89,lomie008
IMG_5435.JPG,130377,18/11/2013,Aidia ochroleuca (K.Schum.) E.M.A.Petit,3.11289,13.5774,50,Lomié,"1ha plot lomie008, tag 89",10433,IRD plot,890,89,lomie008
IMG_5436.JPG,130377,18/11/2013,Aidia ochroleuca (K.Schum.) E.M.A.Petit,3.11289,13.5774,50,Lomié,"1ha plot lomie008, tag 89",10433,IRD plot,890,89,lomie008
IMG_5437.JPG,130377,18/11/2013,Aidia ochroleuca (K.Schum.) E.M.A.Petit,3.11289,13.5774,50,Lomié,"1ha plot lomie008, tag 89",10433,IRD plot,890,89,lomie008
IMG_5438.JPG,130377,18/11/2013,Aidia ochroleuca (K.Schum.) E.M.A.Petit,3.11289,13.5774,50,Lomié,"1ha plot lomie008, tag 89",10433,IRD plot,890,89,lomie008
IMG_5439.JPG,130995,18/11/2013,NA,3.11289,13.5774,50,Lomié,"1ha plot lomie008, tag 287",10432,IRD plot,889,287,lomie008
IMG_5440.JPG,130995,18/11/2013,NA,3.11289,13.5774,50,Lomié,"1ha plot lomie008, tag 287",10432,IRD plot,889,287,lomie008
IMG_5441.JPG,130995,18/11/2013,NA,3.11289,13.5774,50,Lomié,"1ha plot lomie008, tag 287",10432,IRD plot,889,287,lomie008
IMG_3500.JPG,25485,1/5/2012,Plagiostyles africana (Müll.Arg.) Prain,-0.7424567,10.561531,50,Mabounié,"1ha plot mabou001, tag 248",NA,NA,NA,248,mabou001
IMG_3501.JPG,25485,1/5/2012,Plagiostyles africana (Müll.Arg.) Prain,-0.7424567,10.561531,50,Mabounié,"1ha plot mabou001, tag 248",NA,NA,NA,248,mabou001
IMG_3503.JPG,25483,1/5/2012,Anthonotha macrophylla P.Beauv.,-0.7424567,10.561531,50,Mabounié,"1ha plot mabou001, tag 246",5576,IRD plot,17,246,mabou001
IMG_3504.JPG,25483,1/5/2012,Anthonotha macrophylla P.Beauv.,-0.7424567,10.561531,50,Mabounié,"1ha plot mabou001, tag 246",5576,IRD plot,17,246,mabou001
IMG_3506.JPG,25486,1/5/2012,Dialium guineense Willd.,-0.7424567,10.561531,50,Mabounié,"1ha plot mabou001, tag 249",5577,IRD plot,18,249,mabou001
IMG_3507.JPG,25486,1/5/2012,Dialium guineense Willd.,-0.7424567,10.561531,50,Mabounié,"1ha plot mabou001, tag 249",5577,IRD plot,18,249,mabou001
IMG_3509.JPG,25486,1/5/2012,Dialium guineense Willd.,-0.7424567,10.561531,50,Mabounié,"1ha plot mabou001, tag 249",5577,IRD plot,18,249,mabou001
IMG_3510.JPG,25492,1/5/2012,NA,-0.7424567,10.561531,50,Mabounié,"1ha plot mabou001, tag 255",5700,IRD plot,61,255,mabou001
IMG_3511.JPG,25492,1/5/2012,NA,-0.7424567,10.561531,50,Mabounié,"1ha plot mabou001, tag 255",5700,IRD plot,61,255,mabou001
IMG_3512.JPG,25492,1/5/2012,NA,-0.7424567,10.561531,50,Mabounié,"1ha plot mabou001, tag 255",5700,IRD plot,61,255,mabou001
IMG_3517.JPG,25496,1/5/2012,Greenwayodendron suaveolens (Engl. & Diels) Verdc.,-0.7424567,10.561531,50,Mabounié,"1ha plot mabou001, tag 259",5585,IRD plot,25,259,mabou001
IMG_3518.JPG,25496,1/5/2012,Greenwayodendron suaveolens (Engl. & Diels) Verdc.,-0.7424567,10.561531,50,Mabounié,"1ha plot mabou001, tag 259",5585,IRD plot,25,259,mabou001
IMG_3520.JPG,25498,1/5/2012,Guibourtia ehie (A.Chev.) J.Léonard,-0.7424567,10.561531,50,Mabounié,"1ha plot mabou001, tag 261",NA,NA,NA,261,mabou001
IMG_3521.JPG,25498,1/5/2012,Guibourtia ehie (A.Chev.) J.Léonard,-0.7424567,10.561531,50,Mabounié,"1ha plot mabou001, tag 261",NA,NA,NA,261,mabou001
IMG_3522.JPG,25499,1/5/2012,NA,-0.7424567,10.561531,50,Mabounié,"1ha plot mabou001, tag 262",5580,IRD plot,20,262,mabou001
IMG_3525.JPG,25499,1/5/2012,NA,-0.7424567,10.561531,50,Mabounié,"1ha plot mabou001, tag 262",5580,IRD plot,20,262,mabou001
IMG_3527.JPG,25500,1/5/2012,Diospyros suaveolens Gürke,-0.7424567,10.561531,50,Mabounié,"1ha plot mabou001, tag 263",5698,IRD plot,6,263,mabou001
IMG_3528.JPG,25500,1/5/2012,Diospyros suaveolens Gürke,-0.7424567,10.561531,50,Mabounié,"1ha plot mabou001, tag 263",5698,IRD plot,6,263,mabou001
IMG_3530.JPG,25505,1/5/2012,Scottellia klaineana Pierre,-0.7424567,10.561531,50,Mabounié,"1ha plot mabou001, tag 268",5676,IRD plot,4,268,mabou001
IMG_3531.JPG,25505,1/5/2012,Scottellia klaineana Pierre,-0.7424567,10.561531,50,Mabounié,"1ha plot mabou001, tag 268",5676,IRD plot,4,268,mabou001
IMG_3533.JPG,25503,1/5/2012,Diospyros cinnabarina (Gürke) F.White,-0.7424567,10.561531,50,Mabounié,"1ha plot mabou001, tag 266",5581,IRD plot,21,266,mabou001
IMG_3535.JPG,25503,1/5/2012,Diospyros cinnabarina (Gürke) F.White,-0.7424567,10.561531,50,Mabounié,"1ha plot mabou001, tag 266",5581,IRD plot,21,266,mabou001
IMG_3536.JPG,25507,1/5/2012,Lychnodiscus grandifolius Radlk.,-0.7424567,10.561531,50,Mabounié,"1ha plot mabou001, tag 270",5582,IRD plot,22,270,mabou001
IMG_3538.JPG,25507,1/5/2012,Lychnodiscus grandifolius Radlk.,-0.7424567,10.561531,50,Mabounié,"1ha plot mabou001, tag 270",5582,IRD plot,22,270,mabou001
IMG_3539.JPG,25509,1/5/2012,Diospyros fragrans Gürke,-0.7424567,10.561531,50,Mabounié,"1ha plot mabou001, tag 272",NA,NA,NA,272,mabou001
IMG_3541.JPG,25509,1/5/2012,Diospyros fragrans Gürke,-0.7424567,10.561531,50,Mabounié,"1ha plot mabou001, tag 272",NA,NA,NA,272,mabou001
IMG_3542.JPG,25509,1/5/2012,Diospyros fragrans Gürke,-0.7424567,10.561531,50,Mabounié,"1ha plot mabou001, tag 272",NA,NA,NA,272,mabou001
IMG_3543.JPG,25513,1/5/2012,Diospyros dendo Welw. ex Hiern,-0.7424567,10.561531,50,Mabounié,"1ha plot mabou001, tag 275",5574,IRD plot,15,275,mabou001
IMG_3544.JPG,25513,1/5/2012,Diospyros dendo Welw. ex Hiern,-0.7424567,10.561531,50,Mabounié,"1ha plot mabou001, tag 275",5574,IRD plot,15,275,mabou001
IMG_3545.JPG,25513,1/5/2012,Diospyros dendo Welw. ex Hiern,-0.7424567,10.561531,50,Mabounié,"1ha plot mabou001, tag 275",5574,IRD plot,15,275,mabou001
IMG_3546.JPG,25525,1/5/2012,Corynanthe macroceras K.Schum.,-0.7424567,10.561531,50,Mabounié,"1ha plot mabou001, tag 286",NA,NA,NA,286,mabou001
IMG_3547.JPG,25525,1/5/2012,Corynanthe macroceras K.Schum.,-0.7424567,10.561531,50,Mabounié,"1ha plot mabou001, tag 286",NA,NA,NA,286,mabou001
IMG_3548.JPG,25525,1/5/2012,Corynanthe macroceras K.Schum.,-0.7424567,10.561531,50,Mabounié,"1ha plot mabou001, tag 286",NA,NA,NA,286,mabou001
IMG_3549.JPG,25526,1/5/2012,Cyrtogonone argentea (Pax) Prain,-0.7424567,10.561531,50,Mabounié,"1ha plot mabou001, tag 287",NA,NA,NA,287,mabou001
IMG_3550.JPG,25526,1/5/2012,Cyrtogonone argentea (Pax) Prain,-0.7424567,10.561531,50,Mabounié,"1ha plot mabou001, tag 287",NA,NA,NA,287,mabou001
IMG_3551.JPG,25526,1/5/2012,Cyrtogonone argentea (Pax) Prain,-0.7424567,10.561531,50,Mabounié,"1ha plot mabou001, tag 287",NA,NA,NA,287,mabou001
IMG_3552.JPG,25528,1/5/2012,Coula edulis Baill.,-0.7424567,10.561531,50,Mabounié,"1ha plot mabou001, tag 288",NA,NA,NA,288,mabou001
IMG_3553.JPG,25528,1/5/2012,Coula edulis Baill.,-0.7424567,10.561531,50,Mabounié,"1ha plot mabou001, tag 288",NA,NA,NA,288,mabou001
IMG_3554.JPG,25528,1/5/2012,Coula edulis Baill.,-0.7424567,10.561531,50,Mabounié,"1ha plot mabou001, tag 288",NA,NA,NA,288,mabou001
IMG_3556.JPG,25530,1/5/2012,Staudtia kamerunensis Warb.,-0.7424567,10.561531,50,Mabounié,"1ha plot mabou001, tag 290",NA,NA,NA,290,mabou001
IMG_3558.JPG,25530,1/5/2012,Staudtia kamerunensis Warb.,-0.7424567,10.561531,50,Mabounié,"1ha plot mabou001, tag 290",NA,NA,NA,290,mabou001
IMG_3560.JPG,25533,1/5/2012,Pinacopodium congolense (S.Moore) Exell & Mendonça,-0.7424567,10.561531,50,Mabounié,"1ha plot mabou001, tag 293",NA,NA,NA,293,mabou001
IMG_3561.JPG,25533,1/5/2012,Pinacopodium congolense (S.Moore) Exell & Mendonça,-0.7424567,10.561531,50,Mabounié,"1ha plot mabou001, tag 293",NA,NA,NA,293,mabou001
IMG_3562.JPG,25533,1/5/2012,Pinacopodium congolense (S.Moore) Exell & Mendonça,-0.7424567,10.561531,50,Mabounié,"1ha plot mabou001, tag 293",NA,NA,NA,293,mabou001
IMG_3563.JPG,25534,1/5/2012,Klainedoxa gabonensis Pierre,-0.7424567,10.561531,50,Mabounié,"1ha plot mabou001, tag 294",NA,NA,NA,294,mabou001
IMG_3564.JPG,25534,1/5/2012,Klainedoxa gabonensis Pierre,-0.7424567,10.561531,50,Mabounié,"1ha plot mabou001, tag 294",NA,NA,NA,294,mabou001
IMG_3565.JPG,25534,1/5/2012,Klainedoxa gabonensis Pierre,-0.7424567,10.561531,50,Mabounié,"1ha plot mabou001, tag 294",NA,NA,NA,294,mabou001
IMG_3566.JPG,25540,1/5/2012,Dialium guineense Willd.,-0.7424567,10.561531,50,Mabounié,"1ha plot mabou001, tag 300",NA,NA,NA,300,mabou001
IMG_3567.JPG,25540,1/5/2012,Dialium guineense Willd.,-0.7424567,10.561531,50,Mabounié,"1ha plot mabou001, tag 300",NA,NA,NA,300,mabou001
IMG_3568.JPG,25540,1/5/2012,Dialium guineense Willd.,-0.7424567,10.561531,50,Mabounié,"1ha plot mabou001, tag 300",NA,NA,NA,300,mabou001
IMG_3569.JPG,25543,1/5/2012,Ongokea gore (Hua) Pierre,-0.7424567,10.561531,50,Mabounié,"1ha plot mabou001, tag 303",NA,NA,NA,303,mabou001
IMG_3570.JPG,25543,1/5/2012,Ongokea gore (Hua) Pierre,-0.7424567,10.561531,50,Mabounié,"1ha plot mabou001, tag 303",NA,NA,NA,303,mabou001
IMG_3571.JPG,25543,1/5/2012,Ongokea gore (Hua) Pierre,-0.7424567,10.561531,50,Mabounié,"1ha plot mabou001, tag 303",NA,NA,NA,303,mabou001
IMG_3572.JPG,25545,1/5/2012,Klaineanthus gabonii Pierre,-0.7424567,10.561531,50,Mabounié,"1ha plot mabou001, tag 305",5584,IRD plot,24,305,mabou001
IMG_3573.JPG,25545,1/5/2012,Klaineanthus gabonii Pierre,-0.7424567,10.561531,50,Mabounié,"1ha plot mabou001, tag 305",5584,IRD plot,24,305,mabou001
IMG_3574.JPG,25549,1/5/2012,NA,-0.7424567,10.561531,50,Mabounié,"1ha plot mabou001, tag 309",NA,NA,NA,309,mabou001
IMG_3576.JPG,25549,1/5/2012,NA,-0.7424567,10.561531,50,Mabounié,"1ha plot mabou001, tag 309",NA,NA,NA,309,mabou001
IMG_3577.JPG,25552,1/5/2012,Diogoa zenkeri (Engl.) Exell & Mendonça,-0.7424567,10.561531,50,Mabounié,"1ha plot mabou001, tag 312",NA,NA,NA,312,mabou001
IMG_3579.JPG,25552,1/5/2012,Diogoa zenkeri (Engl.) Exell & Mendonça,-0.7424567,10.561531,50,Mabounié,"1ha plot mabou001, tag 312",NA,NA,NA,312,mabou001
IMG_3580.JPG,25558,1/5/2012,Annickia affinis (Exell) Versteegh & Sosef,-0.7424567,10.561531,50,Mabounié,"1ha plot mabou001, tag 318",NA,NA,NA,318,mabou001
IMG_3582.JPG,25558,1/5/2012,Annickia affinis (Exell) Versteegh & Sosef,-0.7424567,10.561531,50,Mabounié,"1ha plot mabou001, tag 318",NA,NA,NA,318,mabou001
IMG_3583.JPG,25562,1/5/2012,Diogoa zenkeri (Engl.) Exell & Mendonça,-0.7424567,10.561531,50,Mabounié,"1ha plot mabou001, tag 322",NA,NA,NA,322,mabou001
IMG_3584.JPG,25562,1/5/2012,Diogoa zenkeri (Engl.) Exell & Mendonça,-0.7424567,10.561531,50,Mabounié,"1ha plot mabou001, tag 322",NA,NA,NA,322,mabou001
IMG_3586.JPG,25562,1/5/2012,Diogoa zenkeri (Engl.) Exell & Mendonça,-0.7424567,10.561531,50,Mabounié,"1ha plot mabou001, tag 322",NA,NA,NA,322,mabou001
IMG_3588.JPG,25567,1/5/2012,Trichoscypha acuminata Engl.,-0.7424567,10.561531,50,Mabounié,"1ha plot mabou001, tag 327",NA,NA,NA,327,mabou001
IMG_3589.JPG,25567,1/5/2012,Trichoscypha acuminata Engl.,-0.7424567,10.561531,50,Mabounié,"1ha plot mabou001, tag 327",NA,NA,NA,327,mabou001
IMG_3592.JPG,25568,1/5/2012,Celtis zenkeri Engl.,-0.7424567,10.561531,50,Mabounié,"1ha plot mabou001, tag 328",NA,NA,NA,328,mabou001
IMG_3593.JPG,25568,1/5/2012,Celtis zenkeri Engl.,-0.7424567,10.561531,50,Mabounié,"1ha plot mabou001, tag 328",NA,NA,NA,328,mabou001
IMG_3594.JPG,25576,1/5/2012,Santiria trimera (Oliv.) Aubrév.,-0.7424567,10.561531,50,Mabounié,"1ha plot mabou001, tag 336",NA,NA,NA,336,mabou001
IMG_3595.JPG,25576,1/5/2012,Santiria trimera (Oliv.) Aubrév.,-0.7424567,10.561531,50,Mabounié,"1ha plot mabou001, tag 336",NA,NA,NA,336,mabou001
IMG_3596.JPG,25576,1/5/2012,Santiria trimera (Oliv.) Aubrév.,-0.7424567,10.561531,50,Mabounié,"1ha plot mabou001, tag 336",NA,NA,NA,336,mabou001
IMG_3597.JPG,25584,1/5/2012,Diospyros fragrans Gürke,-0.7424567,10.561531,50,Mabounié,"1ha plot mabou001, tag 343",NA,NA,NA,343,mabou001
IMG_3598.JPG,25584,1/5/2012,Diospyros fragrans Gürke,-0.7424567,10.561531,50,Mabounié,"1ha plot mabou001, tag 343",NA,NA,NA,343,mabou001
IMG_3599.JPG,25584,1/5/2012,Diospyros fragrans Gürke,-0.7424567,10.561531,50,Mabounié,"1ha plot mabou001, tag 343",NA,NA,NA,343,mabou001
IMG_3601.JPG,25587,1/5/2012,Strombosia pustulata Oliv.,-0.7424567,10.561531,50,Mabounié,"1ha plot mabou001, tag 346",NA,NA,NA,346,mabou001
IMG_3603.JPG,25587,1/5/2012,Strombosia pustulata Oliv.,-0.7424567,10.561531,50,Mabounié,"1ha plot mabou001, tag 346",NA,NA,NA,346,mabou001
IMG_3604.JPG,25597,1/5/2012,NA,-0.7424567,10.561531,50,Mabounié,"1ha plot mabou001, tag 356",5580,IRD plot,20,356,mabou001
IMG_3606.JPG,25597,1/5/2012,NA,-0.7424567,10.561531,50,Mabounié,"1ha plot mabou001, tag 356",5580,IRD plot,20,356,mabou001
IMG_3607.JPG,25598,1/5/2012,Leplaea thompsonii (Sprague & Hutch.) E.J.M.Koenen & J.J.de Wilde,-0.7424567,10.561531,50,Mabounié,"1ha plot mabou001, tag 357",NA,NA,NA,357,mabou001
IMG_3608.JPG,25598,1/5/2012,Leplaea thompsonii (Sprague & Hutch.) E.J.M.Koenen & J.J.de Wilde,-0.7424567,10.561531,50,Mabounié,"1ha plot mabou001, tag 357",NA,NA,NA,357,mabou001
IMG_3610.JPG,25598,1/5/2012,Leplaea thompsonii (Sprague & Hutch.) E.J.M.Koenen & J.J.de Wilde,-0.7424567,10.561531,50,Mabounié,"1ha plot mabou001, tag 357",NA,NA,NA,357,mabou001
IMG_3611.JPG,25602,1/5/2012,Dacryodes igaganga Aubrév. & Pellegr.,-0.7424567,10.561531,50,Mabounié,"1ha plot mabou001, tag 361",5572,IRD plot,13,361,mabou001
IMG_3613.JPG,25602,1/5/2012,Dacryodes igaganga Aubrév. & Pellegr.,-0.7424567,10.561531,50,Mabounié,"1ha plot mabou001, tag 361",5572,IRD plot,13,361,mabou001
IMG_3614.JPG,25603,1/5/2012,Ongokea gore (Hua) Pierre,-0.7424567,10.561531,50,Mabounié,"1ha plot mabou001, tag 362",NA,NA,NA,362,mabou001
IMG_3615.JPG,25603,1/5/2012,Ongokea gore (Hua) Pierre,-0.7424567,10.561531,50,Mabounié,"1ha plot mabou001, tag 362",NA,NA,NA,362,mabou001
IMG_3616.JPG,25603,1/5/2012,Ongokea gore (Hua) Pierre,-0.7424567,10.561531,50,Mabounié,"1ha plot mabou001, tag 362",NA,NA,NA,362,mabou001
IMG_3618.JPG,25611,1/5/2012,Greenwayodendron suaveolens (Engl. & Diels) Verdc.,-0.7424567,10.561531,50,Mabounié,"1ha plot mabou001, tag 369",5585,IRD plot,25,369,mabou001
IMG_3620.JPG,25611,1/5/2012,Greenwayodendron suaveolens (Engl. & Diels) Verdc.,-0.7424567,10.561531,50,Mabounié,"1ha plot mabou001, tag 369",5585,IRD plot,25,369,mabou001
IMG_3626.JPG,25621,1/5/2012,Strombosia grandifolia Hook.f.,-0.7424567,10.561531,50,Mabounié,"1ha plot mabou001, tag 379",5540,IRD plot,1,379,mabou001
IMG_3627.JPG,25621,1/5/2012,Strombosia grandifolia Hook.f.,-0.7424567,10.561531,50,Mabounié,"1ha plot mabou001, tag 379",5540,IRD plot,1,379,mabou001
IMG_3628.JPG,25621,1/5/2012,Strombosia grandifolia Hook.f.,-0.7424567,10.561531,50,Mabounié,"1ha plot mabou001, tag 379",5540,IRD plot,1,379,mabou001
IMG_3630.JPG,25625,1/5/2012,Dialium guineense Willd.,-0.7424567,10.561531,50,Mabounié,"1ha plot mabou001, tag 382",5586,IRD plot,26,382,mabou001
IMG_3632.JPG,25625,1/5/2012,Dialium guineense Willd.,-0.7424567,10.561531,50,Mabounié,"1ha plot mabou001, tag 382",5586,IRD plot,26,382,mabou001
IMG_3634.JPG,25624,1/5/2012,Syzygium guineense (Willd.) DC.,-0.7424567,10.561531,50,Mabounié,"1ha plot mabou001, tag 381",NA,NA,NA,381,mabou001
IMG_3636.JPG,25624,1/5/2012,Syzygium guineense (Willd.) DC.,-0.7424567,10.561531,50,Mabounié,"1ha plot mabou001, tag 381",NA,NA,NA,381,mabou001
IMG_3637.JPG,25638,1/5/2012,NA,-0.7424567,10.561531,50,Mabounié,"1ha plot mabou001, tag 395",NA,NA,NA,395,mabou001
IMG_3638.JPG,25638,1/5/2012,NA,-0.7424567,10.561531,50,Mabounié,"1ha plot mabou001, tag 395",NA,NA,NA,395,mabou001
IMG_3639.JPG,25638,1/5/2012,NA,-0.7424567,10.561531,50,Mabounié,"1ha plot mabou001, tag 395",NA,NA,NA,395,mabou001
IMG_3642.JPG,25639,1/5/2012,NA,-0.7424567,10.561531,50,Mabounié,"1ha plot mabou001, tag 396",NA,NA,NA,396,mabou001
IMG_3643.JPG,25639,1/5/2012,NA,-0.7424567,10.561531,50,Mabounié,"1ha plot mabou001, tag 396",NA,NA,NA,396,mabou001
IMG_3645.JPG,25652,1/5/2012,Dialium angolense Welw. ex Oliv.,-0.7424567,10.561531,50,Mabounié,"1ha plot mabou001, tag 408",NA,NA,NA,408,mabou001
IMG_3647.JPG,25652,1/5/2012,Dialium angolense Welw. ex Oliv.,-0.7424567,10.561531,50,Mabounié,"1ha plot mabou001, tag 408",NA,NA,NA,408,mabou001
IMG_3648.JPG,25653,1/5/2012,Plagiostyles africana (Müll.Arg.) Prain,-0.7424567,10.561531,50,Mabounié,"1ha plot mabou001, tag 409",NA,NA,NA,409,mabou001
IMG_3650.JPG,25653,1/5/2012,Plagiostyles africana (Müll.Arg.) Prain,-0.7424567,10.561531,50,Mabounié,"1ha plot mabou001, tag 409",NA,NA,NA,409,mabou001
IMG_3651.JPG,25655,1/5/2012,Stemonocoleus micranthus Harms,-0.7424567,10.561531,50,Mabounié,"1ha plot mabou001, tag 411",NA,NA,NA,411,mabou001
IMG_3652.JPG,25655,1/5/2012,Stemonocoleus micranthus Harms,-0.7424567,10.561531,50,Mabounié,"1ha plot mabou001, tag 411",NA,NA,NA,411,mabou001
IMG_3653.JPG,25655,1/5/2012,Stemonocoleus micranthus Harms,-0.7424567,10.561531,50,Mabounié,"1ha plot mabou001, tag 411",NA,NA,NA,411,mabou001
IMG_3654.JPG,25663,1/5/2012,Synsepalum longicuneatum De Wild.,-0.7424567,10.561531,50,Mabounié,"1ha plot mabou001, tag 418",5564,IRD plot,12,418,mabou001
IMG_3655.JPG,25663,1/5/2012,Synsepalum longicuneatum De Wild.,-0.7424567,10.561531,50,Mabounié,"1ha plot mabou001, tag 418",5564,IRD plot,12,418,mabou001
IMG_3658.JPG,25664,1/5/2012,Xylopia quintasii Pierre ex Engl. & Diels,-0.7424567,10.561531,50,Mabounié,"1ha plot mabou001, tag 419",NA,NA,NA,419,mabou001
IMG_3661.JPG,25664,1/5/2012,Xylopia quintasii Pierre ex Engl. & Diels,-0.7424567,10.561531,50,Mabounié,"1ha plot mabou001, tag 419",NA,NA,NA,419,mabou001
IMG_3662.JPG,25670,1/5/2012,Ongokea gore (Hua) Pierre,-0.7424567,10.561531,50,Mabounié,"1ha plot mabou001, tag 425",NA,NA,NA,425,mabou001
IMG_3663.JPG,25670,1/5/2012,Ongokea gore (Hua) Pierre,-0.7424567,10.561531,50,Mabounié,"1ha plot mabou001, tag 425",NA,NA,NA,425,mabou001
IMG_3664.JPG,25670,1/5/2012,Ongokea gore (Hua) Pierre,-0.7424567,10.561531,50,Mabounié,"1ha plot mabou001, tag 425",NA,NA,NA,425,mabou001
IMG_3732.JPG,26083,6/5/2012,Cleistopholis glauca Pierre ex Engl. & Diels,-0.78204834,10.54911,50,Mabounié,"1ha plot mabou003, tag 190",NA,NA,NA,190,mabou003
IMG_3733.JPG,26083,6/5/2012,Cleistopholis glauca Pierre ex Engl. & Diels,-0.78204834,10.54911,50,Mabounié,"1ha plot mabou003, tag 190",NA,NA,NA,190,mabou003
IMG_3734.JPG,26083,6/5/2012,Cleistopholis glauca Pierre ex Engl. & Diels,-0.78204834,10.54911,50,Mabounié,"1ha plot mabou003, tag 190",NA,NA,NA,190,mabou003
IMG_3736.JPG,26083,6/5/2012,Cleistopholis glauca Pierre ex Engl. & Diels,-0.78204834,10.54911,50,Mabounié,"1ha plot mabou003, tag 190",NA,NA,NA,190,mabou003
IMG_3737.JPG,26087,6/5/2012,Garcinia punctata Oliv.,-0.78204834,10.54911,50,Mabounié,"1ha plot mabou003, tag 194",5685,IRD plot,48,194,mabou003
IMG_3739.JPG,26087,6/5/2012,Garcinia punctata Oliv.,-0.78204834,10.54911,50,Mabounié,"1ha plot mabou003, tag 194",5685,IRD plot,48,194,mabou003
IMG_3740.JPG,26093,6/5/2012,NA,-0.78204834,10.54911,50,Mabounié,"1ha plot mabou003, tag 200",NA,NA,NA,200,mabou003
IMG_3741.JPG,26093,6/5/2012,NA,-0.78204834,10.54911,50,Mabounié,"1ha plot mabou003, tag 200",NA,NA,NA,200,mabou003
IMG_3742.JPG,26093,6/5/2012,NA,-0.78204834,10.54911,50,Mabounié,"1ha plot mabou003, tag 200",NA,NA,NA,200,mabou003
IMG_3747.JPG,26099,6/5/2012,Dialium guineense Willd.,-0.78204834,10.54911,50,Mabounié,"1ha plot mabou003, tag 206",NA,NA,NA,206,mabou003
IMG_3748.JPG,26099,6/5/2012,Dialium guineense Willd.,-0.78204834,10.54911,50,Mabounié,"1ha plot mabou003, tag 206",NA,NA,NA,206,mabou003
IMG_3749.JPG,26099,6/5/2012,Dialium guineense Willd.,-0.78204834,10.54911,50,Mabounié,"1ha plot mabou003, tag 206",NA,NA,NA,206,mabou003
IMG_3751.JPG,118727,6/5/2012,Augouardia letestui Pellegr.,-0.78204834,10.54911,50,Mabounié,"1ha plot mabou003, tag 208",NA,NA,NA,208,mabou003
IMG_3752.JPG,118727,6/5/2012,Augouardia letestui Pellegr.,-0.78204834,10.54911,50,Mabounié,"1ha plot mabou003, tag 208",NA,NA,NA,208,mabou003
IMG_3753.JPG,118727,6/5/2012,Augouardia letestui Pellegr.,-0.78204834,10.54911,50,Mabounié,"1ha plot mabou003, tag 208",NA,NA,NA,208,mabou003
IMG_3756.JPG,118727,6/5/2012,Augouardia letestui Pellegr.,-0.78204834,10.54911,50,Mabounié,"1ha plot mabou003, tag 208",NA,NA,NA,208,mabou003
IMG_3757.JPG,26104,6/5/2012,Diospyros iturensis (Gürke) Letouzey & F.White,-0.78204834,10.54911,50,Mabounié,"1ha plot mabou003, tag 211",5702,IRD plot,63,211,mabou003
IMG_3758.JPG,26104,6/5/2012,Diospyros iturensis (Gürke) Letouzey & F.White,-0.78204834,10.54911,50,Mabounié,"1ha plot mabou003, tag 211",5702,IRD plot,63,211,mabou003
IMG_3759.JPG,26104,6/5/2012,Diospyros iturensis (Gürke) Letouzey & F.White,-0.78204834,10.54911,50,Mabounié,"1ha plot mabou003, tag 211",5702,IRD plot,63,211,mabou003
IMG_3760.JPG,26108,6/5/2012,Dichostemma glaucescens Pierre,-0.78204834,10.54911,50,Mabounié,"1ha plot mabou003, tag 215",NA,NA,NA,215,mabou003
IMG_3761.JPG,26108,6/5/2012,Dichostemma glaucescens Pierre,-0.78204834,10.54911,50,Mabounié,"1ha plot mabou003, tag 215",NA,NA,NA,215,mabou003
IMG_3763.JPG,26110,6/5/2012,Dacryodes buettneri (Engl.) H.J.Lam,-0.78204834,10.54911,50,Mabounié,"1ha plot mabou003, tag 217",NA,NA,NA,217,mabou003
IMG_3764.JPG,26110,6/5/2012,Dacryodes buettneri (Engl.) H.J.Lam,-0.78204834,10.54911,50,Mabounié,"1ha plot mabou003, tag 217",NA,NA,NA,217,mabou003
IMG_3765.JPG,26110,6/5/2012,Dacryodes buettneri (Engl.) H.J.Lam,-0.78204834,10.54911,50,Mabounié,"1ha plot mabou003, tag 217",NA,NA,NA,217,mabou003
IMG_3766.JPG,26110,6/5/2012,Dacryodes buettneri (Engl.) H.J.Lam,-0.78204834,10.54911,50,Mabounié,"1ha plot mabou003, tag 217",NA,NA,NA,217,mabou003
IMG_3768.JPG,26111,6/5/2012,Diospyros iturensis (Gürke) Letouzey & F.White,-0.78204834,10.54911,50,Mabounié,"1ha plot mabou003, tag 218",5703,IRD plot,64,218,mabou003
IMG_3769.JPG,26111,6/5/2012,Diospyros iturensis (Gürke) Letouzey & F.White,-0.78204834,10.54911,50,Mabounié,"1ha plot mabou003, tag 218",5703,IRD plot,64,218,mabou003
IMG_3770.JPG,26115,6/5/2012,Maprounea membranacea Pax & K.Hoffm.,-0.78204834,10.54911,50,Mabounié,"1ha plot mabou003, tag 222",5589,IRD plot,29,222,mabou003
IMG_3771.JPG,26115,6/5/2012,Maprounea membranacea Pax & K.Hoffm.,-0.78204834,10.54911,50,Mabounié,"1ha plot mabou003, tag 222",5589,IRD plot,29,222,mabou003
IMG_3772.JPG,26115,6/5/2012,Maprounea membranacea Pax & K.Hoffm.,-0.78204834,10.54911,50,Mabounié,"1ha plot mabou003, tag 222",5589,IRD plot,29,222,mabou003
IMG_3773.JPG,26118,6/5/2012,Diospyros rabiensis Breteler,-0.78204834,10.54911,50,Mabounié,"1ha plot mabou003, tag 225",5704,IRD plot,65,225,mabou003
IMG_3774.JPG,26118,6/5/2012,Diospyros rabiensis Breteler,-0.78204834,10.54911,50,Mabounié,"1ha plot mabou003, tag 225",5704,IRD plot,65,225,mabou003
IMG_3775.JPG,26118,6/5/2012,Diospyros rabiensis Breteler,-0.78204834,10.54911,50,Mabounié,"1ha plot mabou003, tag 225",5704,IRD plot,65,225,mabou003
IMG_3776.JPG,26119,6/5/2012,Dialium angolense Welw. ex Oliv.,-0.78204834,10.54911,50,Mabounié,"1ha plot mabou003, tag 226",NA,NA,NA,226,mabou003
IMG_3777.JPG,26119,6/5/2012,Dialium angolense Welw. ex Oliv.,-0.78204834,10.54911,50,Mabounié,"1ha plot mabou003, tag 226",NA,NA,NA,226,mabou003
IMG_3779.JPG,26127,6/5/2012,Diospyros cinnabarina (Gürke) F.White,-0.78204834,10.54911,50,Mabounié,"1ha plot mabou003, tag 234",5705,IRD plot,66,234,mabou003
IMG_3780.JPG,26127,6/5/2012,Diospyros cinnabarina (Gürke) F.White,-0.78204834,10.54911,50,Mabounié,"1ha plot mabou003, tag 234",5705,IRD plot,66,234,mabou003
IMG_3781.JPG,26127,6/5/2012,Diospyros cinnabarina (Gürke) F.White,-0.78204834,10.54911,50,Mabounié,"1ha plot mabou003, tag 234",5705,IRD plot,66,234,mabou003
IMG_3782.JPG,26133,6/5/2012,Annickia affinis (Exell) Versteegh & Sosef,-0.78204834,10.54911,50,Mabounié,"1ha plot mabou003, tag 240",NA,NA,NA,240,mabou003
IMG_3783.JPG,26133,6/5/2012,Annickia affinis (Exell) Versteegh & Sosef,-0.78204834,10.54911,50,Mabounié,"1ha plot mabou003, tag 240",NA,NA,NA,240,mabou003
IMG_3784.JPG,26133,6/5/2012,Annickia affinis (Exell) Versteegh & Sosef,-0.78204834,10.54911,50,Mabounié,"1ha plot mabou003, tag 240",NA,NA,NA,240,mabou003
IMG_3785.JPG,26133,6/5/2012,Annickia affinis (Exell) Versteegh & Sosef,-0.78204834,10.54911,50,Mabounié,"1ha plot mabou003, tag 240",NA,NA,NA,240,mabou003
IMG_3786.JPG,26141,6/5/2012,Klaineanthus gabonii Pierre,-0.78204834,10.54911,50,Mabounié,"1ha plot mabou003, tag 248",5584,IRD plot,24,248,mabou003
IMG_3787.JPG,26141,6/5/2012,Klaineanthus gabonii Pierre,-0.78204834,10.54911,50,Mabounié,"1ha plot mabou003, tag 248",5584,IRD plot,24,248,mabou003
IMG_3788.JPG,26141,6/5/2012,Klaineanthus gabonii Pierre,-0.78204834,10.54911,50,Mabounié,"1ha plot mabou003, tag 248",5584,IRD plot,24,248,mabou003
IMG_3790.JPG,26141,6/5/2012,Klaineanthus gabonii Pierre,-0.78204834,10.54911,50,Mabounié,"1ha plot mabou003, tag 248",5584,IRD plot,24,248,mabou003
IMG_3791.JPG,26142,6/5/2012,Scytopetalum klaineanum Pierre,-0.78204834,10.54911,50,Mabounié,"1ha plot mabou003, tag 249",NA,NA,NA,249,mabou003
IMG_3792.JPG,26142,6/5/2012,Scytopetalum klaineanum Pierre,-0.78204834,10.54911,50,Mabounié,"1ha plot mabou003, tag 249",NA,NA,NA,249,mabou003
IMG_3793.JPG,26142,6/5/2012,Scytopetalum klaineanum Pierre,-0.78204834,10.54911,50,Mabounié,"1ha plot mabou003, tag 249",NA,NA,NA,249,mabou003
IMG_3795.JPG,26147,6/5/2012,Carapa parviflora Harms,-0.78204834,10.54911,50,Mabounié,"1ha plot mabou003, tag 254",5706,IRD plot,67,254,mabou003
IMG_3797.JPG,26147,6/5/2012,Carapa parviflora Harms,-0.78204834,10.54911,50,Mabounié,"1ha plot mabou003, tag 254",5706,IRD plot,67,254,mabou003
IMG_3806.JPG,26156,6/5/2012,Trichoscypha acuminata Engl.,-0.78204834,10.54911,50,Mabounié,"1ha plot mabou003, tag 263",NA,NA,NA,263,mabou003
IMG_3807.JPG,26156,6/5/2012,Trichoscypha acuminata Engl.,-0.78204834,10.54911,50,Mabounié,"1ha plot mabou003, tag 263",NA,NA,NA,263,mabou003
IMG_3808.JPG,26156,6/5/2012,Trichoscypha acuminata Engl.,-0.78204834,10.54911,50,Mabounié,"1ha plot mabou003, tag 263",NA,NA,NA,263,mabou003
IMG_3809.JPG,26156,6/5/2012,Trichoscypha acuminata Engl.,-0.78204834,10.54911,50,Mabounié,"1ha plot mabou003, tag 263",NA,NA,NA,263,mabou003
IMG_3810.JPG,26165,6/5/2012,Diospyros rubicunda Gürke,-0.78204834,10.54911,50,Mabounié,"1ha plot mabou003, tag 272",5707,IRD plot,68,272,mabou003
IMG_3811.JPG,26165,6/5/2012,Diospyros rubicunda Gürke,-0.78204834,10.54911,50,Mabounié,"1ha plot mabou003, tag 272",5707,IRD plot,68,272,mabou003
IMG_3812.JPG,26168,6/5/2012,Dichostemma glaucescens Pierre,-0.78204834,10.54911,50,Mabounié,"1ha plot mabou003, tag 275",NA,NA,NA,275,mabou003
IMG_3817.JPG,26168,6/5/2012,Dichostemma glaucescens Pierre,-0.78204834,10.54911,50,Mabounié,"1ha plot mabou003, tag 275",NA,NA,NA,275,mabou003
IMG_3818.JPG,26168,6/5/2012,Dichostemma glaucescens Pierre,-0.78204834,10.54911,50,Mabounié,"1ha plot mabou003, tag 275",NA,NA,NA,275,mabou003
IMG_3821.JPG,26168,6/5/2012,Dichostemma glaucescens Pierre,-0.78204834,10.54911,50,Mabounié,"1ha plot mabou003, tag 275",NA,NA,NA,275,mabou003
IMG_3822.JPG,26175,6/5/2012,Gilletiodendron pierreanum (Harms) J.Léonard,-0.78204834,10.54911,50,Mabounié,"1ha plot mabou003, tag 282",5665,IRD plot,37,282,mabou003
IMG_3823.JPG,26175,6/5/2012,Gilletiodendron pierreanum (Harms) J.Léonard,-0.78204834,10.54911,50,Mabounié,"1ha plot mabou003, tag 282",5665,IRD plot,37,282,mabou003
IMG_3824.JPG,26175,6/5/2012,Gilletiodendron pierreanum (Harms) J.Léonard,-0.78204834,10.54911,50,Mabounié,"1ha plot mabou003, tag 282",5665,IRD plot,37,282,mabou003
IMG_3825.JPG,26175,6/5/2012,Gilletiodendron pierreanum (Harms) J.Léonard,-0.78204834,10.54911,50,Mabounié,"1ha plot mabou003, tag 282",5665,IRD plot,37,282,mabou003
IMG_3826.JPG,26180,6/5/2012,Diospyros iturensis (Gürke) Letouzey & F.White,-0.78204834,10.54911,50,Mabounié,"1ha plot mabou003, tag 286",5703,IRD plot,64,286,mabou003
IMG_3828.JPG,26180,6/5/2012,Diospyros iturensis (Gürke) Letouzey & F.White,-0.78204834,10.54911,50,Mabounié,"1ha plot mabou003, tag 286",5703,IRD plot,64,286,mabou003
IMG_3830.JPG,26190,6/5/2012,NA,-0.78204834,10.54911,50,Mabounié,"1ha plot mabou003, tag 296",5700,IRD plot,61,296,mabou003
IMG_3831.JPG,26190,6/5/2012,NA,-0.78204834,10.54911,50,Mabounié,"1ha plot mabou003, tag 296",5700,IRD plot,61,296,mabou003
IMG_3832.JPG,26190,6/5/2012,NA,-0.78204834,10.54911,50,Mabounié,"1ha plot mabou003, tag 296",5700,IRD plot,61,296,mabou003
IMG_3835.JPG,26213,6/5/2012,Warneckea cauliflora Jacq.-Fél.,-0.78204834,10.54911,50,Mabounié,"1ha plot mabou003, tag 319",5710,IRD plot,70,319,mabou003
IMG_3836.JPG,26213,6/5/2012,Warneckea cauliflora Jacq.-Fél.,-0.78204834,10.54911,50,Mabounié,"1ha plot mabou003, tag 319",5710,IRD plot,70,319,mabou003
IMG_3837.JPG,26213,6/5/2012,Warneckea cauliflora Jacq.-Fél.,-0.78204834,10.54911,50,Mabounié,"1ha plot mabou003, tag 319",5710,IRD plot,70,319,mabou003
IMG_3838.JPG,26213,6/5/2012,Warneckea cauliflora Jacq.-Fél.,-0.78204834,10.54911,50,Mabounié,"1ha plot mabou003, tag 319",5710,IRD plot,70,319,mabou003
IMG_3839.JPG,26223,6/5/2012,Isolona zenkeri Engl.,-0.78204834,10.54911,50,Mabounié,"1ha plot mabou003, tag 329",5711,IRD plot,71,329,mabou003
IMG_3840.JPG,26223,6/5/2012,Isolona zenkeri Engl.,-0.78204834,10.54911,50,Mabounié,"1ha plot mabou003, tag 329",5711,IRD plot,71,329,mabou003
IMG_3841.JPG,26224,6/5/2012,Centroplacus glaucinus Pierre,-0.78204834,10.54911,50,Mabounié,"1ha plot mabou003, tag 330",NA,NA,NA,330,mabou003
IMG_3842.JPG,26224,6/5/2012,Centroplacus glaucinus Pierre,-0.78204834,10.54911,50,Mabounié,"1ha plot mabou003, tag 330",NA,NA,NA,330,mabou003
IMG_3843.JPG,26228,6/5/2012,Synsepalum longicuneatum De Wild.,-0.78204834,10.54911,50,Mabounié,"1ha plot mabou003, tag 334",5564,IRD plot,12,334,mabou003
IMG_3844.JPG,26228,6/5/2012,Synsepalum longicuneatum De Wild.,-0.78204834,10.54911,50,Mabounié,"1ha plot mabou003, tag 334",5564,IRD plot,12,334,mabou003
IMG_3845.JPG,26228,6/5/2012,Synsepalum longicuneatum De Wild.,-0.78204834,10.54911,50,Mabounié,"1ha plot mabou003, tag 334",5564,IRD plot,12,334,mabou003
IMG_3846.JPG,26229,6/5/2012,Corynanthe johimbe K.Schum.,-0.78204834,10.54911,50,Mabounié,"1ha plot mabou003, tag 335",NA,NA,NA,335,mabou003
IMG_3848.JPG,26229,6/5/2012,Corynanthe johimbe K.Schum.,-0.78204834,10.54911,50,Mabounié,"1ha plot mabou003, tag 335",NA,NA,NA,335,mabou003
IMG_3849.JPG,26238,6/5/2012,Pentadesma butyracea Sabine,-0.78204834,10.54911,50,Mabounié,"1ha plot mabou003, tag 344",NA,NA,NA,344,mabou003
IMG_3850.JPG,26238,6/5/2012,Pentadesma butyracea Sabine,-0.78204834,10.54911,50,Mabounié,"1ha plot mabou003, tag 344",NA,NA,NA,344,mabou003
IMG_3851.JPG,26238,6/5/2012,Pentadesma butyracea Sabine,-0.78204834,10.54911,50,Mabounié,"1ha plot mabou003, tag 344",NA,NA,NA,344,mabou003
IMG_3853.JPG,26243,6/5/2012,Strombosia pustulata Oliv.,-0.78204834,10.54911,50,Mabounié,"1ha plot mabou003, tag 349",NA,NA,NA,349,mabou003
IMG_3854.JPG,26243,6/5/2012,Strombosia pustulata Oliv.,-0.78204834,10.54911,50,Mabounié,"1ha plot mabou003, tag 349",NA,NA,NA,349,mabou003
IMG_3855.JPG,26243,6/5/2012,Strombosia pustulata Oliv.,-0.78204834,10.54911,50,Mabounié,"1ha plot mabou003, tag 349",NA,NA,NA,349,mabou003
IMG_3856.JPG,26243,6/5/2012,Strombosia pustulata Oliv.,-0.78204834,10.54911,50,Mabounié,"1ha plot mabou003, tag 349",NA,NA,NA,349,mabou003
IMG_3857.JPG,26261,6/5/2012,Erismadelphus exsul Mildbr.,-0.78204834,10.54911,50,Mabounié,"1ha plot mabou003, tag 366",5738,IRD plot,96,366,mabou003
IMG_3858.JPG,26261,6/5/2012,Erismadelphus exsul Mildbr.,-0.78204834,10.54911,50,Mabounié,"1ha plot mabou003, tag 366",5738,IRD plot,96,366,mabou003
IMG_3859.JPG,26261,6/5/2012,Erismadelphus exsul Mildbr.,-0.78204834,10.54911,50,Mabounié,"1ha plot mabou003, tag 366",5738,IRD plot,96,366,mabou003
IMG_3861.JPG,26266,6/5/2012,Macaranga barteri Müll.Arg.,-0.78204834,10.54911,50,Mabounié,"1ha plot mabou003, tag 371",NA,NA,NA,371,mabou003
IMG_3862.JPG,26266,6/5/2012,Macaranga barteri Müll.Arg.,-0.78204834,10.54911,50,Mabounié,"1ha plot mabou003, tag 371",NA,NA,NA,371,mabou003
IMG_3863.JPG,26266,6/5/2012,Macaranga barteri Müll.Arg.,-0.78204834,10.54911,50,Mabounié,"1ha plot mabou003, tag 371",NA,NA,NA,371,mabou003
IMG_3864.JPG,26266,6/5/2012,Macaranga barteri Müll.Arg.,-0.78204834,10.54911,50,Mabounié,"1ha plot mabou003, tag 371",NA,NA,NA,371,mabou003
IMG_3866.JPG,26266,6/5/2012,Macaranga barteri Müll.Arg.,-0.78204834,10.54911,50,Mabounié,"1ha plot mabou003, tag 371",NA,NA,NA,371,mabou003
IMG_3868.JPG,26274,6/5/2012,Allanblackia floribunda Oliv.,-0.78204834,10.54911,50,Mabounié,"1ha plot mabou003, tag 379",NA,NA,NA,379,mabou003
IMG_3869.JPG,26274,6/5/2012,Allanblackia floribunda Oliv.,-0.78204834,10.54911,50,Mabounié,"1ha plot mabou003, tag 379",NA,NA,NA,379,mabou003
IMG_3870.JPG,26274,6/5/2012,Allanblackia floribunda Oliv.,-0.78204834,10.54911,50,Mabounié,"1ha plot mabou003, tag 379",NA,NA,NA,379,mabou003
IMG_3901.JPG,26616,8/5/2012,Maesobotrya griffoniana (Baill.) Pierre ex Hutch.,-0.7954964,10.533185,50,Mabounié,"1ha plot mabou004, tag 326",5718,IRD plot,78,326,mabou004
IMG_3902.JPG,26616,8/5/2012,Maesobotrya griffoniana (Baill.) Pierre ex Hutch.,-0.7954964,10.533185,50,Mabounié,"1ha plot mabou004, tag 326",5718,IRD plot,78,326,mabou004
IMG_3903.JPG,26616,8/5/2012,Maesobotrya griffoniana (Baill.) Pierre ex Hutch.,-0.7954964,10.533185,50,Mabounié,"1ha plot mabou004, tag 326",5718,IRD plot,78,326,mabou004
IMG_3904.JPG,26617,8/5/2012,Erismadelphus exsul Mildbr.,-0.7954964,10.533185,50,Mabounié,"1ha plot mabou004, tag 327",5738,IRD plot,96,327,mabou004
IMG_3905.JPG,26617,8/5/2012,Erismadelphus exsul Mildbr.,-0.7954964,10.533185,50,Mabounié,"1ha plot mabou004, tag 327",5738,IRD plot,96,327,mabou004
IMG_3907.JPG,26620,8/5/2012,Strombosiopsis tetrandra Engl.,-0.7954964,10.533185,50,Mabounié,"1ha plot mabou004, tag 330",NA,NA,NA,330,mabou004
IMG_3908.JPG,26620,8/5/2012,Strombosiopsis tetrandra Engl.,-0.7954964,10.533185,50,Mabounié,"1ha plot mabou004, tag 330",NA,NA,NA,330,mabou004
IMG_3909.JPG,26620,8/5/2012,Strombosiopsis tetrandra Engl.,-0.7954964,10.533185,50,Mabounié,"1ha plot mabou004, tag 330",NA,NA,NA,330,mabou004
IMG_3910.JPG,26621,8/5/2012,Dacryodes buettneri (Engl.) H.J.Lam,-0.7954964,10.533185,50,Mabounié,"1ha plot mabou004, tag 331",NA,NA,NA,331,mabou004
IMG_3911.JPG,26621,8/5/2012,Dacryodes buettneri (Engl.) H.J.Lam,-0.7954964,10.533185,50,Mabounié,"1ha plot mabou004, tag 331",NA,NA,NA,331,mabou004
IMG_3912.JPG,26621,8/5/2012,Dacryodes buettneri (Engl.) H.J.Lam,-0.7954964,10.533185,50,Mabounié,"1ha plot mabou004, tag 331",NA,NA,NA,331,mabou004
IMG_3913.JPG,26626,8/5/2012,Lophira alata Banks ex C.F.Gaertn.,-0.7954964,10.533185,50,Mabounié,"1ha plot mabou004, tag 336",NA,NA,NA,336,mabou004
IMG_3914.JPG,26626,8/5/2012,Lophira alata Banks ex C.F.Gaertn.,-0.7954964,10.533185,50,Mabounié,"1ha plot mabou004, tag 336",NA,NA,NA,336,mabou004
IMG_3916.JPG,26626,8/5/2012,Lophira alata Banks ex C.F.Gaertn.,-0.7954964,10.533185,50,Mabounié,"1ha plot mabou004, tag 336",NA,NA,NA,336,mabou004
IMG_3917.JPG,26626,8/5/2012,Lophira alata Banks ex C.F.Gaertn.,-0.7954964,10.533185,50,Mabounié,"1ha plot mabou004, tag 336",NA,NA,NA,336,mabou004
IMG_3918.JPG,26633,8/5/2012,Scyphocephalium mannii (Benth.) Warb.,-0.7954964,10.533185,50,Mabounié,"1ha plot mabou004, tag 343",NA,NA,NA,343,mabou004
IMG_3920.JPG,26633,8/5/2012,Scyphocephalium mannii (Benth.) Warb.,-0.7954964,10.533185,50,Mabounié,"1ha plot mabou004, tag 343",NA,NA,NA,343,mabou004
IMG_3921.JPG,26633,8/5/2012,Scyphocephalium mannii (Benth.) Warb.,-0.7954964,10.533185,50,Mabounié,"1ha plot mabou004, tag 343",NA,NA,NA,343,mabou004
IMG_3922.JPG,26633,8/5/2012,Scyphocephalium mannii (Benth.) Warb.,-0.7954964,10.533185,50,Mabounié,"1ha plot mabou004, tag 343",NA,NA,NA,343,mabou004
IMG_3923.JPG,26633,8/5/2012,Scyphocephalium mannii (Benth.) Warb.,-0.7954964,10.533185,50,Mabounié,"1ha plot mabou004, tag 343",NA,NA,NA,343,mabou004
IMG_3924.JPG,26420,8/5/2012,Diospyros rabiensis Breteler,-0.7954964,10.533185,50,Mabounié,"1ha plot mabou004, tag 131",5723,IRD plot,82,131,mabou004
IMG_3926.JPG,26420,8/5/2012,Diospyros rabiensis Breteler,-0.7954964,10.533185,50,Mabounié,"1ha plot mabou004, tag 131",5723,IRD plot,82,131,mabou004
IMG_3927.JPG,26649,8/5/2012,Guibourtia ehie (A.Chev.) J.Léonard,-0.7954964,10.533185,50,Mabounié,"1ha plot mabou004, tag 359",NA,NA,NA,359,mabou004
IMG_3930.JPG,26649,8/5/2012,Guibourtia ehie (A.Chev.) J.Léonard,-0.7954964,10.533185,50,Mabounié,"1ha plot mabou004, tag 359",NA,NA,NA,359,mabou004
IMG_3931.JPG,26649,8/5/2012,Guibourtia ehie (A.Chev.) J.Léonard,-0.7954964,10.533185,50,Mabounié,"1ha plot mabou004, tag 359",NA,NA,NA,359,mabou004
IMG_3932.JPG,26650,8/5/2012,NA,-0.7954964,10.533185,50,Mabounié,"1ha plot mabou004, tag 360",5739,IRD plot,97,360,mabou004
IMG_3935.JPG,26650,8/5/2012,NA,-0.7954964,10.533185,50,Mabounié,"1ha plot mabou004, tag 360",5739,IRD plot,97,360,mabou004
IMG_3936.JPG,26650,8/5/2012,NA,-0.7954964,10.533185,50,Mabounié,"1ha plot mabou004, tag 360",5739,IRD plot,97,360,mabou004
IMG_3938.JPG,26650,8/5/2012,NA,-0.7954964,10.533185,50,Mabounié,"1ha plot mabou004, tag 360",5739,IRD plot,97,360,mabou004
IMG_3940.JPG,26655,8/5/2012,Dacryodes igaganga Aubrév. & Pellegr.,-0.7954964,10.533185,50,Mabounié,"1ha plot mabou004, tag 365",5572,IRD plot,13,365,mabou004
IMG_3941.JPG,26655,8/5/2012,Dacryodes igaganga Aubrév. & Pellegr.,-0.7954964,10.533185,50,Mabounié,"1ha plot mabou004, tag 365",5572,IRD plot,13,365,mabou004
IMG_3943.JPG,26657,8/5/2012,Duguetia confinis (Engl. & Diels) Chatrou,-0.7954964,10.533185,50,Mabounié,"1ha plot mabou004, tag 367",NA,NA,NA,367,mabou004
IMG_3944.JPG,26657,8/5/2012,Duguetia confinis (Engl. & Diels) Chatrou,-0.7954964,10.533185,50,Mabounié,"1ha plot mabou004, tag 367",NA,NA,NA,367,mabou004
IMG_3945.JPG,26657,8/5/2012,Duguetia confinis (Engl. & Diels) Chatrou,-0.7954964,10.533185,50,Mabounié,"1ha plot mabou004, tag 367",NA,NA,NA,367,mabou004
IMG_3946.JPG,26657,8/5/2012,Duguetia confinis (Engl. & Diels) Chatrou,-0.7954964,10.533185,50,Mabounié,"1ha plot mabou004, tag 367",NA,NA,NA,367,mabou004
IMG_3947.JPG,26657,8/5/2012,Duguetia confinis (Engl. & Diels) Chatrou,-0.7954964,10.533185,50,Mabounié,"1ha plot mabou004, tag 367",NA,NA,NA,367,mabou004
IMG_3948.JPG,26657,8/5/2012,Duguetia confinis (Engl. & Diels) Chatrou,-0.7954964,10.533185,50,Mabounié,"1ha plot mabou004, tag 367",NA,NA,NA,367,mabou004
IMG_3950.JPG,26657,8/5/2012,Duguetia confinis (Engl. & Diels) Chatrou,-0.7954964,10.533185,50,Mabounié,"1ha plot mabou004, tag 367",NA,NA,NA,367,mabou004
IMG_3951.JPG,26657,8/5/2012,Duguetia confinis (Engl. & Diels) Chatrou,-0.7954964,10.533185,50,Mabounié,"1ha plot mabou004, tag 367",NA,NA,NA,367,mabou004
IMG_3952.JPG,26663,8/5/2012,Garcinia punctata Oliv.,-0.7954964,10.533185,50,Mabounié,"1ha plot mabou004, tag 373",5685,IRD plot,48,373,mabou004
IMG_3955.JPG,26663,8/5/2012,Garcinia punctata Oliv.,-0.7954964,10.533185,50,Mabounié,"1ha plot mabou004, tag 373",5685,IRD plot,48,373,mabou004
IMG_3957.JPG,26674,8/5/2012,Coula edulis Baill.,-0.7954964,10.533185,50,Mabounié,"1ha plot mabou004, tag 384",NA,NA,NA,384,mabou004
IMG_3958.JPG,26674,8/5/2012,Coula edulis Baill.,-0.7954964,10.533185,50,Mabounié,"1ha plot mabou004, tag 384",NA,NA,NA,384,mabou004
IMG_3959.JPG,26674,8/5/2012,Coula edulis Baill.,-0.7954964,10.533185,50,Mabounié,"1ha plot mabou004, tag 384",NA,NA,NA,384,mabou004
IMG_3960.JPG,26679,8/5/2012,Sindoropsis letestui (Pellegr.) J.Léonard,-0.7954964,10.533185,50,Mabounié,"1ha plot mabou004, tag 389",NA,NA,NA,389,mabou004
IMG_3961.JPG,26679,8/5/2012,Sindoropsis letestui (Pellegr.) J.Léonard,-0.7954964,10.533185,50,Mabounié,"1ha plot mabou004, tag 389",NA,NA,NA,389,mabou004
IMG_3962.JPG,26679,8/5/2012,Sindoropsis letestui (Pellegr.) J.Léonard,-0.7954964,10.533185,50,Mabounié,"1ha plot mabou004, tag 389",NA,NA,NA,389,mabou004
IMG_3963.JPG,26679,8/5/2012,Sindoropsis letestui (Pellegr.) J.Léonard,-0.7954964,10.533185,50,Mabounié,"1ha plot mabou004, tag 389",NA,NA,NA,389,mabou004
IMG_3964.JPG,26685,8/5/2012,Diospyros iturensis (Gürke) Letouzey & F.White,-0.7954964,10.533185,50,Mabounié,"1ha plot mabou004, tag 395",5740,IRD plot,98,395,mabou004
IMG_3966.JPG,26685,8/5/2012,Diospyros iturensis (Gürke) Letouzey & F.White,-0.7954964,10.533185,50,Mabounié,"1ha plot mabou004, tag 395",5740,IRD plot,98,395,mabou004
IMG_3967.JPG,26686,8/5/2012,Anisophyllea purpurascens Hutch. & Dalziel,-0.7954964,10.533185,50,Mabounié,"1ha plot mabou004, tag 396",5741,IRD plot,99,396,mabou004
IMG_3968.JPG,26686,8/5/2012,Anisophyllea purpurascens Hutch. & Dalziel,-0.7954964,10.533185,50,Mabounié,"1ha plot mabou004, tag 396",5741,IRD plot,99,396,mabou004
IMG_3969.JPG,26686,8/5/2012,Anisophyllea purpurascens Hutch. & Dalziel,-0.7954964,10.533185,50,Mabounié,"1ha plot mabou004, tag 396",5741,IRD plot,99,396,mabou004
IMG_3972.JPG,26686,8/5/2012,Anisophyllea purpurascens Hutch. & Dalziel,-0.7954964,10.533185,50,Mabounié,"1ha plot mabou004, tag 396",5741,IRD plot,99,396,mabou004
IMG_3973.JPG,26289,8/5/2012,Pycnanthus angolensis (Welw.) Warb.,-0.7954964,10.533185,50,Mabounié,"1ha plot mabou004, tag 1",NA,NA,NA,1,mabou004
IMG_3975.JPG,26289,8/5/2012,Pycnanthus angolensis (Welw.) Warb.,-0.7954964,10.533185,50,Mabounié,"1ha plot mabou004, tag 1",NA,NA,NA,1,mabou004
IMG_3976.JPG,26289,8/5/2012,Pycnanthus angolensis (Welw.) Warb.,-0.7954964,10.533185,50,Mabounié,"1ha plot mabou004, tag 1",NA,NA,NA,1,mabou004
IMG_3977.JPG,26289,8/5/2012,Pycnanthus angolensis (Welw.) Warb.,-0.7954964,10.533185,50,Mabounié,"1ha plot mabou004, tag 1",NA,NA,NA,1,mabou004
IMG_3978.JPG,26289,8/5/2012,Pycnanthus angolensis (Welw.) Warb.,-0.7954964,10.533185,50,Mabounié,"1ha plot mabou004, tag 1",NA,NA,NA,1,mabou004
IMG_3979.JPG,26289,8/5/2012,Pycnanthus angolensis (Welw.) Warb.,-0.7954964,10.533185,50,Mabounié,"1ha plot mabou004, tag 1",NA,NA,NA,1,mabou004
IMG_3980.JPG,26289,8/5/2012,Pycnanthus angolensis (Welw.) Warb.,-0.7954964,10.533185,50,Mabounié,"1ha plot mabou004, tag 1",NA,NA,NA,1,mabou004
IMG_4317.JPG,25799,4/5/2012,Hypodaphnis zenkeri (Engl.) Stapf,-0.74232364,10.589426,50,Mabounié,"1ha plot mabou002, tag 127",5609,IRD plot,31,127,mabou002
IMG_4318.JPG,25799,4/5/2012,Hypodaphnis zenkeri (Engl.) Stapf,-0.74232364,10.589426,50,Mabounié,"1ha plot mabou002, tag 127",5609,IRD plot,31,127,mabou002
IMG_4319.JPG,25825,4/5/2012,Diospyros zenkeri (Gürke) F.White,-0.74232364,10.589426,50,Mabounié,"1ha plot mabou002, tag 153",4886,IRD plot,32,153,mabou002
IMG_4320.JPG,25825,4/5/2012,Diospyros zenkeri (Gürke) F.White,-0.74232364,10.589426,50,Mabounié,"1ha plot mabou002, tag 153",4886,IRD plot,32,153,mabou002
IMG_4321.JPG,25825,4/5/2012,Diospyros zenkeri (Gürke) F.White,-0.74232364,10.589426,50,Mabounié,"1ha plot mabou002, tag 153",4886,IRD plot,32,153,mabou002
IMG_4322.JPG,25825,4/5/2012,Diospyros zenkeri (Gürke) F.White,-0.74232364,10.589426,50,Mabounié,"1ha plot mabou002, tag 153",4886,IRD plot,32,153,mabou002
IMG_4323.JPG,25826,4/5/2012,Coelocaryon preussii Warb.,-0.74232364,10.589426,50,Mabounié,"1ha plot mabou002, tag 154",NA,NA,NA,154,mabou002
IMG_4324.JPG,25826,4/5/2012,Coelocaryon preussii Warb.,-0.74232364,10.589426,50,Mabounié,"1ha plot mabou002, tag 154",NA,NA,NA,154,mabou002
IMG_4325.JPG,25842,4/5/2012,Diospyros piscatoria Gürke,-0.74232364,10.589426,50,Mabounié,"1ha plot mabou002, tag 170",5632,IRD plot,34,170,mabou002
IMG_4326.JPG,25842,4/5/2012,Diospyros piscatoria Gürke,-0.74232364,10.589426,50,Mabounié,"1ha plot mabou002, tag 170",5632,IRD plot,34,170,mabou002
IMG_4327.JPG,25842,4/5/2012,Diospyros piscatoria Gürke,-0.74232364,10.589426,50,Mabounié,"1ha plot mabou002, tag 170",5632,IRD plot,34,170,mabou002
IMG_4347.JPG,25959,6/5/2012,Garcinia punctata Oliv.,-0.78204834,10.54911,50,Mabounié,"1ha plot mabou003, tag 66",5685,IRD plot,48,66,mabou003
IMG_4348.JPG,25959,6/5/2012,Garcinia punctata Oliv.,-0.78204834,10.54911,50,Mabounié,"1ha plot mabou003, tag 66",5685,IRD plot,48,66,mabou003
IMG_4349.JPG,25959,6/5/2012,Garcinia punctata Oliv.,-0.78204834,10.54911,50,Mabounié,"1ha plot mabou003, tag 66",5685,IRD plot,48,66,mabou003
IMG_4350.JPG,25959,6/5/2012,Garcinia punctata Oliv.,-0.78204834,10.54911,50,Mabounié,"1ha plot mabou003, tag 66",5685,IRD plot,48,66,mabou003
IMG_4351.JPG,25959,6/5/2012,Garcinia punctata Oliv.,-0.78204834,10.54911,50,Mabounié,"1ha plot mabou003, tag 66",5685,IRD plot,48,66,mabou003
IMG_4352.JPG,25959,6/5/2012,Garcinia punctata Oliv.,-0.78204834,10.54911,50,Mabounié,"1ha plot mabou003, tag 66",5685,IRD plot,48,66,mabou003
IMG_4353.JPG,25963,6/5/2012,Diospyros iturensis (Gürke) Letouzey & F.White,-0.78204834,10.54911,50,Mabounié,"1ha plot mabou003, tag 70",5686,IRD plot,49,70,mabou003
IMG_4354.JPG,25963,6/5/2012,Diospyros iturensis (Gürke) Letouzey & F.White,-0.78204834,10.54911,50,Mabounié,"1ha plot mabou003, tag 70",5686,IRD plot,49,70,mabou003
IMG_4355.JPG,25963,6/5/2012,Diospyros iturensis (Gürke) Letouzey & F.White,-0.78204834,10.54911,50,Mabounié,"1ha plot mabou003, tag 70",5686,IRD plot,49,70,mabou003
IMG_4356.JPG,25974,6/5/2012,Diospyros rabiensis Breteler,-0.78204834,10.54911,50,Mabounié,"1ha plot mabou003, tag 81",5688,IRD plot,50,81,mabou003
IMG_4357.JPG,25974,6/5/2012,Diospyros rabiensis Breteler,-0.78204834,10.54911,50,Mabounié,"1ha plot mabou003, tag 81",5688,IRD plot,50,81,mabou003
IMG_4358.JPG,25974,6/5/2012,Diospyros rabiensis Breteler,-0.78204834,10.54911,50,Mabounié,"1ha plot mabou003, tag 81",5688,IRD plot,50,81,mabou003
IMG_4359.JPG,25974,6/5/2012,Diospyros rabiensis Breteler,-0.78204834,10.54911,50,Mabounié,"1ha plot mabou003, tag 81",5688,IRD plot,50,81,mabou003
IMG_4360.JPG,25974,6/5/2012,Diospyros rabiensis Breteler,-0.78204834,10.54911,50,Mabounié,"1ha plot mabou003, tag 81",5688,IRD plot,50,81,mabou003
IMG_4361.JPG,25974,6/5/2012,Diospyros rabiensis Breteler,-0.78204834,10.54911,50,Mabounié,"1ha plot mabou003, tag 81",5688,IRD plot,50,81,mabou003
IMG_4362.JPG,25981,6/5/2012,Pycnanthus angolensis (Welw.) Warb.,-0.78204834,10.54911,50,Mabounié,"1ha plot mabou003, tag 88",NA,NA,NA,88,mabou003
IMG_4363.JPG,25981,6/5/2012,Pycnanthus angolensis (Welw.) Warb.,-0.78204834,10.54911,50,Mabounié,"1ha plot mabou003, tag 88",NA,NA,NA,88,mabou003
IMG_4364.JPG,25981,6/5/2012,Pycnanthus angolensis (Welw.) Warb.,-0.78204834,10.54911,50,Mabounié,"1ha plot mabou003, tag 88",NA,NA,NA,88,mabou003
IMG_4365.JPG,25981,6/5/2012,Pycnanthus angolensis (Welw.) Warb.,-0.78204834,10.54911,50,Mabounié,"1ha plot mabou003, tag 88",NA,NA,NA,88,mabou003
IMG_4366.JPG,25981,6/5/2012,Pycnanthus angolensis (Welw.) Warb.,-0.78204834,10.54911,50,Mabounié,"1ha plot mabou003, tag 88",NA,NA,NA,88,mabou003
IMG_4367.JPG,25981,6/5/2012,Pycnanthus angolensis (Welw.) Warb.,-0.78204834,10.54911,50,Mabounié,"1ha plot mabou003, tag 88",NA,NA,NA,88,mabou003
IMG_4368.JPG,25984,6/5/2012,Diospyros iturensis (Gürke) Letouzey & F.White,-0.78204834,10.54911,50,Mabounié,"1ha plot mabou003, tag 91",5690,IRD plot,52,91,mabou003
IMG_4369.JPG,25984,6/5/2012,Diospyros iturensis (Gürke) Letouzey & F.White,-0.78204834,10.54911,50,Mabounié,"1ha plot mabou003, tag 91",5690,IRD plot,52,91,mabou003
IMG_4370.JPG,25984,6/5/2012,Diospyros iturensis (Gürke) Letouzey & F.White,-0.78204834,10.54911,50,Mabounié,"1ha plot mabou003, tag 91",5690,IRD plot,52,91,mabou003
IMG_4371.JPG,25984,6/5/2012,Diospyros iturensis (Gürke) Letouzey & F.White,-0.78204834,10.54911,50,Mabounié,"1ha plot mabou003, tag 91",5690,IRD plot,52,91,mabou003
IMG_4372.JPG,26000,6/5/2012,Diospyros iturensis (Gürke) Letouzey & F.White,-0.78204834,10.54911,50,Mabounié,"1ha plot mabou003, tag 107",5691,IRD plot,53,107,mabou003
IMG_4373.JPG,26000,6/5/2012,Diospyros iturensis (Gürke) Letouzey & F.White,-0.78204834,10.54911,50,Mabounié,"1ha plot mabou003, tag 107",5691,IRD plot,53,107,mabou003
IMG_4374.JPG,26000,6/5/2012,Diospyros iturensis (Gürke) Letouzey & F.White,-0.78204834,10.54911,50,Mabounié,"1ha plot mabou003, tag 107",5691,IRD plot,53,107,mabou003
IMG_4375.JPG,26000,6/5/2012,Diospyros iturensis (Gürke) Letouzey & F.White,-0.78204834,10.54911,50,Mabounié,"1ha plot mabou003, tag 107",5691,IRD plot,53,107,mabou003
IMG_4376.JPG,26016,6/5/2012,Diospyros iturensis (Gürke) Letouzey & F.White,-0.78204834,10.54911,50,Mabounié,"1ha plot mabou003, tag 123",5692,IRD plot,54,123,mabou003
IMG_4377.JPG,26016,6/5/2012,Diospyros iturensis (Gürke) Letouzey & F.White,-0.78204834,10.54911,50,Mabounié,"1ha plot mabou003, tag 123",5692,IRD plot,54,123,mabou003
IMG_4378.JPG,26016,6/5/2012,Diospyros iturensis (Gürke) Letouzey & F.White,-0.78204834,10.54911,50,Mabounié,"1ha plot mabou003, tag 123",5692,IRD plot,54,123,mabou003
IMG_4379.JPG,26016,6/5/2012,Diospyros iturensis (Gürke) Letouzey & F.White,-0.78204834,10.54911,50,Mabounié,"1ha plot mabou003, tag 123",5692,IRD plot,54,123,mabou003
IMG_4380.JPG,26016,6/5/2012,Diospyros iturensis (Gürke) Letouzey & F.White,-0.78204834,10.54911,50,Mabounié,"1ha plot mabou003, tag 123",5692,IRD plot,54,123,mabou003
IMG_4381.JPG,26040,6/5/2012,Maesobotrya griffoniana (Baill.) Pierre ex Hutch.,-0.78204834,10.54911,50,Mabounié,"1ha plot mabou003, tag 147",5693,IRD plot,55,147,mabou003
IMG_4382.JPG,26040,6/5/2012,Maesobotrya griffoniana (Baill.) Pierre ex Hutch.,-0.78204834,10.54911,50,Mabounié,"1ha plot mabou003, tag 147",5693,IRD plot,55,147,mabou003
IMG_4383.JPG,26040,6/5/2012,Maesobotrya griffoniana (Baill.) Pierre ex Hutch.,-0.78204834,10.54911,50,Mabounié,"1ha plot mabou003, tag 147",5693,IRD plot,55,147,mabou003
IMG_4384.JPG,26040,6/5/2012,Maesobotrya griffoniana (Baill.) Pierre ex Hutch.,-0.78204834,10.54911,50,Mabounié,"1ha plot mabou003, tag 147",5693,IRD plot,55,147,mabou003
IMG_4385.JPG,26040,6/5/2012,Maesobotrya griffoniana (Baill.) Pierre ex Hutch.,-0.78204834,10.54911,50,Mabounié,"1ha plot mabou003, tag 147",5693,IRD plot,55,147,mabou003
IMG_4386.JPG,26040,6/5/2012,Maesobotrya griffoniana (Baill.) Pierre ex Hutch.,-0.78204834,10.54911,50,Mabounié,"1ha plot mabou003, tag 147",5693,IRD plot,55,147,mabou003
IMG_4387.JPG,26040,6/5/2012,Maesobotrya griffoniana (Baill.) Pierre ex Hutch.,-0.78204834,10.54911,50,Mabounié,"1ha plot mabou003, tag 147",5693,IRD plot,55,147,mabou003
IMG_4388.JPG,26052,6/5/2012,Diospyros iturensis (Gürke) Letouzey & F.White,-0.78204834,10.54911,50,Mabounié,"1ha plot mabou003, tag 159",5694,IRD plot,56,159,mabou003
IMG_4389.JPG,26052,6/5/2012,Diospyros iturensis (Gürke) Letouzey & F.White,-0.78204834,10.54911,50,Mabounié,"1ha plot mabou003, tag 159",5694,IRD plot,56,159,mabou003
IMG_4390.JPG,26052,6/5/2012,Diospyros iturensis (Gürke) Letouzey & F.White,-0.78204834,10.54911,50,Mabounié,"1ha plot mabou003, tag 159",5694,IRD plot,56,159,mabou003
IMG_4391.JPG,26052,6/5/2012,Diospyros iturensis (Gürke) Letouzey & F.White,-0.78204834,10.54911,50,Mabounié,"1ha plot mabou003, tag 159",5694,IRD plot,56,159,mabou003
IMG_4392.JPG,26052,6/5/2012,Diospyros iturensis (Gürke) Letouzey & F.White,-0.78204834,10.54911,50,Mabounié,"1ha plot mabou003, tag 159",5694,IRD plot,56,159,mabou003
IMG_4393.JPG,26052,6/5/2012,Diospyros iturensis (Gürke) Letouzey & F.White,-0.78204834,10.54911,50,Mabounié,"1ha plot mabou003, tag 159",5694,IRD plot,56,159,mabou003
IMG_4394.JPG,26052,6/5/2012,Diospyros iturensis (Gürke) Letouzey & F.White,-0.78204834,10.54911,50,Mabounié,"1ha plot mabou003, tag 159",5694,IRD plot,56,159,mabou003
IMG_4395.JPG,26052,6/5/2012,Diospyros iturensis (Gürke) Letouzey & F.White,-0.78204834,10.54911,50,Mabounié,"1ha plot mabou003, tag 159",5694,IRD plot,56,159,mabou003
IMG_4396.JPG,26052,6/5/2012,Diospyros iturensis (Gürke) Letouzey & F.White,-0.78204834,10.54911,50,Mabounié,"1ha plot mabou003, tag 159",5694,IRD plot,56,159,mabou003
IMG_4397.JPG,26053,6/5/2012,NA,-0.78204834,10.54911,50,Mabounié,"1ha plot mabou003, tag 160",5695,IRD plot,57,160,mabou003
IMG_4398.JPG,26053,6/5/2012,NA,-0.78204834,10.54911,50,Mabounié,"1ha plot mabou003, tag 160",5695,IRD plot,57,160,mabou003
IMG_4399.JPG,26053,6/5/2012,NA,-0.78204834,10.54911,50,Mabounié,"1ha plot mabou003, tag 160",5695,IRD plot,57,160,mabou003
IMG_4400.JPG,26053,6/5/2012,NA,-0.78204834,10.54911,50,Mabounié,"1ha plot mabou003, tag 160",5695,IRD plot,57,160,mabou003
IMG_4401.JPG,26053,6/5/2012,NA,-0.78204834,10.54911,50,Mabounié,"1ha plot mabou003, tag 160",5695,IRD plot,57,160,mabou003
IMG_4402.JPG,26053,6/5/2012,NA,-0.78204834,10.54911,50,Mabounié,"1ha plot mabou003, tag 160",5695,IRD plot,57,160,mabou003
IMG_4403.JPG,26053,6/5/2012,NA,-0.78204834,10.54911,50,Mabounié,"1ha plot mabou003, tag 160",5695,IRD plot,57,160,mabou003
IMG_4404.JPG,26053,6/5/2012,NA,-0.78204834,10.54911,50,Mabounié,"1ha plot mabou003, tag 160",5695,IRD plot,57,160,mabou003
IMG_4405.JPG,26055,6/5/2012,Diospyros hoyleana F.White,-0.78204834,10.54911,50,Mabounié,"1ha plot mabou003, tag 162",5696,IRD plot,58,162,mabou003
IMG_4406.JPG,26055,6/5/2012,Diospyros hoyleana F.White,-0.78204834,10.54911,50,Mabounié,"1ha plot mabou003, tag 162",5696,IRD plot,58,162,mabou003
IMG_4407.JPG,26055,6/5/2012,Diospyros hoyleana F.White,-0.78204834,10.54911,50,Mabounié,"1ha plot mabou003, tag 162",5696,IRD plot,58,162,mabou003
IMG_4408.JPG,26055,6/5/2012,Diospyros hoyleana F.White,-0.78204834,10.54911,50,Mabounié,"1ha plot mabou003, tag 162",5696,IRD plot,58,162,mabou003
IMG_4409.JPG,26055,6/5/2012,Diospyros hoyleana F.White,-0.78204834,10.54911,50,Mabounié,"1ha plot mabou003, tag 162",5696,IRD plot,58,162,mabou003
IMG_4410.JPG,26055,6/5/2012,Diospyros hoyleana F.White,-0.78204834,10.54911,50,Mabounié,"1ha plot mabou003, tag 162",5696,IRD plot,58,162,mabou003
IMG_4411.JPG,26055,6/5/2012,Diospyros hoyleana F.White,-0.78204834,10.54911,50,Mabounié,"1ha plot mabou003, tag 162",5696,IRD plot,58,162,mabou003
IMG_4412.JPG,26055,6/5/2012,Diospyros hoyleana F.White,-0.78204834,10.54911,50,Mabounié,"1ha plot mabou003, tag 162",5696,IRD plot,58,162,mabou003
IMG_4413.JPG,26062,6/5/2012,Diospyros iturensis (Gürke) Letouzey & F.White,-0.78204834,10.54911,50,Mabounié,"1ha plot mabou003, tag 169",5699,IRD plot,60,169,mabou003
IMG_4414.JPG,26062,6/5/2012,Diospyros iturensis (Gürke) Letouzey & F.White,-0.78204834,10.54911,50,Mabounié,"1ha plot mabou003, tag 169",5699,IRD plot,60,169,mabou003
IMG_4415.JPG,26062,6/5/2012,Diospyros iturensis (Gürke) Letouzey & F.White,-0.78204834,10.54911,50,Mabounié,"1ha plot mabou003, tag 169",5699,IRD plot,60,169,mabou003
IMG_4416.JPG,26062,6/5/2012,Diospyros iturensis (Gürke) Letouzey & F.White,-0.78204834,10.54911,50,Mabounié,"1ha plot mabou003, tag 169",5699,IRD plot,60,169,mabou003
IMG_4417.JPG,26062,6/5/2012,Diospyros iturensis (Gürke) Letouzey & F.White,-0.78204834,10.54911,50,Mabounié,"1ha plot mabou003, tag 169",5699,IRD plot,60,169,mabou003
IMG_4418.JPG,26070,6/5/2012,NA,-0.78204834,10.54911,50,Mabounié,"1ha plot mabou003, tag 177",5700,IRD plot,61,177,mabou003
IMG_4419.JPG,26070,6/5/2012,NA,-0.78204834,10.54911,50,Mabounié,"1ha plot mabou003, tag 177",5700,IRD plot,61,177,mabou003
IMG_4420.JPG,26070,6/5/2012,NA,-0.78204834,10.54911,50,Mabounié,"1ha plot mabou003, tag 177",5700,IRD plot,61,177,mabou003
IMG_4421.JPG,26070,6/5/2012,NA,-0.78204834,10.54911,50,Mabounié,"1ha plot mabou003, tag 177",5700,IRD plot,61,177,mabou003
IMG_4422.JPG,26070,6/5/2012,NA,-0.78204834,10.54911,50,Mabounié,"1ha plot mabou003, tag 177",5700,IRD plot,61,177,mabou003
IMG_4423.JPG,26070,6/5/2012,NA,-0.78204834,10.54911,50,Mabounié,"1ha plot mabou003, tag 177",5700,IRD plot,61,177,mabou003
IMG_4424.JPG,26070,6/5/2012,NA,-0.78204834,10.54911,50,Mabounié,"1ha plot mabou003, tag 177",5700,IRD plot,61,177,mabou003
IMG_4425.JPG,26079,6/5/2012,Isolona hexaloba (Pierre) Engl.,-0.78204834,10.54911,50,Mabounié,"1ha plot mabou003, tag 186",NA,NA,NA,186,mabou003
IMG_4426.JPG,26079,6/5/2012,Isolona hexaloba (Pierre) Engl.,-0.78204834,10.54911,50,Mabounié,"1ha plot mabou003, tag 186",NA,NA,NA,186,mabou003
IMG_4427.JPG,26079,6/5/2012,Isolona hexaloba (Pierre) Engl.,-0.78204834,10.54911,50,Mabounié,"1ha plot mabou003, tag 186",NA,NA,NA,186,mabou003
IMG_4428.JPG,26079,6/5/2012,Isolona hexaloba (Pierre) Engl.,-0.78204834,10.54911,50,Mabounié,"1ha plot mabou003, tag 186",NA,NA,NA,186,mabou003
IMG_4429.JPG,26079,6/5/2012,Isolona hexaloba (Pierre) Engl.,-0.78204834,10.54911,50,Mabounié,"1ha plot mabou003, tag 186",NA,NA,NA,186,mabou003
IMG_4430.JPG,26079,6/5/2012,Isolona hexaloba (Pierre) Engl.,-0.78204834,10.54911,50,Mabounié,"1ha plot mabou003, tag 186",NA,NA,NA,186,mabou003
IMG_4431.JPG,26079,6/5/2012,Isolona hexaloba (Pierre) Engl.,-0.78204834,10.54911,50,Mabounié,"1ha plot mabou003, tag 186",NA,NA,NA,186,mabou003
IMG_4432.JPG,26079,6/5/2012,Isolona hexaloba (Pierre) Engl.,-0.78204834,10.54911,50,Mabounié,"1ha plot mabou003, tag 186",NA,NA,NA,186,mabou003
IMG_4433.JPG,26088,6/5/2012,Diospyros iturensis (Gürke) Letouzey & F.White,-0.78204834,10.54911,50,Mabounié,"1ha plot mabou003, tag 195",5701,IRD plot,62,195,mabou003
IMG_4434.JPG,26088,6/5/2012,Diospyros iturensis (Gürke) Letouzey & F.White,-0.78204834,10.54911,50,Mabounié,"1ha plot mabou003, tag 195",5701,IRD plot,62,195,mabou003
IMG_4435.JPG,26088,6/5/2012,Diospyros iturensis (Gürke) Letouzey & F.White,-0.78204834,10.54911,50,Mabounié,"1ha plot mabou003, tag 195",5701,IRD plot,62,195,mabou003
IMG_4436.JPG,26088,6/5/2012,Diospyros iturensis (Gürke) Letouzey & F.White,-0.78204834,10.54911,50,Mabounié,"1ha plot mabou003, tag 195",5701,IRD plot,62,195,mabou003
IMG_4437.JPG,26088,6/5/2012,Diospyros iturensis (Gürke) Letouzey & F.White,-0.78204834,10.54911,50,Mabounié,"1ha plot mabou003, tag 195",5701,IRD plot,62,195,mabou003
IMG_4438.JPG,26088,6/5/2012,Diospyros iturensis (Gürke) Letouzey & F.White,-0.78204834,10.54911,50,Mabounié,"1ha plot mabou003, tag 195",5701,IRD plot,62,195,mabou003
IMG_4439.JPG,26088,6/5/2012,Diospyros iturensis (Gürke) Letouzey & F.White,-0.78204834,10.54911,50,Mabounié,"1ha plot mabou003, tag 195",5701,IRD plot,62,195,mabou003
IMG_4440.JPG,26332,8/5/2012,Strombosiopsis tetrandra Engl.,-0.7954964,10.533185,50,Mabounié,"1ha plot mabou004, tag 44",5717,IRD plot,77,44,mabou004
IMG_4441.JPG,26332,8/5/2012,Strombosiopsis tetrandra Engl.,-0.7954964,10.533185,50,Mabounié,"1ha plot mabou004, tag 44",5717,IRD plot,77,44,mabou004
IMG_4442.JPG,26332,8/5/2012,Strombosiopsis tetrandra Engl.,-0.7954964,10.533185,50,Mabounié,"1ha plot mabou004, tag 44",5717,IRD plot,77,44,mabou004
IMG_4443.JPG,26332,8/5/2012,Strombosiopsis tetrandra Engl.,-0.7954964,10.533185,50,Mabounié,"1ha plot mabou004, tag 44",5717,IRD plot,77,44,mabou004
IMG_4444.JPG,26332,8/5/2012,Strombosiopsis tetrandra Engl.,-0.7954964,10.533185,50,Mabounié,"1ha plot mabou004, tag 44",5717,IRD plot,77,44,mabou004
IMG_4452.JPG,26361,8/5/2012,NA,-0.7954964,10.533185,50,Mabounié,"1ha plot mabou004, tag 72",NA,NA,NA,72,mabou004
IMG_4453.JPG,26361,8/5/2012,NA,-0.7954964,10.533185,50,Mabounié,"1ha plot mabou004, tag 72",NA,NA,NA,72,mabou004
IMG_4454.JPG,26361,8/5/2012,NA,-0.7954964,10.533185,50,Mabounié,"1ha plot mabou004, tag 72",NA,NA,NA,72,mabou004
IMG_4455.JPG,26361,8/5/2012,NA,-0.7954964,10.533185,50,Mabounié,"1ha plot mabou004, tag 72",NA,NA,NA,72,mabou004
IMG_4456.JPG,26361,8/5/2012,NA,-0.7954964,10.533185,50,Mabounié,"1ha plot mabou004, tag 72",NA,NA,NA,72,mabou004
IMG_4457.JPG,26361,8/5/2012,NA,-0.7954964,10.533185,50,Mabounié,"1ha plot mabou004, tag 72",NA,NA,NA,72,mabou004
IMG_4458.JPG,26361,8/5/2012,NA,-0.7954964,10.533185,50,Mabounié,"1ha plot mabou004, tag 72",NA,NA,NA,72,mabou004
IMG_4459.JPG,26406,8/5/2012,Chrysophyllum africanum A.DC.,-0.7954964,10.533185,50,Mabounié,"1ha plot mabou004, tag 117",5559,IRD plot,115,117,mabou004
IMG_4460.JPG,26406,8/5/2012,Chrysophyllum africanum A.DC.,-0.7954964,10.533185,50,Mabounié,"1ha plot mabou004, tag 117",5559,IRD plot,115,117,mabou004
IMG_4461.JPG,26406,8/5/2012,Chrysophyllum africanum A.DC.,-0.7954964,10.533185,50,Mabounié,"1ha plot mabou004, tag 117",5559,IRD plot,115,117,mabou004
IMG_4462.JPG,26406,8/5/2012,Chrysophyllum africanum A.DC.,-0.7954964,10.533185,50,Mabounié,"1ha plot mabou004, tag 117",5559,IRD plot,115,117,mabou004
IMG_4463.JPG,26406,8/5/2012,Chrysophyllum africanum A.DC.,-0.7954964,10.533185,50,Mabounié,"1ha plot mabou004, tag 117",5559,IRD plot,115,117,mabou004
IMG_4464.JPG,26406,8/5/2012,Chrysophyllum africanum A.DC.,-0.7954964,10.533185,50,Mabounié,"1ha plot mabou004, tag 117",5559,IRD plot,115,117,mabou004
IMG_4465.JPG,26493,8/5/2012,Diospyros simulans F.White,-0.7954964,10.533185,50,Mabounié,"1ha plot mabou004, tag 204",5728,IRD plot,87,204,mabou004
IMG_4466.JPG,26493,8/5/2012,Diospyros simulans F.White,-0.7954964,10.533185,50,Mabounié,"1ha plot mabou004, tag 204",5728,IRD plot,87,204,mabou004
IMG_4467.JPG,26493,8/5/2012,Diospyros simulans F.White,-0.7954964,10.533185,50,Mabounié,"1ha plot mabou004, tag 204",5728,IRD plot,87,204,mabou004
IMG_4468.JPG,26493,8/5/2012,Diospyros simulans F.White,-0.7954964,10.533185,50,Mabounié,"1ha plot mabou004, tag 204",5728,IRD plot,87,204,mabou004
IMG_4469.JPG,26493,8/5/2012,Diospyros simulans F.White,-0.7954964,10.533185,50,Mabounié,"1ha plot mabou004, tag 204",5728,IRD plot,87,204,mabou004
IMG_4470.JPG,26493,8/5/2012,Diospyros simulans F.White,-0.7954964,10.533185,50,Mabounié,"1ha plot mabou004, tag 204",5728,IRD plot,87,204,mabou004
IMG_4471.JPG,26493,8/5/2012,Diospyros simulans F.White,-0.7954964,10.533185,50,Mabounié,"1ha plot mabou004, tag 204",5728,IRD plot,87,204,mabou004
IMG_4472.JPG,26493,8/5/2012,Diospyros simulans F.White,-0.7954964,10.533185,50,Mabounié,"1ha plot mabou004, tag 204",5728,IRD plot,87,204,mabou004
IMG_4557.JPG,26509,8/5/2012,Irvingia gabonensis (Aubry-Lecomte ex O'Rorke) Baill.,-0.7954964,10.533185,50,Mabounié,"1ha plot mabou004, tag 219",5729,IRD plot,88,219,mabou004
IMG_4558.JPG,26509,8/5/2012,Irvingia gabonensis (Aubry-Lecomte ex O'Rorke) Baill.,-0.7954964,10.533185,50,Mabounié,"1ha plot mabou004, tag 219",5729,IRD plot,88,219,mabou004
IMG_4559.JPG,26509,8/5/2012,Irvingia gabonensis (Aubry-Lecomte ex O'Rorke) Baill.,-0.7954964,10.533185,50,Mabounié,"1ha plot mabou004, tag 219",5729,IRD plot,88,219,mabou004
IMG_4560.JPG,26509,8/5/2012,Irvingia gabonensis (Aubry-Lecomte ex O'Rorke) Baill.,-0.7954964,10.533185,50,Mabounié,"1ha plot mabou004, tag 219",5729,IRD plot,88,219,mabou004
IMG_4561.JPG,26509,8/5/2012,Irvingia gabonensis (Aubry-Lecomte ex O'Rorke) Baill.,-0.7954964,10.533185,50,Mabounié,"1ha plot mabou004, tag 219",5729,IRD plot,88,219,mabou004
IMG_4562.JPG,26509,8/5/2012,Irvingia gabonensis (Aubry-Lecomte ex O'Rorke) Baill.,-0.7954964,10.533185,50,Mabounié,"1ha plot mabou004, tag 219",5729,IRD plot,88,219,mabou004
IMG_4563.JPG,26509,8/5/2012,Irvingia gabonensis (Aubry-Lecomte ex O'Rorke) Baill.,-0.7954964,10.533185,50,Mabounié,"1ha plot mabou004, tag 219",5729,IRD plot,88,219,mabou004
IMG_4564.JPG,26509,8/5/2012,Irvingia gabonensis (Aubry-Lecomte ex O'Rorke) Baill.,-0.7954964,10.533185,50,Mabounié,"1ha plot mabou004, tag 219",5729,IRD plot,88,219,mabou004
IMG_4566.JPG,26524,8/5/2012,Scytopetalum klaineanum Pierre,-0.7954964,10.533185,50,Mabounié,"1ha plot mabou004, tag 234",5730,IRD plot,89,234,mabou004
IMG_4568.JPG,26524,8/5/2012,Scytopetalum klaineanum Pierre,-0.7954964,10.533185,50,Mabounié,"1ha plot mabou004, tag 234",5730,IRD plot,89,234,mabou004
IMG_4569.JPG,26524,8/5/2012,Scytopetalum klaineanum Pierre,-0.7954964,10.533185,50,Mabounié,"1ha plot mabou004, tag 234",5730,IRD plot,89,234,mabou004
IMG_4570.JPG,26524,8/5/2012,Scytopetalum klaineanum Pierre,-0.7954964,10.533185,50,Mabounié,"1ha plot mabou004, tag 234",5730,IRD plot,89,234,mabou004
IMG_4571.JPG,26533,8/5/2012,Drypetes aylmeri Hutch. & Dalziel,-0.7954964,10.533185,50,Mabounié,"1ha plot mabou004, tag 243",5732,IRD plot,90,243,mabou004
IMG_4572.JPG,26533,8/5/2012,Drypetes aylmeri Hutch. & Dalziel,-0.7954964,10.533185,50,Mabounié,"1ha plot mabou004, tag 243",5732,IRD plot,90,243,mabou004
IMG_4573.JPG,26533,8/5/2012,Drypetes aylmeri Hutch. & Dalziel,-0.7954964,10.533185,50,Mabounié,"1ha plot mabou004, tag 243",5732,IRD plot,90,243,mabou004
IMG_4574.JPG,26533,8/5/2012,Drypetes aylmeri Hutch. & Dalziel,-0.7954964,10.533185,50,Mabounié,"1ha plot mabou004, tag 243",5732,IRD plot,90,243,mabou004
IMG_4575.JPG,26533,8/5/2012,Drypetes aylmeri Hutch. & Dalziel,-0.7954964,10.533185,50,Mabounié,"1ha plot mabou004, tag 243",5732,IRD plot,90,243,mabou004
IMG_4576.JPG,26533,8/5/2012,Drypetes aylmeri Hutch. & Dalziel,-0.7954964,10.533185,50,Mabounié,"1ha plot mabou004, tag 243",5732,IRD plot,90,243,mabou004
IMG_4577.JPG,26533,8/5/2012,Drypetes aylmeri Hutch. & Dalziel,-0.7954964,10.533185,50,Mabounié,"1ha plot mabou004, tag 243",5732,IRD plot,90,243,mabou004
IMG_4578.JPG,26533,8/5/2012,Drypetes aylmeri Hutch. & Dalziel,-0.7954964,10.533185,50,Mabounié,"1ha plot mabou004, tag 243",5732,IRD plot,90,243,mabou004
IMG_4579.JPG,26533,8/5/2012,Drypetes aylmeri Hutch. & Dalziel,-0.7954964,10.533185,50,Mabounié,"1ha plot mabou004, tag 243",5732,IRD plot,90,243,mabou004
IMG_4580.JPG,26537,8/5/2012,Greenwayodendron gabonicum (Le Thomas) Lissambou & Couvreur,-0.7954964,10.533185,50,Mabounié,"1ha plot mabou004, tag 247",5733,IRD plot,91,247,mabou004
IMG_4581.JPG,26537,8/5/2012,Greenwayodendron gabonicum (Le Thomas) Lissambou & Couvreur,-0.7954964,10.533185,50,Mabounié,"1ha plot mabou004, tag 247",5733,IRD plot,91,247,mabou004
IMG_4582.JPG,26537,8/5/2012,Greenwayodendron gabonicum (Le Thomas) Lissambou & Couvreur,-0.7954964,10.533185,50,Mabounié,"1ha plot mabou004, tag 247",5733,IRD plot,91,247,mabou004
IMG_4583.JPG,26537,8/5/2012,Greenwayodendron gabonicum (Le Thomas) Lissambou & Couvreur,-0.7954964,10.533185,50,Mabounié,"1ha plot mabou004, tag 247",5733,IRD plot,91,247,mabou004
IMG_4584.JPG,26537,8/5/2012,Greenwayodendron gabonicum (Le Thomas) Lissambou & Couvreur,-0.7954964,10.533185,50,Mabounié,"1ha plot mabou004, tag 247",5733,IRD plot,91,247,mabou004
IMG_4585.JPG,26537,8/5/2012,Greenwayodendron gabonicum (Le Thomas) Lissambou & Couvreur,-0.7954964,10.533185,50,Mabounié,"1ha plot mabou004, tag 247",5733,IRD plot,91,247,mabou004
IMG_4586.JPG,26537,8/5/2012,Greenwayodendron gabonicum (Le Thomas) Lissambou & Couvreur,-0.7954964,10.533185,50,Mabounié,"1ha plot mabou004, tag 247",5733,IRD plot,91,247,mabou004
IMG_4587.JPG,26537,8/5/2012,Greenwayodendron gabonicum (Le Thomas) Lissambou & Couvreur,-0.7954964,10.533185,50,Mabounié,"1ha plot mabou004, tag 247",5733,IRD plot,91,247,mabou004
IMG_4588.JPG,26537,8/5/2012,Greenwayodendron gabonicum (Le Thomas) Lissambou & Couvreur,-0.7954964,10.533185,50,Mabounié,"1ha plot mabou004, tag 247",5733,IRD plot,91,247,mabou004
IMG_4589.JPG,26542,8/5/2012,Maesobotrya griffoniana (Baill.) Pierre ex Hutch.,-0.7954964,10.533185,50,Mabounié,"1ha plot mabou004, tag 252",5734,IRD plot,92,252,mabou004
IMG_4590.JPG,26542,8/5/2012,Maesobotrya griffoniana (Baill.) Pierre ex Hutch.,-0.7954964,10.533185,50,Mabounié,"1ha plot mabou004, tag 252",5734,IRD plot,92,252,mabou004
IMG_4591.JPG,26542,8/5/2012,Maesobotrya griffoniana (Baill.) Pierre ex Hutch.,-0.7954964,10.533185,50,Mabounié,"1ha plot mabou004, tag 252",5734,IRD plot,92,252,mabou004
IMG_4592.JPG,26542,8/5/2012,Maesobotrya griffoniana (Baill.) Pierre ex Hutch.,-0.7954964,10.533185,50,Mabounié,"1ha plot mabou004, tag 252",5734,IRD plot,92,252,mabou004
IMG_4593.JPG,26542,8/5/2012,Maesobotrya griffoniana (Baill.) Pierre ex Hutch.,-0.7954964,10.533185,50,Mabounié,"1ha plot mabou004, tag 252",5734,IRD plot,92,252,mabou004
IMG_4594.JPG,26542,8/5/2012,Maesobotrya griffoniana (Baill.) Pierre ex Hutch.,-0.7954964,10.533185,50,Mabounié,"1ha plot mabou004, tag 252",5734,IRD plot,92,252,mabou004
IMG_4595.JPG,26542,8/5/2012,Maesobotrya griffoniana (Baill.) Pierre ex Hutch.,-0.7954964,10.533185,50,Mabounié,"1ha plot mabou004, tag 252",5734,IRD plot,92,252,mabou004
IMG_4596.JPG,26542,8/5/2012,Maesobotrya griffoniana (Baill.) Pierre ex Hutch.,-0.7954964,10.533185,50,Mabounié,"1ha plot mabou004, tag 252",5734,IRD plot,92,252,mabou004
IMG_4597.JPG,26542,8/5/2012,Maesobotrya griffoniana (Baill.) Pierre ex Hutch.,-0.7954964,10.533185,50,Mabounié,"1ha plot mabou004, tag 252",5734,IRD plot,92,252,mabou004
IMG_4598.JPG,26542,8/5/2012,Maesobotrya griffoniana (Baill.) Pierre ex Hutch.,-0.7954964,10.533185,50,Mabounié,"1ha plot mabou004, tag 252",5734,IRD plot,92,252,mabou004
IMG_4599.JPG,26542,8/5/2012,Maesobotrya griffoniana (Baill.) Pierre ex Hutch.,-0.7954964,10.533185,50,Mabounié,"1ha plot mabou004, tag 252",5734,IRD plot,92,252,mabou004
IMG_4600.JPG,26562,8/5/2012,Dialium bipindense Harms,-0.7954964,10.533185,50,Mabounié,"1ha plot mabou004, tag 272",5735,IRD plot,93,272,mabou004
IMG_4601.JPG,26562,8/5/2012,Dialium bipindense Harms,-0.7954964,10.533185,50,Mabounié,"1ha plot mabou004, tag 272",5735,IRD plot,93,272,mabou004
IMG_4602.JPG,26562,8/5/2012,Dialium bipindense Harms,-0.7954964,10.533185,50,Mabounié,"1ha plot mabou004, tag 272",5735,IRD plot,93,272,mabou004
IMG_4603.JPG,26562,8/5/2012,Dialium bipindense Harms,-0.7954964,10.533185,50,Mabounié,"1ha plot mabou004, tag 272",5735,IRD plot,93,272,mabou004
IMG_4604.JPG,26562,8/5/2012,Dialium bipindense Harms,-0.7954964,10.533185,50,Mabounié,"1ha plot mabou004, tag 272",5735,IRD plot,93,272,mabou004
IMG_4605.JPG,26562,8/5/2012,Dialium bipindense Harms,-0.7954964,10.533185,50,Mabounié,"1ha plot mabou004, tag 272",5735,IRD plot,93,272,mabou004
IMG_4606.JPG,26586,8/5/2012,Dialium guineense Willd.,-0.7954964,10.533185,50,Mabounié,"1ha plot mabou004, tag 296",5737,IRD plot,95,296,mabou004
IMG_4607.JPG,26586,8/5/2012,Dialium guineense Willd.,-0.7954964,10.533185,50,Mabounié,"1ha plot mabou004, tag 296",5737,IRD plot,95,296,mabou004
IMG_4608.JPG,26586,8/5/2012,Dialium guineense Willd.,-0.7954964,10.533185,50,Mabounié,"1ha plot mabou004, tag 296",5737,IRD plot,95,296,mabou004
IMG_4609.JPG,26586,8/5/2012,Dialium guineense Willd.,-0.7954964,10.533185,50,Mabounié,"1ha plot mabou004, tag 296",5737,IRD plot,95,296,mabou004
IMG_4610.JPG,26586,8/5/2012,Dialium guineense Willd.,-0.7954964,10.533185,50,Mabounié,"1ha plot mabou004, tag 296",5737,IRD plot,95,296,mabou004
IMG_4611.JPG,26586,8/5/2012,Dialium guineense Willd.,-0.7954964,10.533185,50,Mabounié,"1ha plot mabou004, tag 296",5737,IRD plot,95,296,mabou004
IMG_4612.JPG,26586,8/5/2012,Dialium guineense Willd.,-0.7954964,10.533185,50,Mabounié,"1ha plot mabou004, tag 296",5737,IRD plot,95,296,mabou004
IMG_4613.JPG,26586,8/5/2012,Dialium guineense Willd.,-0.7954964,10.533185,50,Mabounié,"1ha plot mabou004, tag 296",5737,IRD plot,95,296,mabou004
IMG_4614.JPG,26586,8/5/2012,Dialium guineense Willd.,-0.7954964,10.533185,50,Mabounié,"1ha plot mabou004, tag 296",5737,IRD plot,95,296,mabou004
IMG_4639.JPG,26704,9/5/2012,Canarium schweinfurthii Engl.,-0.7143111,10.583917,50,Mabounié,"1ha plot mabou005, tag 16",NA,NA,NA,16,mabou005
IMG_4640.JPG,26704,9/5/2012,Canarium schweinfurthii Engl.,-0.7143111,10.583917,50,Mabounié,"1ha plot mabou005, tag 16",NA,NA,NA,16,mabou005
IMG_4641.JPG,26704,9/5/2012,Canarium schweinfurthii Engl.,-0.7143111,10.583917,50,Mabounié,"1ha plot mabou005, tag 16",NA,NA,NA,16,mabou005
IMG_4642.JPG,26704,9/5/2012,Canarium schweinfurthii Engl.,-0.7143111,10.583917,50,Mabounié,"1ha plot mabou005, tag 16",NA,NA,NA,16,mabou005
IMG_4643.JPG,26704,9/5/2012,Canarium schweinfurthii Engl.,-0.7143111,10.583917,50,Mabounié,"1ha plot mabou005, tag 16",NA,NA,NA,16,mabou005
IMG_4644.JPG,26704,9/5/2012,Canarium schweinfurthii Engl.,-0.7143111,10.583917,50,Mabounié,"1ha plot mabou005, tag 16",NA,NA,NA,16,mabou005
IMG_4645.JPG,26722,9/5/2012,Diospyros cinnabarina (Gürke) F.White,-0.7143111,10.583917,50,Mabounié,"1ha plot mabou005, tag 33",5542,IRD plot,100,33,mabou005
IMG_4646.JPG,26722,9/5/2012,Diospyros cinnabarina (Gürke) F.White,-0.7143111,10.583917,50,Mabounié,"1ha plot mabou005, tag 33",5542,IRD plot,100,33,mabou005
IMG_4647.JPG,26722,9/5/2012,Diospyros cinnabarina (Gürke) F.White,-0.7143111,10.583917,50,Mabounié,"1ha plot mabou005, tag 33",5542,IRD plot,100,33,mabou005
IMG_4648.JPG,26722,9/5/2012,Diospyros cinnabarina (Gürke) F.White,-0.7143111,10.583917,50,Mabounié,"1ha plot mabou005, tag 33",5542,IRD plot,100,33,mabou005
IMG_4649.JPG,26722,9/5/2012,Diospyros cinnabarina (Gürke) F.White,-0.7143111,10.583917,50,Mabounié,"1ha plot mabou005, tag 33",5542,IRD plot,100,33,mabou005
IMG_4650.JPG,26722,9/5/2012,Diospyros cinnabarina (Gürke) F.White,-0.7143111,10.583917,50,Mabounié,"1ha plot mabou005, tag 33",5542,IRD plot,100,33,mabou005
IMG_4651.JPG,26735,9/5/2012,Anisophyllea purpurascens Hutch. & Dalziel,-0.7143111,10.583917,50,Mabounié,"1ha plot mabou005, tag 46",5543,IRD plot,101,46,mabou005
IMG_4652.JPG,26735,9/5/2012,Anisophyllea purpurascens Hutch. & Dalziel,-0.7143111,10.583917,50,Mabounié,"1ha plot mabou005, tag 46",5543,IRD plot,101,46,mabou005
IMG_4653.JPG,26735,9/5/2012,Anisophyllea purpurascens Hutch. & Dalziel,-0.7143111,10.583917,50,Mabounié,"1ha plot mabou005, tag 46",5543,IRD plot,101,46,mabou005
IMG_4654.JPG,26735,9/5/2012,Anisophyllea purpurascens Hutch. & Dalziel,-0.7143111,10.583917,50,Mabounié,"1ha plot mabou005, tag 46",5543,IRD plot,101,46,mabou005
IMG_4655.JPG,26735,9/5/2012,Anisophyllea purpurascens Hutch. & Dalziel,-0.7143111,10.583917,50,Mabounié,"1ha plot mabou005, tag 46",5543,IRD plot,101,46,mabou005
IMG_4656.JPG,26735,9/5/2012,Anisophyllea purpurascens Hutch. & Dalziel,-0.7143111,10.583917,50,Mabounié,"1ha plot mabou005, tag 46",5543,IRD plot,101,46,mabou005
IMG_4657.JPG,26735,9/5/2012,Anisophyllea purpurascens Hutch. & Dalziel,-0.7143111,10.583917,50,Mabounié,"1ha plot mabou005, tag 46",5543,IRD plot,101,46,mabou005
IMG_4658.JPG,26754,9/5/2012,Synsepalum longicuneatum De Wild.,-0.7143111,10.583917,50,Mabounié,"1ha plot mabou005, tag 65",5544,IRD plot,102,65,mabou005
IMG_4659.JPG,26754,9/5/2012,Synsepalum longicuneatum De Wild.,-0.7143111,10.583917,50,Mabounié,"1ha plot mabou005, tag 65",5544,IRD plot,102,65,mabou005
IMG_4660.JPG,26754,9/5/2012,Synsepalum longicuneatum De Wild.,-0.7143111,10.583917,50,Mabounié,"1ha plot mabou005, tag 65",5544,IRD plot,102,65,mabou005
IMG_4661.JPG,26754,9/5/2012,Synsepalum longicuneatum De Wild.,-0.7143111,10.583917,50,Mabounié,"1ha plot mabou005, tag 65",5544,IRD plot,102,65,mabou005
IMG_4662.JPG,26754,9/5/2012,Synsepalum longicuneatum De Wild.,-0.7143111,10.583917,50,Mabounié,"1ha plot mabou005, tag 65",5544,IRD plot,102,65,mabou005
IMG_4663.JPG,26754,9/5/2012,Synsepalum longicuneatum De Wild.,-0.7143111,10.583917,50,Mabounié,"1ha plot mabou005, tag 65",5544,IRD plot,102,65,mabou005
IMG_4665.JPG,26778,9/5/2012,Beilschmiedia fulva Robyns & R.Wilczek,-0.7143111,10.583917,50,Mabounié,"1ha plot mabou005, tag 88",5545,IRD plot,103,88,mabou005
IMG_4666.JPG,26778,9/5/2012,Beilschmiedia fulva Robyns & R.Wilczek,-0.7143111,10.583917,50,Mabounié,"1ha plot mabou005, tag 88",5545,IRD plot,103,88,mabou005
IMG_4667.JPG,26778,9/5/2012,Beilschmiedia fulva Robyns & R.Wilczek,-0.7143111,10.583917,50,Mabounié,"1ha plot mabou005, tag 88",5545,IRD plot,103,88,mabou005
IMG_4668.JPG,26778,9/5/2012,Beilschmiedia fulva Robyns & R.Wilczek,-0.7143111,10.583917,50,Mabounié,"1ha plot mabou005, tag 88",5545,IRD plot,103,88,mabou005
IMG_4669.JPG,26778,9/5/2012,Beilschmiedia fulva Robyns & R.Wilczek,-0.7143111,10.583917,50,Mabounié,"1ha plot mabou005, tag 88",5545,IRD plot,103,88,mabou005
IMG_4670.JPG,26778,9/5/2012,Beilschmiedia fulva Robyns & R.Wilczek,-0.7143111,10.583917,50,Mabounié,"1ha plot mabou005, tag 88",5545,IRD plot,103,88,mabou005
IMG_4671.JPG,26778,9/5/2012,Beilschmiedia fulva Robyns & R.Wilczek,-0.7143111,10.583917,50,Mabounié,"1ha plot mabou005, tag 88",5545,IRD plot,103,88,mabou005
IMG_4672.JPG,26795,9/5/2012,Diospyros cinnabarina (Gürke) F.White,-0.7143111,10.583917,50,Mabounié,"1ha plot mabou005, tag 103",5546,IRD plot,104,103,mabou005
IMG_4673.JPG,26795,9/5/2012,Diospyros cinnabarina (Gürke) F.White,-0.7143111,10.583917,50,Mabounié,"1ha plot mabou005, tag 103",5546,IRD plot,104,103,mabou005
IMG_4674.JPG,26795,9/5/2012,Diospyros cinnabarina (Gürke) F.White,-0.7143111,10.583917,50,Mabounié,"1ha plot mabou005, tag 103",5546,IRD plot,104,103,mabou005
IMG_4675.JPG,26795,9/5/2012,Diospyros cinnabarina (Gürke) F.White,-0.7143111,10.583917,50,Mabounié,"1ha plot mabou005, tag 103",5546,IRD plot,104,103,mabou005
IMG_4676.JPG,26795,9/5/2012,Diospyros cinnabarina (Gürke) F.White,-0.7143111,10.583917,50,Mabounié,"1ha plot mabou005, tag 103",5546,IRD plot,104,103,mabou005
IMG_4677.JPG,26795,9/5/2012,Diospyros cinnabarina (Gürke) F.White,-0.7143111,10.583917,50,Mabounié,"1ha plot mabou005, tag 103",5546,IRD plot,104,103,mabou005
IMG_4678.JPG,26795,9/5/2012,Diospyros cinnabarina (Gürke) F.White,-0.7143111,10.583917,50,Mabounié,"1ha plot mabou005, tag 103",5546,IRD plot,104,103,mabou005
IMG_4679.JPG,26801,9/5/2012,NA,-0.7143111,10.583917,50,Mabounié,"1ha plot mabou005, tag 109",5547,IRD plot,105,109,mabou005
IMG_4680.JPG,26801,9/5/2012,NA,-0.7143111,10.583917,50,Mabounié,"1ha plot mabou005, tag 109",5547,IRD plot,105,109,mabou005
IMG_4681.JPG,26801,9/5/2012,NA,-0.7143111,10.583917,50,Mabounié,"1ha plot mabou005, tag 109",5547,IRD plot,105,109,mabou005
IMG_4682.JPG,26801,9/5/2012,NA,-0.7143111,10.583917,50,Mabounié,"1ha plot mabou005, tag 109",5547,IRD plot,105,109,mabou005
IMG_4683.JPG,26801,9/5/2012,NA,-0.7143111,10.583917,50,Mabounié,"1ha plot mabou005, tag 109",5547,IRD plot,105,109,mabou005
IMG_4684.JPG,26801,9/5/2012,NA,-0.7143111,10.583917,50,Mabounié,"1ha plot mabou005, tag 109",5547,IRD plot,105,109,mabou005
IMG_4685.JPG,26801,9/5/2012,NA,-0.7143111,10.583917,50,Mabounié,"1ha plot mabou005, tag 109",5547,IRD plot,105,109,mabou005
IMG_4686.JPG,26801,9/5/2012,NA,-0.7143111,10.583917,50,Mabounié,"1ha plot mabou005, tag 109",5547,IRD plot,105,109,mabou005
IMG_4687.JPG,26801,9/5/2012,NA,-0.7143111,10.583917,50,Mabounié,"1ha plot mabou005, tag 109",5547,IRD plot,105,109,mabou005
IMG_4688.JPG,26801,9/5/2012,NA,-0.7143111,10.583917,50,Mabounié,"1ha plot mabou005, tag 109",5547,IRD plot,105,109,mabou005
IMG_4689.JPG,26804,9/5/2012,Anisophyllea purpurascens Hutch. & Dalziel,-0.7143111,10.583917,50,Mabounié,"1ha plot mabou005, tag 112",5548,IRD plot,106,112,mabou005
IMG_4690.JPG,26804,9/5/2012,Anisophyllea purpurascens Hutch. & Dalziel,-0.7143111,10.583917,50,Mabounié,"1ha plot mabou005, tag 112",5548,IRD plot,106,112,mabou005
IMG_4691.JPG,26804,9/5/2012,Anisophyllea purpurascens Hutch. & Dalziel,-0.7143111,10.583917,50,Mabounié,"1ha plot mabou005, tag 112",5548,IRD plot,106,112,mabou005
IMG_4692.JPG,26804,9/5/2012,Anisophyllea purpurascens Hutch. & Dalziel,-0.7143111,10.583917,50,Mabounié,"1ha plot mabou005, tag 112",5548,IRD plot,106,112,mabou005
IMG_4693.JPG,26804,9/5/2012,Anisophyllea purpurascens Hutch. & Dalziel,-0.7143111,10.583917,50,Mabounié,"1ha plot mabou005, tag 112",5548,IRD plot,106,112,mabou005
IMG_4694.JPG,26805,9/5/2012,Trichoscypha patens (Oliv.) Engl.,-0.7143111,10.583917,50,Mabounié,"1ha plot mabou005, tag 113",5549,IRD plot,107,113,mabou005
IMG_4695.JPG,26805,9/5/2012,Trichoscypha patens (Oliv.) Engl.,-0.7143111,10.583917,50,Mabounié,"1ha plot mabou005, tag 113",5549,IRD plot,107,113,mabou005
IMG_4696.JPG,26805,9/5/2012,Trichoscypha patens (Oliv.) Engl.,-0.7143111,10.583917,50,Mabounié,"1ha plot mabou005, tag 113",5549,IRD plot,107,113,mabou005
IMG_4697.JPG,26805,9/5/2012,Trichoscypha patens (Oliv.) Engl.,-0.7143111,10.583917,50,Mabounié,"1ha plot mabou005, tag 113",5549,IRD plot,107,113,mabou005
IMG_4698.JPG,26805,9/5/2012,Trichoscypha patens (Oliv.) Engl.,-0.7143111,10.583917,50,Mabounié,"1ha plot mabou005, tag 113",5549,IRD plot,107,113,mabou005
IMG_4699.JPG,26805,9/5/2012,Trichoscypha patens (Oliv.) Engl.,-0.7143111,10.583917,50,Mabounié,"1ha plot mabou005, tag 113",5549,IRD plot,107,113,mabou005
IMG_4700.JPG,26805,9/5/2012,Trichoscypha patens (Oliv.) Engl.,-0.7143111,10.583917,50,Mabounié,"1ha plot mabou005, tag 113",5549,IRD plot,107,113,mabou005
IMG_4701.JPG,26805,9/5/2012,Trichoscypha patens (Oliv.) Engl.,-0.7143111,10.583917,50,Mabounié,"1ha plot mabou005, tag 113",5549,IRD plot,107,113,mabou005
IMG_4702.JPG,26805,9/5/2012,Trichoscypha patens (Oliv.) Engl.,-0.7143111,10.583917,50,Mabounié,"1ha plot mabou005, tag 113",5549,IRD plot,107,113,mabou005
IMG_4703.JPG,26805,9/5/2012,Trichoscypha patens (Oliv.) Engl.,-0.7143111,10.583917,50,Mabounié,"1ha plot mabou005, tag 113",5549,IRD plot,107,113,mabou005
IMG_4704.JPG,26805,9/5/2012,Trichoscypha patens (Oliv.) Engl.,-0.7143111,10.583917,50,Mabounié,"1ha plot mabou005, tag 113",5549,IRD plot,107,113,mabou005
IMG_4705.JPG,26841,9/5/2012,Diospyros zenkeri (Gürke) F.White,-0.7143111,10.583917,50,Mabounié,"1ha plot mabou005, tag 147",5550,IRD plot,108,147,mabou005
IMG_4706.JPG,26841,9/5/2012,Diospyros zenkeri (Gürke) F.White,-0.7143111,10.583917,50,Mabounié,"1ha plot mabou005, tag 147",5550,IRD plot,108,147,mabou005
IMG_4707.JPG,26841,9/5/2012,Diospyros zenkeri (Gürke) F.White,-0.7143111,10.583917,50,Mabounié,"1ha plot mabou005, tag 147",5550,IRD plot,108,147,mabou005
IMG_4708.JPG,26841,9/5/2012,Diospyros zenkeri (Gürke) F.White,-0.7143111,10.583917,50,Mabounié,"1ha plot mabou005, tag 147",5550,IRD plot,108,147,mabou005
IMG_4710.JPG,26844,9/5/2012,Parinari excelsa Sabine,-0.7143111,10.583917,50,Mabounié,"1ha plot mabou005, tag 149",NA,NA,NA,149,mabou005
IMG_4711.JPG,26844,9/5/2012,Parinari excelsa Sabine,-0.7143111,10.583917,50,Mabounié,"1ha plot mabou005, tag 149",NA,NA,NA,149,mabou005
IMG_4712.JPG,26844,9/5/2012,Parinari excelsa Sabine,-0.7143111,10.583917,50,Mabounié,"1ha plot mabou005, tag 149",NA,NA,NA,149,mabou005
IMG_4713.JPG,26844,9/5/2012,Parinari excelsa Sabine,-0.7143111,10.583917,50,Mabounié,"1ha plot mabou005, tag 149",NA,NA,NA,149,mabou005
IMG_4714.JPG,26844,9/5/2012,Parinari excelsa Sabine,-0.7143111,10.583917,50,Mabounié,"1ha plot mabou005, tag 149",NA,NA,NA,149,mabou005
IMG_4715.JPG,26844,9/5/2012,Parinari excelsa Sabine,-0.7143111,10.583917,50,Mabounié,"1ha plot mabou005, tag 149",NA,NA,NA,149,mabou005
IMG_4716.JPG,26847,9/5/2012,Eriocoelum petiolare Radlk.,-0.7143111,10.583917,50,Mabounié,"1ha plot mabou005, tag 152",5551,IRD plot,109,152,mabou005
IMG_4717.JPG,26847,9/5/2012,Eriocoelum petiolare Radlk.,-0.7143111,10.583917,50,Mabounié,"1ha plot mabou005, tag 152",5551,IRD plot,109,152,mabou005
IMG_4718.JPG,26847,9/5/2012,Eriocoelum petiolare Radlk.,-0.7143111,10.583917,50,Mabounié,"1ha plot mabou005, tag 152",5551,IRD plot,109,152,mabou005
IMG_4719.JPG,26847,9/5/2012,Eriocoelum petiolare Radlk.,-0.7143111,10.583917,50,Mabounié,"1ha plot mabou005, tag 152",5551,IRD plot,109,152,mabou005
IMG_4720.JPG,26847,9/5/2012,Eriocoelum petiolare Radlk.,-0.7143111,10.583917,50,Mabounié,"1ha plot mabou005, tag 152",5551,IRD plot,109,152,mabou005
IMG_4721.JPG,26851,9/5/2012,Calpocalyx heitzii Pellegr.,-0.7143111,10.583917,50,Mabounié,"1ha plot mabou005, tag 156",NA,NA,NA,156,mabou005
IMG_4722.JPG,26851,9/5/2012,Calpocalyx heitzii Pellegr.,-0.7143111,10.583917,50,Mabounié,"1ha plot mabou005, tag 156",NA,NA,NA,156,mabou005
IMG_4723.JPG,26851,9/5/2012,Calpocalyx heitzii Pellegr.,-0.7143111,10.583917,50,Mabounié,"1ha plot mabou005, tag 156",NA,NA,NA,156,mabou005
IMG_4724.JPG,26851,9/5/2012,Calpocalyx heitzii Pellegr.,-0.7143111,10.583917,50,Mabounié,"1ha plot mabou005, tag 156",NA,NA,NA,156,mabou005
IMG_4725.JPG,26851,9/5/2012,Calpocalyx heitzii Pellegr.,-0.7143111,10.583917,50,Mabounié,"1ha plot mabou005, tag 156",NA,NA,NA,156,mabou005
IMG_4726.JPG,26851,9/5/2012,Calpocalyx heitzii Pellegr.,-0.7143111,10.583917,50,Mabounié,"1ha plot mabou005, tag 156",NA,NA,NA,156,mabou005
IMG_4727.JPG,26851,9/5/2012,Calpocalyx heitzii Pellegr.,-0.7143111,10.583917,50,Mabounié,"1ha plot mabou005, tag 156",NA,NA,NA,156,mabou005
IMG_4728.JPG,26851,9/5/2012,Calpocalyx heitzii Pellegr.,-0.7143111,10.583917,50,Mabounié,"1ha plot mabou005, tag 156",NA,NA,NA,156,mabou005
IMG_4729.JPG,26851,9/5/2012,Calpocalyx heitzii Pellegr.,-0.7143111,10.583917,50,Mabounié,"1ha plot mabou005, tag 156",NA,NA,NA,156,mabou005
IMG_4730.JPG,26851,9/5/2012,Calpocalyx heitzii Pellegr.,-0.7143111,10.583917,50,Mabounié,"1ha plot mabou005, tag 156",NA,NA,NA,156,mabou005
IMG_4731.JPG,26851,9/5/2012,Calpocalyx heitzii Pellegr.,-0.7143111,10.583917,50,Mabounié,"1ha plot mabou005, tag 156",NA,NA,NA,156,mabou005
IMG_4732.JPG,26855,9/5/2012,Irvingia gabonensis (Aubry-Lecomte ex O'Rorke) Baill.,-0.7143111,10.583917,50,Mabounié,"1ha plot mabou005, tag 160",NA,NA,NA,160,mabou005
IMG_4733.JPG,26855,9/5/2012,Irvingia gabonensis (Aubry-Lecomte ex O'Rorke) Baill.,-0.7143111,10.583917,50,Mabounié,"1ha plot mabou005, tag 160",NA,NA,NA,160,mabou005
IMG_4734.JPG,26855,9/5/2012,Irvingia gabonensis (Aubry-Lecomte ex O'Rorke) Baill.,-0.7143111,10.583917,50,Mabounié,"1ha plot mabou005, tag 160",NA,NA,NA,160,mabou005
IMG_4735.JPG,26855,9/5/2012,Irvingia gabonensis (Aubry-Lecomte ex O'Rorke) Baill.,-0.7143111,10.583917,50,Mabounié,"1ha plot mabou005, tag 160",NA,NA,NA,160,mabou005
IMG_4736.JPG,26855,9/5/2012,Irvingia gabonensis (Aubry-Lecomte ex O'Rorke) Baill.,-0.7143111,10.583917,50,Mabounié,"1ha plot mabou005, tag 160",NA,NA,NA,160,mabou005
IMG_4737.JPG,26855,9/5/2012,Irvingia gabonensis (Aubry-Lecomte ex O'Rorke) Baill.,-0.7143111,10.583917,50,Mabounié,"1ha plot mabou005, tag 160",NA,NA,NA,160,mabou005
IMG_4738.JPG,26865,9/5/2012,Coula edulis Baill.,-0.7143111,10.583917,50,Mabounié,"1ha plot mabou005, tag 164",NA,NA,NA,164,mabou005
IMG_4739.JPG,26865,9/5/2012,Coula edulis Baill.,-0.7143111,10.583917,50,Mabounié,"1ha plot mabou005, tag 164",NA,NA,NA,164,mabou005
IMG_4740.JPG,26865,9/5/2012,Coula edulis Baill.,-0.7143111,10.583917,50,Mabounié,"1ha plot mabou005, tag 164",NA,NA,NA,164,mabou005
IMG_4741.JPG,26865,9/5/2012,Coula edulis Baill.,-0.7143111,10.583917,50,Mabounié,"1ha plot mabou005, tag 164",NA,NA,NA,164,mabou005
IMG_4742.JPG,26865,9/5/2012,Coula edulis Baill.,-0.7143111,10.583917,50,Mabounié,"1ha plot mabou005, tag 164",NA,NA,NA,164,mabou005
IMG_4743.JPG,26865,9/5/2012,Coula edulis Baill.,-0.7143111,10.583917,50,Mabounié,"1ha plot mabou005, tag 164",NA,NA,NA,164,mabou005
IMG_4744.JPG,26865,9/5/2012,Coula edulis Baill.,-0.7143111,10.583917,50,Mabounié,"1ha plot mabou005, tag 164",NA,NA,NA,164,mabou005
IMG_4745.JPG,26865,9/5/2012,Coula edulis Baill.,-0.7143111,10.583917,50,Mabounié,"1ha plot mabou005, tag 164",NA,NA,NA,164,mabou005
IMG_4746.JPG,26908,9/5/2012,Garcinia smeathmannii (Planch. & Triana) Oliv.,-0.7143111,10.583917,50,Mabounié,"1ha plot mabou005, tag 207",5553,IRD plot,110,207,mabou005
IMG_4747.JPG,26908,9/5/2012,Garcinia smeathmannii (Planch. & Triana) Oliv.,-0.7143111,10.583917,50,Mabounié,"1ha plot mabou005, tag 207",5553,IRD plot,110,207,mabou005
IMG_4748.JPG,26908,9/5/2012,Garcinia smeathmannii (Planch. & Triana) Oliv.,-0.7143111,10.583917,50,Mabounié,"1ha plot mabou005, tag 207",5553,IRD plot,110,207,mabou005
IMG_4749.JPG,26908,9/5/2012,Garcinia smeathmannii (Planch. & Triana) Oliv.,-0.7143111,10.583917,50,Mabounié,"1ha plot mabou005, tag 207",5553,IRD plot,110,207,mabou005
IMG_4753.JPG,26919,9/5/2012,Beilschmiedia fulva Robyns & R.Wilczek,-0.7143111,10.583917,50,Mabounié,"1ha plot mabou005, tag 217",5555,IRD plot,111,217,mabou005
IMG_4754.JPG,26919,9/5/2012,Beilschmiedia fulva Robyns & R.Wilczek,-0.7143111,10.583917,50,Mabounié,"1ha plot mabou005, tag 217",5555,IRD plot,111,217,mabou005
IMG_4755.JPG,26919,9/5/2012,Beilschmiedia fulva Robyns & R.Wilczek,-0.7143111,10.583917,50,Mabounié,"1ha plot mabou005, tag 217",5555,IRD plot,111,217,mabou005
IMG_4756.JPG,26919,9/5/2012,Beilschmiedia fulva Robyns & R.Wilczek,-0.7143111,10.583917,50,Mabounié,"1ha plot mabou005, tag 217",5555,IRD plot,111,217,mabou005
IMG_4757.JPG,26919,9/5/2012,Beilschmiedia fulva Robyns & R.Wilczek,-0.7143111,10.583917,50,Mabounié,"1ha plot mabou005, tag 217",5555,IRD plot,111,217,mabou005
IMG_4758.JPG,26921,9/5/2012,Afrostyrax lepidophyllus Mildbr.,-0.7143111,10.583917,50,Mabounié,"1ha plot mabou005, tag 219",NA,NA,NA,219,mabou005
IMG_4759.JPG,26921,9/5/2012,Afrostyrax lepidophyllus Mildbr.,-0.7143111,10.583917,50,Mabounié,"1ha plot mabou005, tag 219",NA,NA,NA,219,mabou005
IMG_4760.JPG,26921,9/5/2012,Afrostyrax lepidophyllus Mildbr.,-0.7143111,10.583917,50,Mabounié,"1ha plot mabou005, tag 219",NA,NA,NA,219,mabou005
IMG_4761.JPG,26921,9/5/2012,Afrostyrax lepidophyllus Mildbr.,-0.7143111,10.583917,50,Mabounié,"1ha plot mabou005, tag 219",NA,NA,NA,219,mabou005
IMG_4762.JPG,26921,9/5/2012,Afrostyrax lepidophyllus Mildbr.,-0.7143111,10.583917,50,Mabounié,"1ha plot mabou005, tag 219",NA,NA,NA,219,mabou005
IMG_4763.JPG,26921,9/5/2012,Afrostyrax lepidophyllus Mildbr.,-0.7143111,10.583917,50,Mabounié,"1ha plot mabou005, tag 219",NA,NA,NA,219,mabou005
IMG_4764.JPG,26921,9/5/2012,Afrostyrax lepidophyllus Mildbr.,-0.7143111,10.583917,50,Mabounié,"1ha plot mabou005, tag 219",NA,NA,NA,219,mabou005
IMG_4773.JPG,26986,9/5/2012,NA,-0.7143111,10.583917,50,Mabounié,"1ha plot mabou005, tag 280",5556,IRD plot,112,280,mabou005
IMG_4774.JPG,26986,9/5/2012,NA,-0.7143111,10.583917,50,Mabounié,"1ha plot mabou005, tag 280",5556,IRD plot,112,280,mabou005
IMG_4775.JPG,26986,9/5/2012,NA,-0.7143111,10.583917,50,Mabounié,"1ha plot mabou005, tag 280",5556,IRD plot,112,280,mabou005
IMG_4776.JPG,26986,9/5/2012,NA,-0.7143111,10.583917,50,Mabounié,"1ha plot mabou005, tag 280",5556,IRD plot,112,280,mabou005
IMG_4777.JPG,26986,9/5/2012,NA,-0.7143111,10.583917,50,Mabounié,"1ha plot mabou005, tag 280",5556,IRD plot,112,280,mabou005
IMG_4778.JPG,26986,9/5/2012,NA,-0.7143111,10.583917,50,Mabounié,"1ha plot mabou005, tag 280",5556,IRD plot,112,280,mabou005
IMG_4779.JPG,26986,9/5/2012,NA,-0.7143111,10.583917,50,Mabounié,"1ha plot mabou005, tag 280",5556,IRD plot,112,280,mabou005
IMG_4780.JPG,26986,9/5/2012,NA,-0.7143111,10.583917,50,Mabounié,"1ha plot mabou005, tag 280",5556,IRD plot,112,280,mabou005
IMG_4781.JPG,26986,9/5/2012,NA,-0.7143111,10.583917,50,Mabounié,"1ha plot mabou005, tag 280",5556,IRD plot,112,280,mabou005
IMG_4785.JPG,26997,9/5/2012,Diospyros cinnabarina (Gürke) F.White,-0.7143111,10.583917,50,Mabounié,"1ha plot mabou005, tag 291",5557,IRD plot,113,291,mabou005
IMG_4786.JPG,26997,9/5/2012,Diospyros cinnabarina (Gürke) F.White,-0.7143111,10.583917,50,Mabounié,"1ha plot mabou005, tag 291",5557,IRD plot,113,291,mabou005
IMG_4787.JPG,26997,9/5/2012,Diospyros cinnabarina (Gürke) F.White,-0.7143111,10.583917,50,Mabounié,"1ha plot mabou005, tag 291",5557,IRD plot,113,291,mabou005
IMG_4788.JPG,26997,9/5/2012,Diospyros cinnabarina (Gürke) F.White,-0.7143111,10.583917,50,Mabounié,"1ha plot mabou005, tag 291",5557,IRD plot,113,291,mabou005
IMG_4789.JPG,26997,9/5/2012,Diospyros cinnabarina (Gürke) F.White,-0.7143111,10.583917,50,Mabounié,"1ha plot mabou005, tag 291",5557,IRD plot,113,291,mabou005
IMG_4790.JPG,26997,9/5/2012,Diospyros cinnabarina (Gürke) F.White,-0.7143111,10.583917,50,Mabounié,"1ha plot mabou005, tag 291",5557,IRD plot,113,291,mabou005
IMG_4791.JPG,26997,9/5/2012,Diospyros cinnabarina (Gürke) F.White,-0.7143111,10.583917,50,Mabounié,"1ha plot mabou005, tag 291",5557,IRD plot,113,291,mabou005
IMG_4792.JPG,26997,9/5/2012,Diospyros cinnabarina (Gürke) F.White,-0.7143111,10.583917,50,Mabounié,"1ha plot mabou005, tag 291",5557,IRD plot,113,291,mabou005
IMG_4794.JPG,27005,9/5/2012,Desbordesia glaucescens (Engl.) Tiegh.,-0.7143111,10.583917,50,Mabounié,"1ha plot mabou005, tag 299",5558,IRD plot,114,299,mabou005
IMG_4795.JPG,27005,9/5/2012,Desbordesia glaucescens (Engl.) Tiegh.,-0.7143111,10.583917,50,Mabounié,"1ha plot mabou005, tag 299",5558,IRD plot,114,299,mabou005
IMG_4796.JPG,27005,9/5/2012,Desbordesia glaucescens (Engl.) Tiegh.,-0.7143111,10.583917,50,Mabounié,"1ha plot mabou005, tag 299",5558,IRD plot,114,299,mabou005
IMG_4797.JPG,27005,9/5/2012,Desbordesia glaucescens (Engl.) Tiegh.,-0.7143111,10.583917,50,Mabounié,"1ha plot mabou005, tag 299",5558,IRD plot,114,299,mabou005
IMG_4798.JPG,27005,9/5/2012,Desbordesia glaucescens (Engl.) Tiegh.,-0.7143111,10.583917,50,Mabounié,"1ha plot mabou005, tag 299",5558,IRD plot,114,299,mabou005
IMG_4799.JPG,27005,9/5/2012,Desbordesia glaucescens (Engl.) Tiegh.,-0.7143111,10.583917,50,Mabounié,"1ha plot mabou005, tag 299",5558,IRD plot,114,299,mabou005
IMG_4800.JPG,27005,9/5/2012,Desbordesia glaucescens (Engl.) Tiegh.,-0.7143111,10.583917,50,Mabounié,"1ha plot mabou005, tag 299",5558,IRD plot,114,299,mabou005
IMG_4801.JPG,27005,9/5/2012,Desbordesia glaucescens (Engl.) Tiegh.,-0.7143111,10.583917,50,Mabounié,"1ha plot mabou005, tag 299",5558,IRD plot,114,299,mabou005
IMG_4809.JPG,27022,9/5/2012,Chrysophyllum africanum A.DC.,-0.7143111,10.583917,50,Mabounié,"1ha plot mabou005, tag 316",5559,IRD plot,115,316,mabou005
IMG_4810.JPG,27022,9/5/2012,Chrysophyllum africanum A.DC.,-0.7143111,10.583917,50,Mabounié,"1ha plot mabou005, tag 316",5559,IRD plot,115,316,mabou005
IMG_4811.JPG,27022,9/5/2012,Chrysophyllum africanum A.DC.,-0.7143111,10.583917,50,Mabounié,"1ha plot mabou005, tag 316",5559,IRD plot,115,316,mabou005
IMG_4812.JPG,27022,9/5/2012,Chrysophyllum africanum A.DC.,-0.7143111,10.583917,50,Mabounié,"1ha plot mabou005, tag 316",5559,IRD plot,115,316,mabou005
IMG_4813.JPG,27022,9/5/2012,Chrysophyllum africanum A.DC.,-0.7143111,10.583917,50,Mabounié,"1ha plot mabou005, tag 316",5559,IRD plot,115,316,mabou005
IMG_4888.JPG,27068,11/5/2012,Anthonotha ferruginea (Harms) J.Léonard,-0.75999475,10.542495,50,Mabounié,"1ha plot mabou006, tag 4",5560,IRD plot,116,4,mabou006
IMG_4889.JPG,27068,11/5/2012,Anthonotha ferruginea (Harms) J.Léonard,-0.75999475,10.542495,50,Mabounié,"1ha plot mabou006, tag 4",5560,IRD plot,116,4,mabou006
IMG_4890.JPG,27068,11/5/2012,Anthonotha ferruginea (Harms) J.Léonard,-0.75999475,10.542495,50,Mabounié,"1ha plot mabou006, tag 4",5560,IRD plot,116,4,mabou006
IMG_4891.JPG,27068,11/5/2012,Anthonotha ferruginea (Harms) J.Léonard,-0.75999475,10.542495,50,Mabounié,"1ha plot mabou006, tag 4",5560,IRD plot,116,4,mabou006
IMG_4892.JPG,27068,11/5/2012,Anthonotha ferruginea (Harms) J.Léonard,-0.75999475,10.542495,50,Mabounié,"1ha plot mabou006, tag 4",5560,IRD plot,116,4,mabou006
IMG_4893.JPG,27068,11/5/2012,Anthonotha ferruginea (Harms) J.Léonard,-0.75999475,10.542495,50,Mabounié,"1ha plot mabou006, tag 4",5560,IRD plot,116,4,mabou006
IMG_4894.JPG,27068,11/5/2012,Anthonotha ferruginea (Harms) J.Léonard,-0.75999475,10.542495,50,Mabounié,"1ha plot mabou006, tag 4",5560,IRD plot,116,4,mabou006
IMG_4895.JPG,27068,11/5/2012,Anthonotha ferruginea (Harms) J.Léonard,-0.75999475,10.542495,50,Mabounié,"1ha plot mabou006, tag 4",5560,IRD plot,116,4,mabou006
IMG_4896.JPG,27068,11/5/2012,Anthonotha ferruginea (Harms) J.Léonard,-0.75999475,10.542495,50,Mabounié,"1ha plot mabou006, tag 4",5560,IRD plot,116,4,mabou006
IMG_4897.JPG,27068,11/5/2012,Anthonotha ferruginea (Harms) J.Léonard,-0.75999475,10.542495,50,Mabounié,"1ha plot mabou006, tag 4",5560,IRD plot,116,4,mabou006
IMG_4898.JPG,27068,11/5/2012,Anthonotha ferruginea (Harms) J.Léonard,-0.75999475,10.542495,50,Mabounié,"1ha plot mabou006, tag 4",5560,IRD plot,116,4,mabou006
IMG_4899.JPG,27070,11/5/2012,NA,-0.75999475,10.542495,50,Mabounié,"1ha plot mabou006, tag 6",NA,NA,NA,6,mabou006
IMG_4900.JPG,27070,11/5/2012,NA,-0.75999475,10.542495,50,Mabounié,"1ha plot mabou006, tag 6",NA,NA,NA,6,mabou006
IMG_4901.JPG,27070,11/5/2012,NA,-0.75999475,10.542495,50,Mabounié,"1ha plot mabou006, tag 6",NA,NA,NA,6,mabou006
IMG_4902.JPG,27077,11/5/2012,Scorodophloeus zenkeri Harms,-0.75999475,10.542495,50,Mabounié,"1ha plot mabou006, tag 11",5561,IRD plot,117,11,mabou006
IMG_4903.JPG,27077,11/5/2012,Scorodophloeus zenkeri Harms,-0.75999475,10.542495,50,Mabounié,"1ha plot mabou006, tag 11",5561,IRD plot,117,11,mabou006
IMG_4904.JPG,27077,11/5/2012,Scorodophloeus zenkeri Harms,-0.75999475,10.542495,50,Mabounié,"1ha plot mabou006, tag 11",5561,IRD plot,117,11,mabou006
IMG_4905.JPG,27077,11/5/2012,Scorodophloeus zenkeri Harms,-0.75999475,10.542495,50,Mabounié,"1ha plot mabou006, tag 11",5561,IRD plot,117,11,mabou006
IMG_4906.JPG,27092,11/5/2012,Eriocoelum petiolare Radlk.,-0.75999475,10.542495,50,Mabounié,"1ha plot mabou006, tag 24",5551,IRD plot,109,24,mabou006
IMG_4907.JPG,27092,11/5/2012,Eriocoelum petiolare Radlk.,-0.75999475,10.542495,50,Mabounié,"1ha plot mabou006, tag 24",5551,IRD plot,109,24,mabou006
IMG_4908.JPG,27092,11/5/2012,Eriocoelum petiolare Radlk.,-0.75999475,10.542495,50,Mabounié,"1ha plot mabou006, tag 24",5551,IRD plot,109,24,mabou006
IMG_4909.JPG,27092,11/5/2012,Eriocoelum petiolare Radlk.,-0.75999475,10.542495,50,Mabounié,"1ha plot mabou006, tag 24",5551,IRD plot,109,24,mabou006
IMG_4910.JPG,27092,11/5/2012,Eriocoelum petiolare Radlk.,-0.75999475,10.542495,50,Mabounié,"1ha plot mabou006, tag 24",5551,IRD plot,109,24,mabou006
IMG_4911.JPG,27092,11/5/2012,Eriocoelum petiolare Radlk.,-0.75999475,10.542495,50,Mabounié,"1ha plot mabou006, tag 24",5551,IRD plot,109,24,mabou006
IMG_4912.JPG,27092,11/5/2012,Eriocoelum petiolare Radlk.,-0.75999475,10.542495,50,Mabounié,"1ha plot mabou006, tag 24",5551,IRD plot,109,24,mabou006
IMG_4913.JPG,27092,11/5/2012,Eriocoelum petiolare Radlk.,-0.75999475,10.542495,50,Mabounié,"1ha plot mabou006, tag 24",5551,IRD plot,109,24,mabou006
IMG_4914.JPG,27106,11/5/2012,NA,-0.75999475,10.542495,50,Mabounié,"1ha plot mabou006, tag 38",NA,NA,NA,38,mabou006
IMG_4915.JPG,27106,11/5/2012,NA,-0.75999475,10.542495,50,Mabounié,"1ha plot mabou006, tag 38",NA,NA,NA,38,mabou006
IMG_4917.JPG,27106,11/5/2012,NA,-0.75999475,10.542495,50,Mabounié,"1ha plot mabou006, tag 38",NA,NA,NA,38,mabou006
IMG_4918.JPG,27107,11/5/2012,Aoranthe cladantha (K.Schum.) Somers,-0.75999475,10.542495,50,Mabounié,"1ha plot mabou006, tag 39",NA,NA,NA,39,mabou006
IMG_4919.JPG,27107,11/5/2012,Aoranthe cladantha (K.Schum.) Somers,-0.75999475,10.542495,50,Mabounié,"1ha plot mabou006, tag 39",NA,NA,NA,39,mabou006
IMG_4920.JPG,27107,11/5/2012,Aoranthe cladantha (K.Schum.) Somers,-0.75999475,10.542495,50,Mabounié,"1ha plot mabou006, tag 39",NA,NA,NA,39,mabou006
IMG_4921.JPG,27131,11/5/2012,Maesobotrya griffoniana (Baill.) Pierre ex Hutch.,-0.75999475,10.542495,50,Mabounié,"1ha plot mabou006, tag 61",5562,IRD plot,118,61,mabou006
IMG_4922.JPG,27131,11/5/2012,Maesobotrya griffoniana (Baill.) Pierre ex Hutch.,-0.75999475,10.542495,50,Mabounié,"1ha plot mabou006, tag 61",5562,IRD plot,118,61,mabou006
IMG_4923.JPG,27131,11/5/2012,Maesobotrya griffoniana (Baill.) Pierre ex Hutch.,-0.75999475,10.542495,50,Mabounié,"1ha plot mabou006, tag 61",5562,IRD plot,118,61,mabou006
IMG_4924.JPG,27131,11/5/2012,Maesobotrya griffoniana (Baill.) Pierre ex Hutch.,-0.75999475,10.542495,50,Mabounié,"1ha plot mabou006, tag 61",5562,IRD plot,118,61,mabou006
IMG_4925.JPG,27131,11/5/2012,Maesobotrya griffoniana (Baill.) Pierre ex Hutch.,-0.75999475,10.542495,50,Mabounié,"1ha plot mabou006, tag 61",5562,IRD plot,118,61,mabou006
IMG_4926.JPG,27131,11/5/2012,Maesobotrya griffoniana (Baill.) Pierre ex Hutch.,-0.75999475,10.542495,50,Mabounié,"1ha plot mabou006, tag 61",5562,IRD plot,118,61,mabou006
IMG_4927.JPG,27170,11/5/2012,Anonidium mannii (Oliv.) Engl. & Diels,-0.75999475,10.542495,50,Mabounié,"1ha plot mabou006, tag 100",5563,IRD plot,119,100,mabou006
IMG_4928.JPG,27170,11/5/2012,Anonidium mannii (Oliv.) Engl. & Diels,-0.75999475,10.542495,50,Mabounié,"1ha plot mabou006, tag 100",5563,IRD plot,119,100,mabou006
IMG_4929.JPG,27170,11/5/2012,Anonidium mannii (Oliv.) Engl. & Diels,-0.75999475,10.542495,50,Mabounié,"1ha plot mabou006, tag 100",5563,IRD plot,119,100,mabou006
IMG_4931.JPG,27170,11/5/2012,Anonidium mannii (Oliv.) Engl. & Diels,-0.75999475,10.542495,50,Mabounié,"1ha plot mabou006, tag 100",5563,IRD plot,119,100,mabou006
IMG_4933.JPG,27170,11/5/2012,Anonidium mannii (Oliv.) Engl. & Diels,-0.75999475,10.542495,50,Mabounié,"1ha plot mabou006, tag 100",5563,IRD plot,119,100,mabou006
IMG_4935.JPG,27176,11/5/2012,Pterocarpus soyauxii Taub.,-0.75999475,10.542495,50,Mabounié,"1ha plot mabou006, tag 105",5565,IRD plot,120,105,mabou006
IMG_4936.JPG,27176,11/5/2012,Pterocarpus soyauxii Taub.,-0.75999475,10.542495,50,Mabounié,"1ha plot mabou006, tag 105",5565,IRD plot,120,105,mabou006
IMG_4937.JPG,27176,11/5/2012,Pterocarpus soyauxii Taub.,-0.75999475,10.542495,50,Mabounié,"1ha plot mabou006, tag 105",5565,IRD plot,120,105,mabou006
IMG_4938.JPG,27176,11/5/2012,Pterocarpus soyauxii Taub.,-0.75999475,10.542495,50,Mabounié,"1ha plot mabou006, tag 105",5565,IRD plot,120,105,mabou006
IMG_4939.JPG,27177,11/5/2012,NA,-0.75999475,10.542495,50,Mabounié,"1ha plot mabou006, tag 106",5566,IRD plot,121,106,mabou006
IMG_4942.JPG,27177,11/5/2012,NA,-0.75999475,10.542495,50,Mabounié,"1ha plot mabou006, tag 106",5566,IRD plot,121,106,mabou006
IMG_4944.JPG,27177,11/5/2012,NA,-0.75999475,10.542495,50,Mabounié,"1ha plot mabou006, tag 106",5566,IRD plot,121,106,mabou006
IMG_4945.JPG,27187,11/5/2012,Pseudospondias longifolia Engl.,-0.75999475,10.542495,50,Mabounié,"1ha plot mabou006, tag 116",5567,IRD plot,122,116,mabou006
IMG_4946.JPG,27187,11/5/2012,Pseudospondias longifolia Engl.,-0.75999475,10.542495,50,Mabounié,"1ha plot mabou006, tag 116",5567,IRD plot,122,116,mabou006
IMG_4947.JPG,27187,11/5/2012,Pseudospondias longifolia Engl.,-0.75999475,10.542495,50,Mabounié,"1ha plot mabou006, tag 116",5567,IRD plot,122,116,mabou006
IMG_4948.JPG,27215,11/5/2012,Cleistanthus gabonensis Hutch.,-0.75999475,10.542495,50,Mabounié,"1ha plot mabou006, tag 142",5568,IRD plot,123,142,mabou006
IMG_4949.JPG,27215,11/5/2012,Cleistanthus gabonensis Hutch.,-0.75999475,10.542495,50,Mabounié,"1ha plot mabou006, tag 142",5568,IRD plot,123,142,mabou006
IMG_4950.JPG,27215,11/5/2012,Cleistanthus gabonensis Hutch.,-0.75999475,10.542495,50,Mabounié,"1ha plot mabou006, tag 142",5568,IRD plot,123,142,mabou006
IMG_4951.JPG,27215,11/5/2012,Cleistanthus gabonensis Hutch.,-0.75999475,10.542495,50,Mabounié,"1ha plot mabou006, tag 142",5568,IRD plot,123,142,mabou006
IMG_4952.JPG,27312,11/5/2012,Isolona hexaloba (Pierre) Engl.,-0.75999475,10.542495,50,Mabounié,"1ha plot mabou006, tag 239",5570,IRD plot,125,239,mabou006
IMG_4953.JPG,27312,11/5/2012,Isolona hexaloba (Pierre) Engl.,-0.75999475,10.542495,50,Mabounié,"1ha plot mabou006, tag 239",5570,IRD plot,125,239,mabou006
IMG_4954.JPG,27332,11/5/2012,Dactyladenia floretii Breteler,-0.75999475,10.542495,50,Mabounié,"1ha plot mabou006, tag 259",5571,IRD plot,126,259,mabou006
IMG_4955.JPG,27332,11/5/2012,Dactyladenia floretii Breteler,-0.75999475,10.542495,50,Mabounié,"1ha plot mabou006, tag 259",5571,IRD plot,126,259,mabou006
IMG_4956.JPG,27332,11/5/2012,Dactyladenia floretii Breteler,-0.75999475,10.542495,50,Mabounié,"1ha plot mabou006, tag 259",5571,IRD plot,126,259,mabou006
IMG_4957.JPG,27372,11/5/2012,Barteria fistulosa Mast.,-0.75999475,10.542495,50,Mabounié,"1ha plot mabou006, tag 298",NA,NA,NA,298,mabou006
IMG_4959.JPG,27372,11/5/2012,Barteria fistulosa Mast.,-0.75999475,10.542495,50,Mabounié,"1ha plot mabou006, tag 298",NA,NA,NA,298,mabou006
IMG_4960.JPG,27372,11/5/2012,Barteria fistulosa Mast.,-0.75999475,10.542495,50,Mabounié,"1ha plot mabou006, tag 298",NA,NA,NA,298,mabou006
IMG_4961.JPG,27379,11/5/2012,Celtis tessmannii Rendle,-0.75999475,10.542495,50,Mabounié,"1ha plot mabou006, tag 305",NA,NA,NA,305,mabou006
IMG_4963.JPG,27379,11/5/2012,Celtis tessmannii Rendle,-0.75999475,10.542495,50,Mabounié,"1ha plot mabou006, tag 305",NA,NA,NA,305,mabou006
IMG_4965.JPG,27379,11/5/2012,Celtis tessmannii Rendle,-0.75999475,10.542495,50,Mabounié,"1ha plot mabou006, tag 305",NA,NA,NA,305,mabou006
IMG_4966.JPG,27399,11/5/2012,Syzygium guineense (Willd.) DC.,-0.75999475,10.542495,50,Mabounié,"1ha plot mabou006, tag 323",NA,NA,NA,323,mabou006
IMG_4967.JPG,27399,11/5/2012,Syzygium guineense (Willd.) DC.,-0.75999475,10.542495,50,Mabounié,"1ha plot mabou006, tag 323",NA,NA,NA,323,mabou006
IMG_4968.JPG,27399,11/5/2012,Syzygium guineense (Willd.) DC.,-0.75999475,10.542495,50,Mabounié,"1ha plot mabou006, tag 323",NA,NA,NA,323,mabou006
IMG_4969.JPG,27399,11/5/2012,Syzygium guineense (Willd.) DC.,-0.75999475,10.542495,50,Mabounié,"1ha plot mabou006, tag 323",NA,NA,NA,323,mabou006
IMG_4970.JPG,27399,11/5/2012,Syzygium guineense (Willd.) DC.,-0.75999475,10.542495,50,Mabounié,"1ha plot mabou006, tag 323",NA,NA,NA,323,mabou006
Aeorenthe_cladata_Mabou6-39.JPG,27107,11/5/2012,Aoranthe cladantha (K.Schum.) Somers,-0.75999475,10.542495,50,Mabounié,"1ha plot mabou006, tag 39",NA,NA,NA,39,mabou006
Aeorenthe_cladata_Mabou6-39z.JPG,27107,11/5/2012,Aoranthe cladantha (K.Schum.) Somers,-0.75999475,10.542495,50,Mabounié,"1ha plot mabou006, tag 39",NA,NA,NA,39,mabou006
Afrostyrax_lepidophyllus_Mabou5-219.JPG,26921,9/5/2012,Afrostyrax lepidophyllus Mildbr.,-0.7143111,10.583917,50,Mabounié,"1ha plot mabou005, tag 219",NA,NA,NA,219,mabou005
Afrostyrax_lepidophyllus_Mabou5-219g.JPG,26921,9/5/2012,Afrostyrax lepidophyllus Mildbr.,-0.7143111,10.583917,50,Mabounié,"1ha plot mabou005, tag 219",NA,NA,NA,219,mabou005
Afrostyrax_lepidophyllus_Mabou5-219z.JPG,26921,9/5/2012,Afrostyrax lepidophyllus Mildbr.,-0.7143111,10.583917,50,Mabounié,"1ha plot mabou005, tag 219",NA,NA,NA,219,mabou005
Allanblackia_floribunda_Mabou3-379.JPG,26274,6/5/2012,Allanblackia floribunda Oliv.,-0.78204834,10.54911,50,Mabounié,"1ha plot mabou003, tag 379",NA,NA,NA,379,mabou003
Allanblackia_floribunda_Mabou3-379z.JPG,26274,6/5/2012,Allanblackia floribunda Oliv.,-0.78204834,10.54911,50,Mabounié,"1ha plot mabou003, tag 379",NA,NA,NA,379,mabou003
Anisophyllea_purpurascens_Mabou4-396_pIRD99.JPG,26686,8/5/2012,Anisophyllea purpurascens Hutch. & Dalziel,-0.7954964,10.533185,50,Mabounié,"1ha plot mabou004, tag 396",5741,IRD plot,99,396,mabou004
Anisophyllea_purpurascens_Mabou4-396_pIRD99z.JPG,26686,8/5/2012,Anisophyllea purpurascens Hutch. & Dalziel,-0.7954964,10.533185,50,Mabounié,"1ha plot mabou004, tag 396",5741,IRD plot,99,396,mabou004
Anisophyllea_purpurascens_Mabou5-112_pIRD106.JPG,26804,9/5/2012,Anisophyllea purpurascens Hutch. & Dalziel,-0.7143111,10.583917,50,Mabounié,"1ha plot mabou005, tag 112",5548,IRD plot,106,112,mabou005
Anisophyllea_purpurascens_Mabou5-112_pIRD106z.JPG,26804,9/5/2012,Anisophyllea purpurascens Hutch. & Dalziel,-0.7143111,10.583917,50,Mabounié,"1ha plot mabou005, tag 112",5548,IRD plot,106,112,mabou005
Anisophyllea_purpurascens_Mabou5-46_pIRD101.JPG,26735,9/5/2012,Anisophyllea purpurascens Hutch. & Dalziel,-0.7143111,10.583917,50,Mabounié,"1ha plot mabou005, tag 46",5543,IRD plot,101,46,mabou005
Anisophyllea_purpurascens_Mabou5-46_pIRD101z.JPG,26735,9/5/2012,Anisophyllea purpurascens Hutch. & Dalziel,-0.7143111,10.583917,50,Mabounié,"1ha plot mabou005, tag 46",5543,IRD plot,101,46,mabou005
Annickia_chlorantha_Mabou1-318.JPG,25558,1/5/2012,Annickia affinis (Exell) Versteegh & Sosef,-0.7424567,10.561531,50,Mabounié,"1ha plot mabou001, tag 318",NA,NA,NA,318,mabou001
Annickia_chlorantha_Mabou1-318z.JPG,25558,1/5/2012,Annickia affinis (Exell) Versteegh & Sosef,-0.7424567,10.561531,50,Mabounié,"1ha plot mabou001, tag 318",NA,NA,NA,318,mabou001
Annickia_chlorantha_Mabou3-240.JPG,26133,6/5/2012,Annickia affinis (Exell) Versteegh & Sosef,-0.78204834,10.54911,50,Mabounié,"1ha plot mabou003, tag 240",NA,NA,NA,240,mabou003
Annickia_chlorantha_Mabou3-240g.JPG,26133,6/5/2012,Annickia affinis (Exell) Versteegh & Sosef,-0.78204834,10.54911,50,Mabounié,"1ha plot mabou003, tag 240",NA,NA,NA,240,mabou003
Annickia_chlorantha_Mabou3-240z.JPG,26133,6/5/2012,Annickia affinis (Exell) Versteegh & Sosef,-0.78204834,10.54911,50,Mabounié,"1ha plot mabou003, tag 240",NA,NA,NA,240,mabou003
Anonidium_manii_Mabou6-100_pIRD119.JPG,27170,11/5/2012,Anonidium mannii (Oliv.) Engl. & Diels,-0.75999475,10.542495,50,Mabounié,"1ha plot mabou006, tag 100",5563,IRD plot,119,100,mabou006
Anonidium_manii_Mabou6-100_pIRD119z.JPG,27170,11/5/2012,Anonidium mannii (Oliv.) Engl. & Diels,-0.75999475,10.542495,50,Mabounié,"1ha plot mabou006, tag 100",5563,IRD plot,119,100,mabou006
Anthonota_ferruginea_Mabou6-4_pIRD116.JPG,27068,11/5/2012,Anthonotha ferruginea (Harms) J.Léonard,-0.75999475,10.542495,50,Mabounié,"1ha plot mabou006, tag 4",5560,IRD plot,116,4,mabou006
Anthonota_ferruginea_Mabou6-4_pIRD116z.JPG,27068,11/5/2012,Anthonotha ferruginea (Harms) J.Léonard,-0.75999475,10.542495,50,Mabounié,"1ha plot mabou006, tag 4",5560,IRD plot,116,4,mabou006
Anthonota_macrophylla_Mabou1-246_pIRD17.JPG,25483,1/5/2012,Anthonotha macrophylla P.Beauv.,-0.7424567,10.561531,50,Mabounié,"1ha plot mabou001, tag 246",5576,IRD plot,17,246,mabou001
Anthonota_macrophylla_Mabou1-246_pIRD17z.JPG,25483,1/5/2012,Anthonotha macrophylla P.Beauv.,-0.7424567,10.561531,50,Mabounié,"1ha plot mabou001, tag 246",5576,IRD plot,17,246,mabou001
Auguardia_letestui_Mabou3-208.JPG,26101,6/5/2012,Augouardia letestui Pellegr.,-0.78204834,10.54911,50,Mabounié,"1ha plot mabou003, tag 208",NA,NA,NA,208,mabou003
Auguardia_letestui_Mabou3-208g.JPG,26101,6/5/2012,Augouardia letestui Pellegr.,-0.78204834,10.54911,50,Mabounié,"1ha plot mabou003, tag 208",NA,NA,NA,208,mabou003
Auguardia_letestui_Mabou3-208z.JPG,26101,6/5/2012,Augouardia letestui Pellegr.,-0.78204834,10.54911,50,Mabounié,"1ha plot mabou003, tag 208",NA,NA,NA,208,mabou003
Baphia_buettneri_Mabou6-106_pIRD121.JPG,27177,11/5/2012,NA,-0.75999475,10.542495,50,Mabounié,"1ha plot mabou006, tag 106",5566,IRD plot,121,106,mabou006
Baphia_buettneri_Mabou6-106_pIRD121z.JPG,27177,11/5/2012,NA,-0.75999475,10.542495,50,Mabounié,"1ha plot mabou006, tag 106",5566,IRD plot,121,106,mabou006
Barteria_fistulosa_Mabou6-298.JPG,27372,11/5/2012,Barteria fistulosa Mast.,-0.75999475,10.542495,50,Mabounié,"1ha plot mabou006, tag 298",NA,NA,NA,298,mabou006
Barteria_fistulosa_Mabou6-298z.JPG,27372,11/5/2012,Barteria fistulosa Mast.,-0.75999475,10.542495,50,Mabounié,"1ha plot mabou006, tag 298",NA,NA,NA,298,mabou006
Beilschmiedia_fulva_Mabou5-217_pIRD111.JPG,26919,9/5/2012,Beilschmiedia fulva Robyns & R.Wilczek,-0.7143111,10.583917,50,Mabounié,"1ha plot mabou005, tag 217",5555,IRD plot,111,217,mabou005
Beilschmiedia_fulva_Mabou5-217_pIRD111z.JPG,26919,9/5/2012,Beilschmiedia fulva Robyns & R.Wilczek,-0.7143111,10.583917,50,Mabounié,"1ha plot mabou005, tag 217",5555,IRD plot,111,217,mabou005
Beilschmiedia_fulva_Mabou5-88_pIRD103.JPG,26778,9/5/2012,Beilschmiedia fulva Robyns & R.Wilczek,-0.7143111,10.583917,50,Mabounié,"1ha plot mabou005, tag 88",5545,IRD plot,103,88,mabou005
Beilschmiedia_fulva_Mabou5-88_pIRD103z.JPG,26778,9/5/2012,Beilschmiedia fulva Robyns & R.Wilczek,-0.7143111,10.583917,50,Mabounié,"1ha plot mabou005, tag 88",5545,IRD plot,103,88,mabou005
Beilschmiedia_sp-NB&PP97_Mabou4-360_pIRD97.JPG,26650,8/5/2012,NA,-0.7954964,10.533185,50,Mabounié,"1ha plot mabou004, tag 360",5739,IRD plot,97,360,mabou004
Beilschmiedia_sp-NB&PP97_Mabou4-360_pIRD97z.JPG,26650,8/5/2012,NA,-0.7954964,10.533185,50,Mabounié,"1ha plot mabou004, tag 360",5739,IRD plot,97,360,mabou004
Beilschmiedia_sp_Mabou3-160_pIRD57.JPG,26053,6/5/2012,NA,-0.78204834,10.54911,50,Mabounié,"1ha plot mabou003, tag 160",5695,IRD plot,57,160,mabou003
Beilschmiedia_sp_Mabou5-109_pIRD105.JPG,26801,9/5/2012,NA,-0.7143111,10.583917,50,Mabounié,"1ha plot mabou005, tag 109",5547,IRD plot,105,109,mabou005
Beilschmiedia_sp_Mabou5-109_pIRD105z.JPG,26801,9/5/2012,NA,-0.7143111,10.583917,50,Mabounié,"1ha plot mabou005, tag 109",5547,IRD plot,105,109,mabou005
Beilschmiedia_sp_Mabou5-280_pIRD112.JPG,26986,9/5/2012,NA,-0.7143111,10.583917,50,Mabounié,"1ha plot mabou005, tag 280",5556,IRD plot,112,280,mabou005
Beilschmiedia_sp_Mabou5-280_pIRD112z.JPG,26986,9/5/2012,NA,-0.7143111,10.583917,50,Mabounié,"1ha plot mabou005, tag 280",5556,IRD plot,112,280,mabou005
Calpocalyx_heitzii_Mabou5-156.JPG,26851,9/5/2012,Calpocalyx heitzii Pellegr.,-0.7143111,10.583917,50,Mabounié,"1ha plot mabou005, tag 156",NA,NA,NA,156,mabou005
Calpocalyx_heitzii_Mabou5-156g.JPG,26851,9/5/2012,Calpocalyx heitzii Pellegr.,-0.7143111,10.583917,50,Mabounié,"1ha plot mabou005, tag 156",NA,NA,NA,156,mabou005
Calpocalyx_heitzii_Mabou5-156z.JPG,26851,9/5/2012,Calpocalyx heitzii Pellegr.,-0.7143111,10.583917,50,Mabounié,"1ha plot mabou005, tag 156",NA,NA,NA,156,mabou005
Canarium_schweinfurthii_Mabou5-16.JPG,26704,9/5/2012,Canarium schweinfurthii Engl.,-0.7143111,10.583917,50,Mabounié,"1ha plot mabou005, tag 16",NA,NA,NA,16,mabou005
Canarium_schweinfurthii_Mabou5-16z-.JPG,26704,9/5/2012,Canarium schweinfurthii Engl.,-0.7143111,10.583917,50,Mabounié,"1ha plot mabou005, tag 16",NA,NA,NA,16,mabou005
Canarium_schweinfurthii_Mabou5-16z.JPG,26704,9/5/2012,Canarium schweinfurthii Engl.,-0.7143111,10.583917,50,Mabounié,"1ha plot mabou005, tag 16",NA,NA,NA,16,mabou005
Carapa_procera_Mabou3-200.JPG,26093,6/5/2012,NA,-0.78204834,10.54911,50,Mabounié,"1ha plot mabou003, tag 200",NA,NA,NA,200,mabou003
Carapa_procera_Mabou3-200z.JPG,26093,6/5/2012,NA,-0.78204834,10.54911,50,Mabounié,"1ha plot mabou003, tag 200",NA,NA,NA,200,mabou003
Carapa_sp-NB&PP67_Mabou3-254_pIRD67.JPG,26147,6/5/2012,Carapa parviflora Harms,-0.78204834,10.54911,50,Mabounié,"1ha plot mabou003, tag 254",5706,IRD plot,67,254,mabou003
Carapa_sp-NB&PP67_Mabou3-254_pIRD67z.JPG,26147,6/5/2012,Carapa parviflora Harms,-0.78204834,10.54911,50,Mabounié,"1ha plot mabou003, tag 254",5706,IRD plot,67,254,mabou003
Celtis_tessmannii_Mabou6-305.JPG,27379,11/5/2012,Celtis tessmannii Rendle,-0.75999475,10.542495,50,Mabounié,"1ha plot mabou006, tag 305",NA,NA,NA,305,mabou006
Celtis_tessmannii_Mabou6-305z.JPG,27379,11/5/2012,Celtis tessmannii Rendle,-0.75999475,10.542495,50,Mabounié,"1ha plot mabou006, tag 305",NA,NA,NA,305,mabou006
Celtis_zenkerii_Mabou1-328.JPG,25568,1/5/2012,Celtis zenkeri Engl.,-0.7424567,10.561531,50,Mabounié,"1ha plot mabou001, tag 328",NA,NA,NA,328,mabou001
Celtis_zenkerii_Mabou1-328z.JPG,25568,1/5/2012,Celtis zenkeri Engl.,-0.7424567,10.561531,50,Mabounié,"1ha plot mabou001, tag 328",NA,NA,NA,328,mabou001
Centroplachus_glaucinus_Mabou3-330.JPG,26224,6/5/2012,Centroplacus glaucinus Pierre,-0.78204834,10.54911,50,Mabounié,"1ha plot mabou003, tag 330",NA,NA,NA,330,mabou003
Centroplachus_glaucinus_Mabou3-330z.JPG,26224,6/5/2012,Centroplacus glaucinus Pierre,-0.78204834,10.54911,50,Mabounié,"1ha plot mabou003, tag 330",NA,NA,NA,330,mabou003
Chrysophyllum_africanum_Mabou5-316_pIRD116.JPG,27022,9/5/2012,Chrysophyllum africanum A.DC.,-0.7143111,10.583917,50,Mabounié,"1ha plot mabou005, tag 316",5559,IRD plot,115,316,mabou005
Chrysophyllum_africanum_Mabou5-316_pIRD116z.JPG,27022,9/5/2012,Chrysophyllum africanum A.DC.,-0.7143111,10.583917,50,Mabounié,"1ha plot mabou005, tag 316",5559,IRD plot,115,316,mabou005
Cleisthantus_gabonensis_Mabou6-142_pIRD123.JPG,27215,11/5/2012,Cleistanthus gabonensis Hutch.,-0.75999475,10.542495,50,Mabounié,"1ha plot mabou006, tag 142",5568,IRD plot,123,142,mabou006
Cleisthantus_gabonensis_Mabou6-142_pIRD123z.JPG,27215,11/5/2012,Cleistanthus gabonensis Hutch.,-0.75999475,10.542495,50,Mabounié,"1ha plot mabou006, tag 142",5568,IRD plot,123,142,mabou006
Cleistopolis_glauca_Mabou3-190.JPG,26083,6/5/2012,Cleistopholis glauca Pierre ex Engl. & Diels,-0.78204834,10.54911,50,Mabounié,"1ha plot mabou003, tag 190",NA,NA,NA,190,mabou003
Cleistopolis_glauca_Mabou3-190z.JPG,26083,6/5/2012,Cleistopholis glauca Pierre ex Engl. & Diels,-0.78204834,10.54911,50,Mabounié,"1ha plot mabou003, tag 190",NA,NA,NA,190,mabou003
Coula_edulis_Mabou1-288.JPG,25528,1/5/2012,Coula edulis Baill.,-0.7424567,10.561531,50,Mabounié,"1ha plot mabou001, tag 288",NA,NA,NA,288,mabou001
Coula_edulis_Mabou1-288z.JPG,25528,1/5/2012,Coula edulis Baill.,-0.7424567,10.561531,50,Mabounié,"1ha plot mabou001, tag 288",NA,NA,NA,288,mabou001
Coula_edulis_Mabou4-384.JPG,26674,8/5/2012,Coula edulis Baill.,-0.7954964,10.533185,50,Mabounié,"1ha plot mabou004, tag 384",NA,NA,NA,384,mabou004
Coula_edulis_Mabou4-384z.JPG,26674,8/5/2012,Coula edulis Baill.,-0.7954964,10.533185,50,Mabounié,"1ha plot mabou004, tag 384",NA,NA,NA,384,mabou004
Cyrtogone_argentea_Mabou1-287.JPG,25526,1/5/2012,Cyrtogonone argentea (Pax) Prain,-0.7424567,10.561531,50,Mabounié,"1ha plot mabou001, tag 287",NA,NA,NA,287,mabou001
Cyrtogone_argentea_Mabou1-287z.JPG,25526,1/5/2012,Cyrtogonone argentea (Pax) Prain,-0.7424567,10.561531,50,Mabounié,"1ha plot mabou001, tag 287",NA,NA,NA,287,mabou001
Dacryodes_buettneri_Mabou3-217.JPG,26110,6/5/2012,Dacryodes buettneri (Engl.) H.J.Lam,-0.78204834,10.54911,50,Mabounié,"1ha plot mabou003, tag 217",NA,NA,NA,217,mabou003
Dacryodes_buettneri_Mabou3-217z.JPG,26110,6/5/2012,Dacryodes buettneri (Engl.) H.J.Lam,-0.78204834,10.54911,50,Mabounié,"1ha plot mabou003, tag 217",NA,NA,NA,217,mabou003
Dacryodes_buettneri_Mabou4-331.JPG,26621,8/5/2012,Dacryodes buettneri (Engl.) H.J.Lam,-0.7954964,10.533185,50,Mabounié,"1ha plot mabou004, tag 331",NA,NA,NA,331,mabou004
Dacryodes_buettneri_Mabou4-331z.JPG,26621,8/5/2012,Dacryodes buettneri (Engl.) H.J.Lam,-0.7954964,10.533185,50,Mabounié,"1ha plot mabou004, tag 331",NA,NA,NA,331,mabou004
Dacryodes_igaganga_Mabou1-361.JPG,25602,1/5/2012,Dacryodes igaganga Aubrév. & Pellegr.,-0.7424567,10.561531,50,Mabounié,"1ha plot mabou001, tag 361",5572,IRD plot,13,361,mabou001
Dacryodes_igaganga_Mabou4-365.JPG,26655,8/5/2012,Dacryodes igaganga Aubrév. & Pellegr.,-0.7954964,10.533185,50,Mabounié,"1ha plot mabou004, tag 365",5572,IRD plot,13,365,mabou004
Dacryodes_igaganga_Mabou4-365z.JPG,26655,8/5/2012,Dacryodes igaganga Aubrév. & Pellegr.,-0.7954964,10.533185,50,Mabounié,"1ha plot mabou004, tag 365",5572,IRD plot,13,365,mabou004
Dactyladenia_floretii_Mabou6_159_pIRD126.JPG,27332,11/5/2012,Dactyladenia floretii Breteler,-0.75999475,10.542495,50,Mabounié,"1ha plot mabou006, tag 259",5571,IRD plot,126,259,mabou006
Dactyladenia_floretii_Mabou6_159_pIRD126z.JPG,27332,11/5/2012,Dactyladenia floretii Breteler,-0.75999475,10.542495,50,Mabounié,"1ha plot mabou006, tag 259",5571,IRD plot,126,259,mabou006
Desbordesia_glaucescens_Mabou4-110.JPG,26399,8/5/2012,Desbordesia glaucescens (Engl.) Tiegh.,-0.7954964,10.533185,50,Mabounié,"1ha plot mabou004, tag 110",NA,NA,NA,110,mabou004
Desbordesia_glaucescens_Mabou4-110g-.JPG,26399,8/5/2012,Desbordesia glaucescens (Engl.) Tiegh.,-0.7954964,10.533185,50,Mabounié,"1ha plot mabou004, tag 110",NA,NA,NA,110,mabou004
Desbordesia_glaucescens_Mabou4-110g.JPG,26399,8/5/2012,Desbordesia glaucescens (Engl.) Tiegh.,-0.7954964,10.533185,50,Mabounié,"1ha plot mabou004, tag 110",NA,NA,NA,110,mabou004
Desbordesia_insignis_Mabou5-299_pIRD114g.JPG,27005,9/5/2012,Desbordesia glaucescens (Engl.) Tiegh.,-0.7143111,10.583917,50,Mabounié,"1ha plot mabou005, tag 299",5558,IRD plot,114,299,mabou005
Desbordesia_insignis_Mabou5-299_pIRD114z-.JPG,27005,9/5/2012,Desbordesia glaucescens (Engl.) Tiegh.,-0.7143111,10.583917,50,Mabounié,"1ha plot mabou005, tag 299",5558,IRD plot,114,299,mabou005
Desbordesia_insignis_Mabou5-299_pIRD114z.JPG,27005,9/5/2012,Desbordesia glaucescens (Engl.) Tiegh.,-0.7143111,10.583917,50,Mabounié,"1ha plot mabou005, tag 299",5558,IRD plot,114,299,mabou005
Dialium_guineense_Mabou1-249_pIRD18.JPG,25486,1/5/2012,Dialium guineense Willd.,-0.7424567,10.561531,50,Mabounié,"1ha plot mabou001, tag 249",5577,IRD plot,18,249,mabou001
Dialium_guineense_Mabou1-300.JPG,25540,1/5/2012,Dialium guineense Willd.,-0.7424567,10.561531,50,Mabounié,"1ha plot mabou001, tag 300",NA,NA,NA,300,mabou001
Dialium_guineense_Mabou1-300z.JPG,25540,1/5/2012,Dialium guineense Willd.,-0.7424567,10.561531,50,Mabounié,"1ha plot mabou001, tag 300",NA,NA,NA,300,mabou001
Dialium_guineense_Mabou1-382_pIRD26.JPG,25625,1/5/2012,Dialium guineense Willd.,-0.7424567,10.561531,50,Mabounié,"1ha plot mabou001, tag 382",5586,IRD plot,26,382,mabou001
Dialium_guineense_Mabou1-382_pIRD26z.JPG,25625,1/5/2012,Dialium guineense Willd.,-0.7424567,10.561531,50,Mabounié,"1ha plot mabou001, tag 382",5586,IRD plot,26,382,mabou001
Dialium_guineense_Mabou3-206-.JPG,26099,6/5/2012,Dialium guineense Willd.,-0.78204834,10.54911,50,Mabounié,"1ha plot mabou003, tag 206",NA,NA,NA,206,mabou003
Dialium_guineense_Mabou3-206.JPG,26099,6/5/2012,Dialium guineense Willd.,-0.78204834,10.54911,50,Mabounié,"1ha plot mabou003, tag 206",NA,NA,NA,206,mabou003
Dialium_guineense_Mabou4-272_pIRD93.JPG,26562,8/5/2012,Dialium bipindense Harms,-0.7954964,10.533185,50,Mabounié,"1ha plot mabou004, tag 272",5735,IRD plot,93,272,mabou004
Dialium_guineense_Mabou4-272_pIRD93z.JPG,26562,8/5/2012,Dialium bipindense Harms,-0.7954964,10.533185,50,Mabounié,"1ha plot mabou004, tag 272",5735,IRD plot,93,272,mabou004
Dialium_pachyphyllum_Mabou1-408-.JPG,25652,1/5/2012,Dialium angolense Welw. ex Oliv.,-0.7424567,10.561531,50,Mabounié,"1ha plot mabou001, tag 408",NA,NA,NA,408,mabou001
Dialium_pachyphyllum_Mabou1-408.JPG,25652,1/5/2012,Dialium angolense Welw. ex Oliv.,-0.7424567,10.561531,50,Mabounié,"1ha plot mabou001, tag 408",NA,NA,NA,408,mabou001
Dialium_pachyphyllum_Mabou3-226g.JPG,26119,6/5/2012,Dialium angolense Welw. ex Oliv.,-0.78204834,10.54911,50,Mabounié,"1ha plot mabou003, tag 226",NA,NA,NA,226,mabou003
Dichostemma_glaucescens_Mabou3-215.JPG,26108,6/5/2012,Dichostemma glaucescens Pierre,-0.78204834,10.54911,50,Mabounié,"1ha plot mabou003, tag 215",NA,NA,NA,215,mabou003
Dichostemma_glaucescens_Mabou3-215z.JPG,26108,6/5/2012,Dichostemma glaucescens Pierre,-0.78204834,10.54911,50,Mabounié,"1ha plot mabou003, tag 215",NA,NA,NA,215,mabou003
Dichostemma_glaucescens_Mabou3-275e.JPG,26168,6/5/2012,Dichostemma glaucescens Pierre,-0.78204834,10.54911,50,Mabounié,"1ha plot mabou003, tag 275",NA,NA,NA,275,mabou003
Diogoa_zenkerii_Mabou1-312.JPG,25552,1/5/2012,Diogoa zenkeri (Engl.) Exell & Mendonça,-0.7424567,10.561531,50,Mabounié,"1ha plot mabou001, tag 312",NA,NA,NA,312,mabou001
Diogoa_zenkerii_Mabou1-312z.JPG,25552,1/5/2012,Diogoa zenkeri (Engl.) Exell & Mendonça,-0.7424567,10.561531,50,Mabounié,"1ha plot mabou001, tag 312",NA,NA,NA,312,mabou001
Diogoa_zenkerii_Mabou1-322.JPG,25562,1/5/2012,Diogoa zenkeri (Engl.) Exell & Mendonça,-0.7424567,10.561531,50,Mabounié,"1ha plot mabou001, tag 322",NA,NA,NA,322,mabou001
Diogoa_zenkerii_Mabou1-322z.JPG,25562,1/5/2012,Diogoa zenkeri (Engl.) Exell & Mendonça,-0.7424567,10.561531,50,Mabounié,"1ha plot mabou001, tag 322",NA,NA,NA,322,mabou001
Diospyros_barteri_Mabou3-272_pIRD68.JPG,26165,6/5/2012,Diospyros rubicunda Gürke,-0.78204834,10.54911,50,Mabounié,"1ha plot mabou003, tag 272",5707,IRD plot,68,272,mabou003
Diospyros_barteri_Mabou3-272_pIRD68z.JPG,26165,6/5/2012,Diospyros rubicunda Gürke,-0.78204834,10.54911,50,Mabounié,"1ha plot mabou003, tag 272",5707,IRD plot,68,272,mabou003
Diospyros_dendo_Mabou1-275.JPG,25513,1/5/2012,Diospyros dendo Welw. ex Hiern,-0.7424567,10.561531,50,Mabounié,"1ha plot mabou001, tag 275",5574,IRD plot,15,275,mabou001
Diospyros_dendo_Mabou1-275z.JPG,25513,1/5/2012,Diospyros dendo Welw. ex Hiern,-0.7424567,10.561531,50,Mabounié,"1ha plot mabou001, tag 275",5574,IRD plot,15,275,mabou001
Diospyros_fragrans_Mabou1-272.JPG,25509,1/5/2012,Diospyros fragrans Gürke,-0.7424567,10.561531,50,Mabounié,"1ha plot mabou001, tag 272",NA,NA,NA,272,mabou001
Diospyros_fragrans_Mabou1-272z.JPG,25509,1/5/2012,Diospyros fragrans Gürke,-0.7424567,10.561531,50,Mabounié,"1ha plot mabou001, tag 272",NA,NA,NA,272,mabou001
Diospyros_fragrans_Mabou1-343.JPG,25584,1/5/2012,Diospyros fragrans Gürke,-0.7424567,10.561531,50,Mabounié,"1ha plot mabou001, tag 343",NA,NA,NA,343,mabou001
Diospyros_fragrans_Mabou1-343z.JPG,25584,1/5/2012,Diospyros fragrans Gürke,-0.7424567,10.561531,50,Mabounié,"1ha plot mabou001, tag 343",NA,NA,NA,343,mabou001
Diospyros_hoyleana_Mabou3-162_pIRD58.JPG,26055,6/5/2012,Diospyros hoyleana F.White,-0.78204834,10.54911,50,Mabounié,"1ha plot mabou003, tag 162",5696,IRD plot,58,162,mabou003
Diospyros_hoyleana_Mabou3-286_pIRD69.JPG,26180,6/5/2012,Diospyros iturensis (Gürke) Letouzey & F.White,-0.78204834,10.54911,50,Mabounié,"1ha plot mabou003, tag 286",5703,IRD plot,64,286,mabou003
Diospyros_hoyleana_Mabou3-286_pIRD69z.JPG,26180,6/5/2012,Diospyros iturensis (Gürke) Letouzey & F.White,-0.78204834,10.54911,50,Mabounié,"1ha plot mabou003, tag 286",5703,IRD plot,64,286,mabou003
Diospyros_iturensis_Mabou3-159_pIRD56.JPG,26052,6/5/2012,Diospyros iturensis (Gürke) Letouzey & F.White,-0.78204834,10.54911,50,Mabounié,"1ha plot mabou003, tag 159",5694,IRD plot,56,159,mabou003
Diospyros_iturensis_Mabou3-159_pIRD56z-.JPG,26052,6/5/2012,Diospyros iturensis (Gürke) Letouzey & F.White,-0.78204834,10.54911,50,Mabounié,"1ha plot mabou003, tag 159",5694,IRD plot,56,159,mabou003
Diospyros_iturensis_Mabou3-159_pIRD56z.JPG,26052,6/5/2012,Diospyros iturensis (Gürke) Letouzey & F.White,-0.78204834,10.54911,50,Mabounié,"1ha plot mabou003, tag 159",5694,IRD plot,56,159,mabou003
Diospyros_iturensis_Mabou3-211.JPG,26104,6/5/2012,Diospyros iturensis (Gürke) Letouzey & F.White,-0.78204834,10.54911,50,Mabounié,"1ha plot mabou003, tag 211",5702,IRD plot,63,211,mabou003
Diospyros_iturensis_Mabou3-211z.JPG,26104,6/5/2012,Diospyros iturensis (Gürke) Letouzey & F.White,-0.78204834,10.54911,50,Mabounié,"1ha plot mabou003, tag 211",5702,IRD plot,63,211,mabou003
Diospyros_iturensis_Mabou3-218.JPG,26111,6/5/2012,Diospyros iturensis (Gürke) Letouzey & F.White,-0.78204834,10.54911,50,Mabounié,"1ha plot mabou003, tag 218",5703,IRD plot,64,218,mabou003
Diospyros_iturensis_Mabou3-218z.JPG,26111,6/5/2012,Diospyros iturensis (Gürke) Letouzey & F.White,-0.78204834,10.54911,50,Mabounié,"1ha plot mabou003, tag 218",5703,IRD plot,64,218,mabou003
Diospyros_iturensis_Mabou3-91_pIRD52.JPG,25984,6/5/2012,Diospyros iturensis (Gürke) Letouzey & F.White,-0.78204834,10.54911,50,Mabounié,"1ha plot mabou003, tag 91",5690,IRD plot,52,91,mabou003
Diospyros_iturensis_Mabou4-395_pIRD98.JPG,26685,8/5/2012,Diospyros iturensis (Gürke) Letouzey & F.White,-0.7954964,10.533185,50,Mabounié,"1ha plot mabou004, tag 395",5740,IRD plot,98,395,mabou004
Diospyros_iturensis_Mabou4-395_pIRD98z.JPG,26685,8/5/2012,Diospyros iturensis (Gürke) Letouzey & F.White,-0.7954964,10.533185,50,Mabounié,"1ha plot mabou004, tag 395",5740,IRD plot,98,395,mabou004
Diospyros_manii_Mabou1-263.JPG,25500,1/5/2012,Diospyros suaveolens Gürke,-0.7424567,10.561531,50,Mabounié,"1ha plot mabou001, tag 263",5698,IRD plot,6,263,mabou001
Diospyros_manii_Mabou1-263z.JPG,25500,1/5/2012,Diospyros suaveolens Gürke,-0.7424567,10.561531,50,Mabounié,"1ha plot mabou001, tag 263",5698,IRD plot,6,263,mabou001
Diospyros_rabiensis_Mabou3-225_pIRD65.JPG,26118,6/5/2012,Diospyros rabiensis Breteler,-0.78204834,10.54911,50,Mabounié,"1ha plot mabou003, tag 225",5704,IRD plot,65,225,mabou003
Diospyros_rabiensis_Mabou3-225_pIRD65g.JPG,26118,6/5/2012,Diospyros rabiensis Breteler,-0.78204834,10.54911,50,Mabounié,"1ha plot mabou003, tag 225",5704,IRD plot,65,225,mabou003
Diospyros_rabiensis_Mabou3-225_pIRD65z.JPG,26118,6/5/2012,Diospyros rabiensis Breteler,-0.78204834,10.54911,50,Mabounié,"1ha plot mabou003, tag 225",5704,IRD plot,65,225,mabou003
Diospyros_rabiensis_Mabou4_cf131.JPG,26420,8/5/2012,Diospyros rabiensis Breteler,-0.7954964,10.533185,50,Mabounié,"1ha plot mabou004, tag 131",5723,IRD plot,82,131,mabou004
Diospyros_rabiensis_Mabou4_cf131z.JPG,26420,8/5/2012,Diospyros rabiensis Breteler,-0.7954964,10.533185,50,Mabounié,"1ha plot mabou004, tag 131",5723,IRD plot,82,131,mabou004
Diospyros_soyauxii_Mabou4-204_pIRD87.JPG,26493,8/5/2012,Diospyros simulans F.White,-0.7954964,10.533185,50,Mabounié,"1ha plot mabou004, tag 204",5728,IRD plot,87,204,mabou004
Diospyros_soyauxii_Mabou4-204_pIRD87z-.JPG,26493,8/5/2012,Diospyros simulans F.White,-0.7954964,10.533185,50,Mabounié,"1ha plot mabou004, tag 204",5728,IRD plot,87,204,mabou004
Diospyros_soyauxii_Mabou4-204_pIRD87z.JPG,26493,8/5/2012,Diospyros simulans F.White,-0.7954964,10.533185,50,Mabounié,"1ha plot mabou004, tag 204",5728,IRD plot,87,204,mabou004
Diospyros_sp1aff cinnabarina_Mabou1-266z.JPG,25503,1/5/2012,Diospyros cinnabarina (Gürke) F.White,-0.7424567,10.561531,50,Mabounié,"1ha plot mabou001, tag 266",5581,IRD plot,21,266,mabou001
Diospyros_sp1aff cinnabarina_Mabou1-266_pIRD21.JPG,25503,1/5/2012,Diospyros cinnabarina (Gürke) F.White,-0.7424567,10.561531,50,Mabounié,"1ha plot mabou001, tag 266",5581,IRD plot,21,266,mabou001
Diospyros_sp1aff cinnabarina_Mabou3-234_pIRD66.JPG,26127,6/5/2012,Diospyros cinnabarina (Gürke) F.White,-0.78204834,10.54911,50,Mabounié,"1ha plot mabou003, tag 234",5705,IRD plot,66,234,mabou003
Diospyros_sp1aff cinnabarina_Mabou3-234_pIRD66z.JPG,26127,6/5/2012,Diospyros cinnabarina (Gürke) F.White,-0.78204834,10.54911,50,Mabounié,"1ha plot mabou003, tag 234",5705,IRD plot,66,234,mabou003
Diospyros_sp1aff cinnabarina_Mabou5-103z_pIRD104.JPG,26795,9/5/2012,Diospyros cinnabarina (Gürke) F.White,-0.7143111,10.583917,50,Mabounié,"1ha plot mabou005, tag 103",5546,IRD plot,104,103,mabou005
Diospyros_sp1aff cinnabarina_Mabou5-103_pIRD104.JPG,26795,9/5/2012,Diospyros cinnabarina (Gürke) F.White,-0.7143111,10.583917,50,Mabounié,"1ha plot mabou005, tag 103",5546,IRD plot,104,103,mabou005
Diospyros_sp1aff cinnabarina_Mabou5-291_pIRD113.JPG,26997,9/5/2012,Diospyros cinnabarina (Gürke) F.White,-0.7143111,10.583917,50,Mabounié,"1ha plot mabou005, tag 291",5557,IRD plot,113,291,mabou005
Diospyros_sp1aff cinnabarina_Mabou5-33_pIRD100.JPG,26722,9/5/2012,Diospyros cinnabarina (Gürke) F.White,-0.7143111,10.583917,50,Mabounié,"1ha plot mabou005, tag 33",5542,IRD plot,100,33,mabou005
Diospyros_sp1aff cinnabarina_Mabou5-33_pIRD100z.JPG,26722,9/5/2012,Diospyros cinnabarina (Gürke) F.White,-0.7143111,10.583917,50,Mabounié,"1ha plot mabou005, tag 33",5542,IRD plot,100,33,mabou005
Diospyros_zenkeri_Mabou5-147_pIRD108.JPG,26841,9/5/2012,Diospyros zenkeri (Gürke) F.White,-0.7143111,10.583917,50,Mabounié,"1ha plot mabou005, tag 147",5550,IRD plot,108,147,mabou005
Diospyros_zenkeri_Mabou5-147_pIRD108z.JPG,26841,9/5/2012,Diospyros zenkeri (Gürke) F.White,-0.7143111,10.583917,50,Mabounié,"1ha plot mabou005, tag 147",5550,IRD plot,108,147,mabou005
Drypetes_gabonensis_Mabou4-243_pIRD90.JPG,26533,8/5/2012,Drypetes aylmeri Hutch. & Dalziel,-0.7954964,10.533185,50,Mabounié,"1ha plot mabou004, tag 243",5732,IRD plot,90,243,mabou004
Drypetes_gabonensis_Mabou4-243_pIRD90z.JPG,26533,8/5/2012,Drypetes aylmeri Hutch. & Dalziel,-0.7954964,10.533185,50,Mabounié,"1ha plot mabou004, tag 243",5732,IRD plot,90,243,mabou004
Duguetia_confine_Mabou4-367.JPG,26657,8/5/2012,Duguetia confinis (Engl. & Diels) Chatrou,-0.7954964,10.533185,50,Mabounié,"1ha plot mabou004, tag 367",NA,NA,NA,367,mabou004
Duguetia_confine_Mabou4-367g.JPG,26657,8/5/2012,Duguetia confinis (Engl. & Diels) Chatrou,-0.7954964,10.533185,50,Mabounié,"1ha plot mabou004, tag 367",NA,NA,NA,367,mabou004
Duguetia_confine_Mabou4-367z.JPG,26657,8/5/2012,Duguetia confinis (Engl. & Diels) Chatrou,-0.7954964,10.533185,50,Mabounié,"1ha plot mabou004, tag 367",NA,NA,NA,367,mabou004
Eriocoelum_petiolare_Mabou5-152_pIRD109.JPG,26847,9/5/2012,Eriocoelum petiolare Radlk.,-0.7143111,10.583917,50,Mabounié,"1ha plot mabou005, tag 152",5551,IRD plot,109,152,mabou005
Eriocoelum_petiolare_Mabou5-152_pIRD109z.JPG,26847,9/5/2012,Eriocoelum petiolare Radlk.,-0.7143111,10.583917,50,Mabounié,"1ha plot mabou005, tag 152",5551,IRD plot,109,152,mabou005
Erismadelphus_exsul_Mabou3-366.JPG,26261,6/5/2012,Erismadelphus exsul Mildbr.,-0.78204834,10.54911,50,Mabounié,"1ha plot mabou003, tag 366",5738,IRD plot,96,366,mabou003
Erismadelphus_exsul_Mabou3-366z.JPG,26261,6/5/2012,Erismadelphus exsul Mildbr.,-0.78204834,10.54911,50,Mabounié,"1ha plot mabou003, tag 366",5738,IRD plot,96,366,mabou003
Erismadelphus_exsul_Mabou4-327_pIRD96.JPG,26617,8/5/2012,Erismadelphus exsul Mildbr.,-0.7954964,10.533185,50,Mabounié,"1ha plot mabou004, tag 327",5738,IRD plot,96,327,mabou004
Erismadelphus_exsul_Mabou4-327_pIRD96z.JPG,26617,8/5/2012,Erismadelphus exsul Mildbr.,-0.7954964,10.533185,50,Mabounié,"1ha plot mabou004, tag 327",5738,IRD plot,96,327,mabou004
Gambeya_africana_Mabou4-117-.JPG,26406,8/5/2012,Chrysophyllum africanum A.DC.,-0.7954964,10.533185,50,Mabounié,"1ha plot mabou004, tag 117",5559,IRD plot,115,117,mabou004
Gambeya_africana_Mabou4-117.JPG,26406,8/5/2012,Chrysophyllum africanum A.DC.,-0.7954964,10.533185,50,Mabounié,"1ha plot mabou004, tag 117",5559,IRD plot,115,117,mabou004
Garcinia_punctata_Mabou4-373.JPG,26663,8/5/2012,Garcinia punctata Oliv.,-0.7954964,10.533185,50,Mabounié,"1ha plot mabou004, tag 373",5685,IRD plot,48,373,mabou004
Garcinia_punctata_Mabou4-373z.JPG,26663,8/5/2012,Garcinia punctata Oliv.,-0.7954964,10.533185,50,Mabounié,"1ha plot mabou004, tag 373",5685,IRD plot,48,373,mabou004
Garcinia_smeathmannii_Mabou5-207_pIRD110.JPG,26908,9/5/2012,Garcinia smeathmannii (Planch. & Triana) Oliv.,-0.7143111,10.583917,50,Mabounié,"1ha plot mabou005, tag 207",5553,IRD plot,110,207,mabou005
Garcinia_smeathmannii_Mabou5-207_pIRD110g.JPG,26908,9/5/2012,Garcinia smeathmannii (Planch. & Triana) Oliv.,-0.7143111,10.583917,50,Mabounié,"1ha plot mabou005, tag 207",5553,IRD plot,110,207,mabou005
Garcinia_smeathmannii_Mabou5-207_pIRD110z.JPG,26908,9/5/2012,Garcinia smeathmannii (Planch. & Triana) Oliv.,-0.7143111,10.583917,50,Mabounié,"1ha plot mabou005, tag 207",5553,IRD plot,110,207,mabou005
Gilletiodendron_pierreanum_Mabou3-282g.JPG,26175,6/5/2012,Gilletiodendron pierreanum (Harms) J.Léonard,-0.78204834,10.54911,50,Mabounié,"1ha plot mabou003, tag 282",5665,IRD plot,37,282,mabou003
Gilletiodendron_pierreanum_Mabou3-282z.JPG,26175,6/5/2012,Gilletiodendron pierreanum (Harms) J.Léonard,-0.78204834,10.54911,50,Mabounié,"1ha plot mabou003, tag 282",5665,IRD plot,37,282,mabou003
Greewayodendron_suaveolens_var_gabonica_Mabou4-247_pIRD91.JPG,26537,8/5/2012,Greenwayodendron gabonicum (Le Thomas) Lissambou & Couvreur,-0.7954964,10.533185,50,Mabounié,"1ha plot mabou004, tag 247",5733,IRD plot,91,247,mabou004
Greewayodendron_suaveolens_var_gabonica_Mabou4-247_pIRD91z.JPG,26537,8/5/2012,Greenwayodendron gabonicum (Le Thomas) Lissambou & Couvreur,-0.7954964,10.533185,50,Mabounié,"1ha plot mabou004, tag 247",5733,IRD plot,91,247,mabou004
Guarea_thompsonii_Mabou1-357.JPG,25598,1/5/2012,Leplaea thompsonii (Sprague & Hutch.) E.J.M.Koenen & J.J.de Wilde,-0.7424567,10.561531,50,Mabounié,"1ha plot mabou001, tag 357",NA,NA,NA,357,mabou001
Guarea_thompsonii_Mabou1-357z.JPG,25598,1/5/2012,Leplaea thompsonii (Sprague & Hutch.) E.J.M.Koenen & J.J.de Wilde,-0.7424567,10.561531,50,Mabounié,"1ha plot mabou001, tag 357",NA,NA,NA,357,mabou001
Guibourtia_ehie_Mabou1-261-.JPG,25498,1/5/2012,Guibourtia ehie (A.Chev.) J.Léonard,-0.7424567,10.561531,50,Mabounié,"1ha plot mabou001, tag 261",NA,NA,NA,261,mabou001
Guibourtia_ehie_Mabou1-261.JPG,25498,1/5/2012,Guibourtia ehie (A.Chev.) J.Léonard,-0.7424567,10.561531,50,Mabounié,"1ha plot mabou001, tag 261",NA,NA,NA,261,mabou001
Guibourtia_ehie_Mabou4-359.JPG,26649,8/5/2012,Guibourtia ehie (A.Chev.) J.Léonard,-0.7954964,10.533185,50,Mabounié,"1ha plot mabou004, tag 359",NA,NA,NA,359,mabou004
Guibourtia_ehie_Mabou4-359z.JPG,26649,8/5/2012,Guibourtia ehie (A.Chev.) J.Léonard,-0.7954964,10.533185,50,Mabounié,"1ha plot mabou004, tag 359",NA,NA,NA,359,mabou004
Hexalobus_crispifolius_Mabou5-161g.JPG,26856,9/5/2012,Hexalobus crispiflorus A.Rich.,-0.7143111,10.583917,50,Mabounié,"1ha plot mabou005, tag 161",NA,NA,NA,161,mabou005
Hexalobus_crispifolius_Mabou5-161z-.JPG,26856,9/5/2012,Hexalobus crispiflorus A.Rich.,-0.7143111,10.583917,50,Mabounié,"1ha plot mabou005, tag 161",NA,NA,NA,161,mabou005
Hexalobus_crispifolius_Mabou5-161z.JPG,26856,9/5/2012,Hexalobus crispiflorus A.Rich.,-0.7143111,10.583917,50,Mabounié,"1ha plot mabou005, tag 161",NA,NA,NA,161,mabou005
Irvingia_excelsa_Mabou5-160.JPG,26855,9/5/2012,Irvingia gabonensis (Aubry-Lecomte ex O'Rorke) Baill.,-0.7143111,10.583917,50,Mabounié,"1ha plot mabou005, tag 160",NA,NA,NA,160,mabou005
Irvingia_excelsa_Mabou5-160z.JPG,26855,9/5/2012,Irvingia gabonensis (Aubry-Lecomte ex O'Rorke) Baill.,-0.7143111,10.583917,50,Mabounié,"1ha plot mabou005, tag 160",NA,NA,NA,160,mabou005
Irvingia_gabonensis_Mabou4-219_pIRD88.JPG,26509,8/5/2012,Irvingia gabonensis (Aubry-Lecomte ex O'Rorke) Baill.,-0.7954964,10.533185,50,Mabounié,"1ha plot mabou004, tag 219",5729,IRD plot,88,219,mabou004
Irvingia_gabonensis_Mabou4-219_pIRD88z-.JPG,26509,8/5/2012,Irvingia gabonensis (Aubry-Lecomte ex O'Rorke) Baill.,-0.7954964,10.533185,50,Mabounié,"1ha plot mabou004, tag 219",5729,IRD plot,88,219,mabou004
Irvingia_gabonensis_Mabou4-219_pIRD88z.JPG,26509,8/5/2012,Irvingia gabonensis (Aubry-Lecomte ex O'Rorke) Baill.,-0.7954964,10.533185,50,Mabounié,"1ha plot mabou004, tag 219",5729,IRD plot,88,219,mabou004
Isolona_hexaloba_Mabou3-186.JPG,26079,6/5/2012,Isolona hexaloba (Pierre) Engl.,-0.78204834,10.54911,50,Mabounié,"1ha plot mabou003, tag 186",NA,NA,NA,186,mabou003
Isolona_hexaloba_Mabou3-186z-.JPG,26079,6/5/2012,Isolona hexaloba (Pierre) Engl.,-0.78204834,10.54911,50,Mabounié,"1ha plot mabou003, tag 186",NA,NA,NA,186,mabou003
Isolona_hexaloba_Mabou3-186z.JPG,26079,6/5/2012,Isolona hexaloba (Pierre) Engl.,-0.78204834,10.54911,50,Mabounié,"1ha plot mabou003, tag 186",NA,NA,NA,186,mabou003
Isolona_hexaloba_Mabou6-239_pIRD125.JPG,27312,11/5/2012,Isolona hexaloba (Pierre) Engl.,-0.75999475,10.542495,50,Mabounié,"1ha plot mabou006, tag 239",5570,IRD plot,125,239,mabou006
Isolona_hexaloba_Mabou6-239_pIRD125z.JPG,27312,11/5/2012,Isolona hexaloba (Pierre) Engl.,-0.75999475,10.542495,50,Mabounié,"1ha plot mabou006, tag 239",5570,IRD plot,125,239,mabou006
Isolona_zenkerii_Mabou3-329_pIRD71.JPG,26223,6/5/2012,Isolona zenkeri Engl.,-0.78204834,10.54911,50,Mabounié,"1ha plot mabou003, tag 329",5711,IRD plot,71,329,mabou003
Isolona_zenkerii_Mabou3-329_pIRD71z.JPG,26223,6/5/2012,Isolona zenkeri Engl.,-0.78204834,10.54911,50,Mabounié,"1ha plot mabou003, tag 329",5711,IRD plot,71,329,mabou003
Klaineanthus_gabonii_Mabou1-305.JPG,25545,1/5/2012,Klaineanthus gabonii Pierre,-0.7424567,10.561531,50,Mabounié,"1ha plot mabou001, tag 305",5584,IRD plot,24,305,mabou001
Klaineanthus_gabonii_Mabou1-305z.JPG,25545,1/5/2012,Klaineanthus gabonii Pierre,-0.7424567,10.561531,50,Mabounié,"1ha plot mabou001, tag 305",5584,IRD plot,24,305,mabou001
Klaineanthus_gabonii_Mabou3-248.JPG,26141,6/5/2012,Klaineanthus gabonii Pierre,-0.78204834,10.54911,50,Mabounié,"1ha plot mabou003, tag 248",5584,IRD plot,24,248,mabou003
Klaineanthus_gabonii_Mabou3-248f.JPG,26141,6/5/2012,Klaineanthus gabonii Pierre,-0.78204834,10.54911,50,Mabounié,"1ha plot mabou003, tag 248",5584,IRD plot,24,248,mabou003
Klaineanthus_gabonii_Mabou3-248z.JPG,26141,6/5/2012,Klaineanthus gabonii Pierre,-0.78204834,10.54911,50,Mabounié,"1ha plot mabou003, tag 248",5584,IRD plot,24,248,mabou003
Klainedoxa_gabonensis_Mabou1-294.JPG,25534,1/5/2012,Klainedoxa gabonensis Pierre,-0.7424567,10.561531,50,Mabounié,"1ha plot mabou001, tag 294",NA,NA,NA,294,mabou001
Klainedoxa_gabonensis_Mabou1-294z.JPG,25534,1/5/2012,Klainedoxa gabonensis Pierre,-0.7424567,10.561531,50,Mabounié,"1ha plot mabou001, tag 294",NA,NA,NA,294,mabou001
Lophyra_allata_Mabou4-336.JPG,26626,8/5/2012,Lophira alata Banks ex C.F.Gaertn.,-0.7954964,10.533185,50,Mabounié,"1ha plot mabou004, tag 336",NA,NA,NA,336,mabou004
Lophyra_allata_Mabou4-336g.JPG,26626,8/5/2012,Lophira alata Banks ex C.F.Gaertn.,-0.7954964,10.533185,50,Mabounié,"1ha plot mabou004, tag 336",NA,NA,NA,336,mabou004
Lophyra_allata_Mabou4-336z.JPG,26626,8/5/2012,Lophira alata Banks ex C.F.Gaertn.,-0.7954964,10.533185,50,Mabounié,"1ha plot mabou004, tag 336",NA,NA,NA,336,mabou004
Macaranga_barteri_Mabou3-371.JPG,26266,6/5/2012,Macaranga barteri Müll.Arg.,-0.78204834,10.54911,50,Mabounié,"1ha plot mabou003, tag 371",NA,NA,NA,371,mabou003
Macaranga_barteri_Mabou3-371g-.JPG,26266,6/5/2012,Macaranga barteri Müll.Arg.,-0.78204834,10.54911,50,Mabounié,"1ha plot mabou003, tag 371",NA,NA,NA,371,mabou003
Macaranga_barteri_Mabou3-371g.JPG,26266,6/5/2012,Macaranga barteri Müll.Arg.,-0.78204834,10.54911,50,Mabounié,"1ha plot mabou003, tag 371",NA,NA,NA,371,mabou003
Macaranga_barteri_Mabou3-371z.JPG,26266,6/5/2012,Macaranga barteri Müll.Arg.,-0.78204834,10.54911,50,Mabounié,"1ha plot mabou003, tag 371",NA,NA,NA,371,mabou003
Maesobotrya_barteri_Mabou3-147_pIRD55.JPG,26040,6/5/2012,Maesobotrya griffoniana (Baill.) Pierre ex Hutch.,-0.78204834,10.54911,50,Mabounié,"1ha plot mabou003, tag 147",5693,IRD plot,55,147,mabou003
Maesobotrya_barteri_Mabou3-147_pIRD55z.JPG,26040,6/5/2012,Maesobotrya griffoniana (Baill.) Pierre ex Hutch.,-0.78204834,10.54911,50,Mabounié,"1ha plot mabou003, tag 147",5693,IRD plot,55,147,mabou003
Maesobotrya_barteri_Mabou4-326.JPG,26616,8/5/2012,Maesobotrya griffoniana (Baill.) Pierre ex Hutch.,-0.7954964,10.533185,50,Mabounié,"1ha plot mabou004, tag 326",5718,IRD plot,78,326,mabou004
Maesobotrya_barteri_Mabou4-326z.JPG,26616,8/5/2012,Maesobotrya griffoniana (Baill.) Pierre ex Hutch.,-0.7954964,10.533185,50,Mabounié,"1ha plot mabou004, tag 326",5718,IRD plot,78,326,mabou004
Maesobotrya_barteri_Mabou6-61_pIRD118.JPG,27131,11/5/2012,Maesobotrya griffoniana (Baill.) Pierre ex Hutch.,-0.75999475,10.542495,50,Mabounié,"1ha plot mabou006, tag 61",5562,IRD plot,118,61,mabou006
Maesobotrya_barteri_Mabou6-61_pIRD118z.JPG,27131,11/5/2012,Maesobotrya griffoniana (Baill.) Pierre ex Hutch.,-0.75999475,10.542495,50,Mabounié,"1ha plot mabou006, tag 61",5562,IRD plot,118,61,mabou006
Maprounea_membranacea_Mabou3-222.JPG,26115,6/5/2012,Maprounea membranacea Pax & K.Hoffm.,-0.78204834,10.54911,50,Mabounié,"1ha plot mabou003, tag 222",5589,IRD plot,29,222,mabou003
Maprounea_membranacea_Mabou3-222g.JPG,26115,6/5/2012,Maprounea membranacea Pax & K.Hoffm.,-0.78204834,10.54911,50,Mabounié,"1ha plot mabou003, tag 222",5589,IRD plot,29,222,mabou003
Maprounea_membranacea_Mabou3-222z.JPG,26115,6/5/2012,Maprounea membranacea Pax & K.Hoffm.,-0.78204834,10.54911,50,Mabounié,"1ha plot mabou003, tag 222",5589,IRD plot,29,222,mabou003
Ongokea_gore_Mabou1-362.JPG,25603,1/5/2012,Ongokea gore (Hua) Pierre,-0.7424567,10.561531,50,Mabounié,"1ha plot mabou001, tag 362",NA,NA,NA,362,mabou001
Ongokea_gore_Mabou1-362z.JPG,25603,1/5/2012,Ongokea gore (Hua) Pierre,-0.7424567,10.561531,50,Mabounié,"1ha plot mabou001, tag 362",NA,NA,NA,362,mabou001
Ongokea_gore_Mabou1-425.JPG,25670,1/5/2012,Ongokea gore (Hua) Pierre,-0.7424567,10.561531,50,Mabounié,"1ha plot mabou001, tag 425",NA,NA,NA,425,mabou001
Ongokea_gore_Mabou1-425z.JPG,25670,1/5/2012,Ongokea gore (Hua) Pierre,-0.7424567,10.561531,50,Mabounié,"1ha plot mabou001, tag 425",NA,NA,NA,425,mabou001
Parinari_excelsa_Mabou5-149.JPG,26844,9/5/2012,Parinari excelsa Sabine,-0.7143111,10.583917,50,Mabounié,"1ha plot mabou005, tag 149",NA,NA,NA,149,mabou005
Parinari_excelsa_Mabou5-149z.JPG,26844,9/5/2012,Parinari excelsa Sabine,-0.7143111,10.583917,50,Mabounié,"1ha plot mabou005, tag 149",NA,NA,NA,149,mabou005
Pausinystalia_johimbe_Mabou3-335.JPG,26229,6/5/2012,Corynanthe johimbe K.Schum.,-0.78204834,10.54911,50,Mabounié,"1ha plot mabou003, tag 335",NA,NA,NA,335,mabou003
Pausinystalia_johimbe_Mabou3-335z.JPG,26229,6/5/2012,Corynanthe johimbe K.Schum.,-0.78204834,10.54911,50,Mabounié,"1ha plot mabou003, tag 335",NA,NA,NA,335,mabou003
Pausinystalia_macroceras_Mabou1-286.JPG,25525,1/5/2012,Corynanthe macroceras K.Schum.,-0.7424567,10.561531,50,Mabounié,"1ha plot mabou001, tag 286",NA,NA,NA,286,mabou001
Pausinystalia_macroceras_Mabou1-286dry.JPG,25525,1/5/2012,Corynanthe macroceras K.Schum.,-0.7424567,10.561531,50,Mabounié,"1ha plot mabou001, tag 286",NA,NA,NA,286,mabou001
Pausinystalia_macroceras_Mabou1-286z.JPG,25525,1/5/2012,Corynanthe macroceras K.Schum.,-0.7424567,10.561531,50,Mabounié,"1ha plot mabou001, tag 286",NA,NA,NA,286,mabou001
Pentadesma_butyracea_Mabou3-344.JPG,26238,6/5/2012,Pentadesma butyracea Sabine,-0.78204834,10.54911,50,Mabounié,"1ha plot mabou003, tag 344",NA,NA,NA,344,mabou003
Pentadesma_butyracea_Mabou3-344z.JPG,26238,6/5/2012,Pentadesma butyracea Sabine,-0.78204834,10.54911,50,Mabounié,"1ha plot mabou003, tag 344",NA,NA,NA,344,mabou003
Plagiostyles_africana_Mabou1-409.JPG,25653,1/5/2012,Plagiostyles africana (Müll.Arg.) Prain,-0.7424567,10.561531,50,Mabounié,"1ha plot mabou001, tag 409",NA,NA,NA,409,mabou001
Plagiostyles_africana_Mabou1-409z.JPG,25653,1/5/2012,Plagiostyles africana (Müll.Arg.) Prain,-0.7424567,10.561531,50,Mabounié,"1ha plot mabou001, tag 409",NA,NA,NA,409,mabou001
Plagiostyles_africana_Mabou_1-248.JPG,25485,1/5/2012,Plagiostyles africana (Müll.Arg.) Prain,-0.7424567,10.561531,50,Mabounié,"1ha plot mabou001, tag 248",NA,NA,NA,248,mabou001
Plagiostyles_africana_Mabou_1-248z.JPG,25485,1/5/2012,Plagiostyles africana (Müll.Arg.) Prain,-0.7424567,10.561531,50,Mabounié,"1ha plot mabou001, tag 248",NA,NA,NA,248,mabou001
Polyaltia_suaveolens_Mabou1-259.JPG,25496,1/5/2012,Greenwayodendron suaveolens (Engl. & Diels) Verdc.,-0.7424567,10.561531,50,Mabounié,"1ha plot mabou001, tag 259",5585,IRD plot,25,259,mabou001
Polyaltia_suaveolens_Mabou1-259z.JPG,25496,1/5/2012,Greenwayodendron suaveolens (Engl. & Diels) Verdc.,-0.7424567,10.561531,50,Mabounié,"1ha plot mabou001, tag 259",5585,IRD plot,25,259,mabou001
Pseudospondias_longifolia_Mabou6-116_IRD122.JPG,27187,11/5/2012,Pseudospondias longifolia Engl.,-0.75999475,10.542495,50,Mabounié,"1ha plot mabou006, tag 116",5567,IRD plot,122,116,mabou006
Pseudospondias_longifolia_Mabou6-116_IRD122z.JPG,27187,11/5/2012,Pseudospondias longifolia Engl.,-0.75999475,10.542495,50,Mabounié,"1ha plot mabou006, tag 116",5567,IRD plot,122,116,mabou006
Pterocarpus_soyauxii_Mabou6-105_pIRD120.JPG,27176,11/5/2012,Pterocarpus soyauxii Taub.,-0.75999475,10.542495,50,Mabounié,"1ha plot mabou006, tag 105",5565,IRD plot,120,105,mabou006
Pterocarpus_soyauxii_Mabou6-105_pIRD120z.JPG,27176,11/5/2012,Pterocarpus soyauxii Taub.,-0.75999475,10.542495,50,Mabounié,"1ha plot mabou006, tag 105",5565,IRD plot,120,105,mabou006
Pycnanthus_angolensis_Mabou2-88.JPG,25981,6/5/2012,Pycnanthus angolensis (Welw.) Warb.,-0.78204834,10.54911,50,Mabounié,"1ha plot mabou003, tag 88",NA,NA,NA,88,mabou003
Pycnanthus_angolensis_Mabou3-88e.JPG,25981,6/5/2012,Pycnanthus angolensis (Welw.) Warb.,-0.78204834,10.54911,50,Mabounié,"1ha plot mabou003, tag 88",NA,NA,NA,88,mabou003
Pycnanthus_angolensis_Mabou4-1.JPG,26289,8/5/2012,Pycnanthus angolensis (Welw.) Warb.,-0.7954964,10.533185,50,Mabounié,"1ha plot mabou004, tag 1",NA,NA,NA,1,mabou004
Pycnanthus_angolensis_Mabou4-1g.JPG,26289,8/5/2012,Pycnanthus angolensis (Welw.) Warb.,-0.7954964,10.533185,50,Mabounié,"1ha plot mabou004, tag 1",NA,NA,NA,1,mabou004
Pycnanthus_angolensis_Mabou4-1z.JPG,26289,8/5/2012,Pycnanthus angolensis (Welw.) Warb.,-0.7954964,10.533185,50,Mabounié,"1ha plot mabou004, tag 1",NA,NA,NA,1,mabou004
Santiria_trimera_Mabou1-336.JPG,25576,1/5/2012,Santiria trimera (Oliv.) Aubrév.,-0.7424567,10.561531,50,Mabounié,"1ha plot mabou001, tag 336",NA,NA,NA,336,mabou001
Santiria_trimera_Mabou1-336z.JPG,25576,1/5/2012,Santiria trimera (Oliv.) Aubrév.,-0.7424567,10.561531,50,Mabounié,"1ha plot mabou001, tag 336",NA,NA,NA,336,mabou001
Scorodophloeus_zenkerii_Mabou6-11_pIRD117.JPG,27077,11/5/2012,Scorodophloeus zenkeri Harms,-0.75999475,10.542495,50,Mabounié,"1ha plot mabou006, tag 11",5561,IRD plot,117,11,mabou006
Scorodophloeus_zenkerii_Mabou6-11_pIRD117z.JPG,27077,11/5/2012,Scorodophloeus zenkeri Harms,-0.75999475,10.542495,50,Mabounié,"1ha plot mabou006, tag 11",5561,IRD plot,117,11,mabou006
Scottelia_klaineana_Mabou1-268.JPG,25505,1/5/2012,Scottellia klaineana Pierre,-0.7424567,10.561531,50,Mabounié,"1ha plot mabou001, tag 268",5676,IRD plot,4,268,mabou001
Scottelia_klaineana_Mabou1-268z.JPG,25505,1/5/2012,Scottellia klaineana Pierre,-0.7424567,10.561531,50,Mabounié,"1ha plot mabou001, tag 268",5676,IRD plot,4,268,mabou001
Scyphocephalium_manii_Mabou4-343.JPG,26633,8/5/2012,Scyphocephalium mannii (Benth.) Warb.,-0.7954964,10.533185,50,Mabounié,"1ha plot mabou004, tag 343",NA,NA,NA,343,mabou004
Scyphocephalium_manii_Mabou4-343z.JPG,26633,8/5/2012,Scyphocephalium mannii (Benth.) Warb.,-0.7954964,10.533185,50,Mabounié,"1ha plot mabou004, tag 343",NA,NA,NA,343,mabou004
Scytopetalum_klaineanum_Mabou3-249.JPG,26142,6/5/2012,Scytopetalum klaineanum Pierre,-0.78204834,10.54911,50,Mabounié,"1ha plot mabou003, tag 249",NA,NA,NA,249,mabou003
Scytopetalum_klaineanum_Mabou3-249z.JPG,26142,6/5/2012,Scytopetalum klaineanum Pierre,-0.78204834,10.54911,50,Mabounié,"1ha plot mabou003, tag 249",NA,NA,NA,249,mabou003
Scytopetalum_klaineanum_Mabou4-234_pIRD89.JPG,26524,8/5/2012,Scytopetalum klaineanum Pierre,-0.7954964,10.533185,50,Mabounié,"1ha plot mabou004, tag 234",5730,IRD plot,89,234,mabou004
Scytopetalum_klaineanum_Mabou4-234_pIRD89z.JPG,26524,8/5/2012,Scytopetalum klaineanum Pierre,-0.7954964,10.533185,50,Mabounié,"1ha plot mabou004, tag 234",5730,IRD plot,89,234,mabou004
Sindoropsis_letestui_Mabou4-389.JPG,26679,8/5/2012,Sindoropsis letestui (Pellegr.) J.Léonard,-0.7954964,10.533185,50,Mabounié,"1ha plot mabou004, tag 389",NA,NA,NA,389,mabou004
Sindoropsis_letestui_Mabou4-389z.JPG,26679,8/5/2012,Sindoropsis letestui (Pellegr.) J.Léonard,-0.7954964,10.533185,50,Mabounié,"1ha plot mabou004, tag 389",NA,NA,NA,389,mabou004
Sorindeia_nitidula_Mabou1-255.JPG,25492,1/5/2012,NA,-0.7424567,10.561531,50,Mabounié,"1ha plot mabou001, tag 255",5700,IRD plot,61,255,mabou001
Sorindeia_nitidula_Mabou1-255z.JPG,25492,1/5/2012,NA,-0.7424567,10.561531,50,Mabounié,"1ha plot mabou001, tag 255",5700,IRD plot,61,255,mabou001
Sorindeia_nitidula_Mabou3-177_pIRD61.JPG,26070,6/5/2012,NA,-0.78204834,10.54911,50,Mabounié,"1ha plot mabou003, tag 177",5700,IRD plot,61,177,mabou003
Sorindeia_nitidula_Mabou3-296.JPG,26190,6/5/2012,NA,-0.78204834,10.54911,50,Mabounié,"1ha plot mabou003, tag 296",5700,IRD plot,61,296,mabou003
Sorindeia_nitidula_Mabou3-296z.JPG,26190,6/5/2012,NA,-0.78204834,10.54911,50,Mabounié,"1ha plot mabou003, tag 296",5700,IRD plot,61,296,mabou003
Staudtia_stipitata_Mabou1-290.JPG,25530,1/5/2012,Staudtia kamerunensis Warb.,-0.7424567,10.561531,50,Mabounié,"1ha plot mabou001, tag 290",NA,NA,NA,290,mabou001
Staudtia_stipitata_Mabou1-290z.JPG,25530,1/5/2012,Staudtia kamerunensis Warb.,-0.7424567,10.561531,50,Mabounié,"1ha plot mabou001, tag 290",NA,NA,NA,290,mabou001
Stemolocoelus_micranthus_Mabou_1-411.JPG,25655,1/5/2012,Stemonocoleus micranthus Harms,-0.7424567,10.561531,50,Mabounié,"1ha plot mabou001, tag 411",NA,NA,NA,411,mabou001
Stemolocoelus_micranthus_Mabou_1-411z.JPG,25655,1/5/2012,Stemonocoleus micranthus Harms,-0.7424567,10.561531,50,Mabounié,"1ha plot mabou001, tag 411",NA,NA,NA,411,mabou001
Strombosia_pustulata_Mabou1-346.JPG,25587,1/5/2012,Strombosia pustulata Oliv.,-0.7424567,10.561531,50,Mabounié,"1ha plot mabou001, tag 346",NA,NA,NA,346,mabou001
Strombosia_pustulata_Mabou1-346z.JPG,25587,1/5/2012,Strombosia pustulata Oliv.,-0.7424567,10.561531,50,Mabounié,"1ha plot mabou001, tag 346",NA,NA,NA,346,mabou001
Strombosia_pustulata_Mabou3-349.JPG,26243,6/5/2012,Strombosia pustulata Oliv.,-0.78204834,10.54911,50,Mabounié,"1ha plot mabou003, tag 349",NA,NA,NA,349,mabou003
Strombosia_pustulata_Mabou3-349z.JPG,26243,6/5/2012,Strombosia pustulata Oliv.,-0.78204834,10.54911,50,Mabounié,"1ha plot mabou003, tag 349",NA,NA,NA,349,mabou003
Strombosia_schefflerii_Mabou1-379.JPG,25621,1/5/2012,Strombosia grandifolia Hook.f.,-0.7424567,10.561531,50,Mabounié,"1ha plot mabou001, tag 379",5540,IRD plot,1,379,mabou001
Strombosia_schefflerii_Mabou1-379z.JPG,25621,1/5/2012,Strombosia grandifolia Hook.f.,-0.7424567,10.561531,50,Mabounié,"1ha plot mabou001, tag 379",5540,IRD plot,1,379,mabou001
Strombosiopsis_tetrandra_Mabou4-330.JPG,26620,8/5/2012,Strombosiopsis tetrandra Engl.,-0.7954964,10.533185,50,Mabounié,"1ha plot mabou004, tag 330",NA,NA,NA,330,mabou004
Strombosiopsis_tetrandra_Mabou4-330z.JPG,26620,8/5/2012,Strombosiopsis tetrandra Engl.,-0.7954964,10.533185,50,Mabounié,"1ha plot mabou004, tag 330",NA,NA,NA,330,mabou004
Synsepalum_longecuneatum_Mabou5-65_pIRD102.JPG,26754,9/5/2012,Synsepalum longicuneatum De Wild.,-0.7143111,10.583917,50,Mabounié,"1ha plot mabou005, tag 65",5544,IRD plot,102,65,mabou005
Synsepalum_longecuneatum_Mabou5-65_pIRD102z.JPG,26754,9/5/2012,Synsepalum longicuneatum De Wild.,-0.7143111,10.583917,50,Mabounié,"1ha plot mabou005, tag 65",5544,IRD plot,102,65,mabou005
Syzygium_guineense_Mabou1-381-.JPG,25624,1/5/2012,Syzygium guineense (Willd.) DC.,-0.7424567,10.561531,50,Mabounié,"1ha plot mabou001, tag 381",NA,NA,NA,381,mabou001
Syzygium_guineense_Mabou1-381.JPG,25624,1/5/2012,Syzygium guineense (Willd.) DC.,-0.7424567,10.561531,50,Mabounié,"1ha plot mabou001, tag 381",NA,NA,NA,381,mabou001
Syzygium_guineense_Mabou6-323.JPG,27399,11/5/2012,Syzygium guineense (Willd.) DC.,-0.75999475,10.542495,50,Mabounié,"1ha plot mabou006, tag 323",NA,NA,NA,323,mabou006
Syzygium_guineense_Mabou6-323g.JPG,27399,11/5/2012,Syzygium guineense (Willd.) DC.,-0.75999475,10.542495,50,Mabounié,"1ha plot mabou006, tag 323",NA,NA,NA,323,mabou006
Syzygium_guineense_Mabou6-323z.JPG,27399,11/5/2012,Syzygium guineense (Willd.) DC.,-0.75999475,10.542495,50,Mabounié,"1ha plot mabou006, tag 323",NA,NA,NA,323,mabou006
Trychoscypha_acuminata_Mabou1-327.JPG,25567,1/5/2012,Trichoscypha acuminata Engl.,-0.7424567,10.561531,50,Mabounié,"1ha plot mabou001, tag 327",NA,NA,NA,327,mabou001
Trychoscypha_acuminata_Mabou1-327z.JPG,25567,1/5/2012,Trichoscypha acuminata Engl.,-0.7424567,10.561531,50,Mabounié,"1ha plot mabou001, tag 327",NA,NA,NA,327,mabou001
Trychoscypha_acuminata_Mabou3-263.JPG,26156,6/5/2012,Trichoscypha acuminata Engl.,-0.78204834,10.54911,50,Mabounié,"1ha plot mabou003, tag 263",NA,NA,NA,263,mabou003
Trychoscypha_acuminata_Mabou3-263g.JPG,26156,6/5/2012,Trichoscypha acuminata Engl.,-0.78204834,10.54911,50,Mabounié,"1ha plot mabou003, tag 263",NA,NA,NA,263,mabou003
Trychoscypha_acuminata_Mabou3-263z.JPG,26156,6/5/2012,Trichoscypha acuminata Engl.,-0.78204834,10.54911,50,Mabounié,"1ha plot mabou003, tag 263",NA,NA,NA,263,mabou003
Trychoscypha_patens_Mabou5-113_pIRD107.JPG,26805,9/5/2012,Trichoscypha patens (Oliv.) Engl.,-0.7143111,10.583917,50,Mabounié,"1ha plot mabou005, tag 113",5549,IRD plot,107,113,mabou005
Trychoscypha_patens_Mabou5-113_pIRD107z.JPG,26805,9/5/2012,Trichoscypha patens (Oliv.) Engl.,-0.7143111,10.583917,50,Mabounié,"1ha plot mabou005, tag 113",5549,IRD plot,107,113,mabou005
Warneckea_floribunda_Mabou3-319_pIRD70.JPG,26213,6/5/2012,Warneckea cauliflora Jacq.-Fél.,-0.78204834,10.54911,50,Mabounié,"1ha plot mabou003, tag 319",5710,IRD plot,70,319,mabou003
Warneckea_floribunda_Mabou3-319_pIRD70z.JPG,26213,6/5/2012,Warneckea cauliflora Jacq.-Fél.,-0.78204834,10.54911,50,Mabounié,"1ha plot mabou003, tag 319",5710,IRD plot,70,319,mabou003
Xylopia_quintasii_Mabou1-419.JPG,25664,1/5/2012,Xylopia quintasii Pierre ex Engl. & Diels,-0.7424567,10.561531,50,Mabounié,"1ha plot mabou001, tag 419",NA,NA,NA,419,mabou001
Xylopia_quintasii_Mabou1-419z.JPG,25664,1/5/2012,Xylopia quintasii Pierre ex Engl. & Diels,-0.7424567,10.561531,50,Mabounié,"1ha plot mabou001, tag 419",NA,NA,NA,419,mabou001
IMG_0004.JPG,114173,20/5/2013,Carapa parviflora Harms,3.68764,14.694,50,AlpiCam,"1ha plot alpicam005, tag 349",10202,IRD plot,706,349,alpicam005
IMG_0007.JPG,114173,20/5/2013,Carapa parviflora Harms,3.68764,14.694,50,AlpiCam,"1ha plot alpicam005, tag 349",10202,IRD plot,706,349,alpicam005
IMG_0010.JPG,114173,20/5/2013,Carapa parviflora Harms,3.68764,14.694,50,AlpiCam,"1ha plot alpicam005, tag 349",10202,IRD plot,706,349,alpicam005
IMG_0011.JPG,114173,20/5/2013,Carapa parviflora Harms,3.68764,14.694,50,AlpiCam,"1ha plot alpicam005, tag 349",10202,IRD plot,706,349,alpicam005
IMG_9759.JPG,113706,20/5/2013,Omphalocarpum elatum Miers,3.68774,14.681,50,AlpiCam,"1ha plot alpicam004, tag 310",10187,IRD plot,691,310,alpicam004
IMG_9760.JPG,113706,20/5/2013,Omphalocarpum elatum Miers,3.68774,14.681,50,AlpiCam,"1ha plot alpicam004, tag 310",10187,IRD plot,691,310,alpicam004
IMG_9761.JPG,113706,20/5/2013,Omphalocarpum elatum Miers,3.68774,14.681,50,AlpiCam,"1ha plot alpicam004, tag 310",10187,IRD plot,691,310,alpicam004
IMG_9762.JPG,113706,20/5/2013,Omphalocarpum elatum Miers,3.68774,14.681,50,AlpiCam,"1ha plot alpicam004, tag 310",10187,IRD plot,691,310,alpicam004
IMG_9764.JPG,113706,20/5/2013,Omphalocarpum elatum Miers,3.68774,14.681,50,AlpiCam,"1ha plot alpicam004, tag 310",10187,IRD plot,691,310,alpicam004
IMG_9765.JPG,113706,20/5/2013,Omphalocarpum elatum Miers,3.68774,14.681,50,AlpiCam,"1ha plot alpicam004, tag 310",10187,IRD plot,691,310,alpicam004
IMG_9766.JPG,113706,20/5/2013,Omphalocarpum elatum Miers,3.68774,14.681,50,AlpiCam,"1ha plot alpicam004, tag 310",10187,IRD plot,691,310,alpicam004
IMG_9767.JPG,113706,20/5/2013,Omphalocarpum elatum Miers,3.68774,14.681,50,AlpiCam,"1ha plot alpicam004, tag 310",10187,IRD plot,691,310,alpicam004
IMG_5719.JPG,68519,8/11/2012,NA,3.40366,13.665,50,Pallisco,"1ha plot pallisco1, tag 66",9927,IRD plot,513,66,pallisco1
IMG_5720.JPG,68519,8/11/2012,NA,3.40366,13.665,50,Pallisco,"1ha plot pallisco1, tag 66",9927,IRD plot,513,66,pallisco1
IMG_5721.JPG,68519,8/11/2012,NA,3.40366,13.665,50,Pallisco,"1ha plot pallisco1, tag 66",9927,IRD plot,513,66,pallisco1
IMG_5722.JPG,68519,8/11/2012,NA,3.40366,13.665,50,Pallisco,"1ha plot pallisco1, tag 66",9927,IRD plot,513,66,pallisco1
IMG_5723.JPG,68519,8/11/2012,NA,3.40366,13.665,50,Pallisco,"1ha plot pallisco1, tag 66",9927,IRD plot,513,66,pallisco1
IMG_5724.JPG,68519,8/11/2012,NA,3.40366,13.665,50,Pallisco,"1ha plot pallisco1, tag 66",9927,IRD plot,513,66,pallisco1
IMG_5725.JPG,68519,8/11/2012,NA,3.40366,13.665,50,Pallisco,"1ha plot pallisco1, tag 66",9927,IRD plot,513,66,pallisco1
IMG_5726.JPG,68519,8/11/2012,NA,3.40366,13.665,50,Pallisco,"1ha plot pallisco1, tag 66",9927,IRD plot,513,66,pallisco1
IMG_5727.JPG,69442,8/11/2012,Leplaea cedrata (A.Chev.) E.J.M.Koenen & J.J.de Wilde,3.40366,13.665,50,Pallisco,"1ha plot pallisco1, tag 68",NA,NA,NA,68,pallisco1
IMG_5728.JPG,69442,8/11/2012,Leplaea cedrata (A.Chev.) E.J.M.Koenen & J.J.de Wilde,3.40366,13.665,50,Pallisco,"1ha plot pallisco1, tag 68",NA,NA,NA,68,pallisco1
IMG_5730.JPG,69442,8/11/2012,Leplaea cedrata (A.Chev.) E.J.M.Koenen & J.J.de Wilde,3.40366,13.665,50,Pallisco,"1ha plot pallisco1, tag 68",NA,NA,NA,68,pallisco1
IMG_5731.JPG,69442,8/11/2012,Leplaea cedrata (A.Chev.) E.J.M.Koenen & J.J.de Wilde,3.40366,13.665,50,Pallisco,"1ha plot pallisco1, tag 68",NA,NA,NA,68,pallisco1
IMG_5732.JPG,68518,8/11/2012,Pancovia laurentii (De Wild.) Gilg ex De Wild.,3.40366,13.665,50,Pallisco,"1ha plot pallisco1, tag 71",9928,IRD plot,514,71,pallisco1
IMG_5734.JPG,68518,8/11/2012,Pancovia laurentii (De Wild.) Gilg ex De Wild.,3.40366,13.665,50,Pallisco,"1ha plot pallisco1, tag 71",9928,IRD plot,514,71,pallisco1
IMG_5735.JPG,68518,8/11/2012,Pancovia laurentii (De Wild.) Gilg ex De Wild.,3.40366,13.665,50,Pallisco,"1ha plot pallisco1, tag 71",9928,IRD plot,514,71,pallisco1
IMG_5736.JPG,68518,8/11/2012,Pancovia laurentii (De Wild.) Gilg ex De Wild.,3.40366,13.665,50,Pallisco,"1ha plot pallisco1, tag 71",9928,IRD plot,514,71,pallisco1
IMG_5737.JPG,68518,8/11/2012,Pancovia laurentii (De Wild.) Gilg ex De Wild.,3.40366,13.665,50,Pallisco,"1ha plot pallisco1, tag 71",9928,IRD plot,514,71,pallisco1
IMG_5738.JPG,68518,8/11/2012,Pancovia laurentii (De Wild.) Gilg ex De Wild.,3.40366,13.665,50,Pallisco,"1ha plot pallisco1, tag 71",9928,IRD plot,514,71,pallisco1
IMG_5739.JPG,68518,8/11/2012,Pancovia laurentii (De Wild.) Gilg ex De Wild.,3.40366,13.665,50,Pallisco,"1ha plot pallisco1, tag 71",9928,IRD plot,514,71,pallisco1
IMG_5740.JPG,68518,8/11/2012,Pancovia laurentii (De Wild.) Gilg ex De Wild.,3.40366,13.665,50,Pallisco,"1ha plot pallisco1, tag 71",9928,IRD plot,514,71,pallisco1
IMG_5741.JPG,68518,8/11/2012,Pancovia laurentii (De Wild.) Gilg ex De Wild.,3.40366,13.665,50,Pallisco,"1ha plot pallisco1, tag 71",9928,IRD plot,514,71,pallisco1
IMG_5742.JPG,68517,8/11/2012,Klaineanthus gabonii Pierre,3.40366,13.665,50,Pallisco,"1ha plot pallisco1, tag 76",9924,IRD plot,510,76,pallisco1
IMG_5743.JPG,68517,8/11/2012,Klaineanthus gabonii Pierre,3.40366,13.665,50,Pallisco,"1ha plot pallisco1, tag 76",9924,IRD plot,510,76,pallisco1
IMG_5745.JPG,68517,8/11/2012,Klaineanthus gabonii Pierre,3.40366,13.665,50,Pallisco,"1ha plot pallisco1, tag 76",9924,IRD plot,510,76,pallisco1
IMG_5748.JPG,68517,8/11/2012,Klaineanthus gabonii Pierre,3.40366,13.665,50,Pallisco,"1ha plot pallisco1, tag 76",9924,IRD plot,510,76,pallisco1
IMG_5749.JPG,68517,8/11/2012,Klaineanthus gabonii Pierre,3.40366,13.665,50,Pallisco,"1ha plot pallisco1, tag 76",9924,IRD plot,510,76,pallisco1
IMG_5750.JPG,68517,8/11/2012,Klaineanthus gabonii Pierre,3.40366,13.665,50,Pallisco,"1ha plot pallisco1, tag 76",9924,IRD plot,510,76,pallisco1
IMG_5751.JPG,68517,8/11/2012,Klaineanthus gabonii Pierre,3.40366,13.665,50,Pallisco,"1ha plot pallisco1, tag 76",9924,IRD plot,510,76,pallisco1
IMG_5754.JPG,69174,8/11/2012,Albizia adianthifolia (Schumach.) W.Wight,3.40366,13.665,50,Pallisco,"1ha plot pallisco1, tag 78",NA,NA,NA,78,pallisco1
IMG_5756.JPG,69174,8/11/2012,Albizia adianthifolia (Schumach.) W.Wight,3.40366,13.665,50,Pallisco,"1ha plot pallisco1, tag 78",NA,NA,NA,78,pallisco1
IMG_5759.JPG,70127,8/11/2012,Trichilia rubescens Oliv.,3.40366,13.665,50,Pallisco,"1ha plot pallisco1, tag 79",NA,NA,NA,79,pallisco1
IMG_5760.JPG,70127,8/11/2012,Trichilia rubescens Oliv.,3.40366,13.665,50,Pallisco,"1ha plot pallisco1, tag 79",NA,NA,NA,79,pallisco1
IMG_5762.JPG,70127,8/11/2012,Trichilia rubescens Oliv.,3.40366,13.665,50,Pallisco,"1ha plot pallisco1, tag 79",NA,NA,NA,79,pallisco1
IMG_5764.JPG,70127,8/11/2012,Trichilia rubescens Oliv.,3.40366,13.665,50,Pallisco,"1ha plot pallisco1, tag 79",NA,NA,NA,79,pallisco1
IMG_5765.JPG,70148,8/11/2012,NA,3.40366,13.665,50,Pallisco,"1ha plot pallisco1, tag 80",NA,NA,NA,80,pallisco1
IMG_5767.JPG,70148,8/11/2012,NA,3.40366,13.665,50,Pallisco,"1ha plot pallisco1, tag 80",NA,NA,NA,80,pallisco1
IMG_5769.JPG,68516,8/11/2012,Drypetes occidentalis (Müll.Arg.) Hutch.,3.40366,13.665,50,Pallisco,"1ha plot pallisco1, tag 81",9929,IRD plot,515,81,pallisco1
IMG_5771.JPG,68516,8/11/2012,Drypetes occidentalis (Müll.Arg.) Hutch.,3.40366,13.665,50,Pallisco,"1ha plot pallisco1, tag 81",9929,IRD plot,515,81,pallisco1
IMG_5772.JPG,68516,8/11/2012,Drypetes occidentalis (Müll.Arg.) Hutch.,3.40366,13.665,50,Pallisco,"1ha plot pallisco1, tag 81",9929,IRD plot,515,81,pallisco1
IMG_5773.JPG,68516,8/11/2012,Drypetes occidentalis (Müll.Arg.) Hutch.,3.40366,13.665,50,Pallisco,"1ha plot pallisco1, tag 81",9929,IRD plot,515,81,pallisco1
IMG_5774.JPG,68516,8/11/2012,Drypetes occidentalis (Müll.Arg.) Hutch.,3.40366,13.665,50,Pallisco,"1ha plot pallisco1, tag 81",9929,IRD plot,515,81,pallisco1
IMG_5775.JPG,68516,8/11/2012,Drypetes occidentalis (Müll.Arg.) Hutch.,3.40366,13.665,50,Pallisco,"1ha plot pallisco1, tag 81",9929,IRD plot,515,81,pallisco1
IMG_5776.JPG,68516,8/11/2012,Drypetes occidentalis (Müll.Arg.) Hutch.,3.40366,13.665,50,Pallisco,"1ha plot pallisco1, tag 81",9929,IRD plot,515,81,pallisco1
IMG_5778.JPG,68850,8/11/2012,Angylocalyx pynaertii De Wild.,3.40366,13.665,50,Pallisco,"1ha plot pallisco1, tag 82",9976,IRD plot,562,82,pallisco1
IMG_5779.JPG,68850,8/11/2012,Angylocalyx pynaertii De Wild.,3.40366,13.665,50,Pallisco,"1ha plot pallisco1, tag 82",9976,IRD plot,562,82,pallisco1
IMG_5780.JPG,68850,8/11/2012,Angylocalyx pynaertii De Wild.,3.40366,13.665,50,Pallisco,"1ha plot pallisco1, tag 82",9976,IRD plot,562,82,pallisco1
IMG_5782.JPG,68850,8/11/2012,Angylocalyx pynaertii De Wild.,3.40366,13.665,50,Pallisco,"1ha plot pallisco1, tag 82",9976,IRD plot,562,82,pallisco1
IMG_5783.JPG,68850,8/11/2012,Angylocalyx pynaertii De Wild.,3.40366,13.665,50,Pallisco,"1ha plot pallisco1, tag 82",9976,IRD plot,562,82,pallisco1
IMG_5784.JPG,68850,8/11/2012,Angylocalyx pynaertii De Wild.,3.40366,13.665,50,Pallisco,"1ha plot pallisco1, tag 82",9976,IRD plot,562,82,pallisco1
IMG_5785.JPG,68850,8/11/2012,Angylocalyx pynaertii De Wild.,3.40366,13.665,50,Pallisco,"1ha plot pallisco1, tag 82",9976,IRD plot,562,82,pallisco1
IMG_5786.JPG,68515,8/11/2012,Duboscia macrocarpa Bocq.,3.40366,13.665,50,Pallisco,"1ha plot pallisco1, tag 85",9936,IRD plot,522,85,pallisco1
IMG_5787.JPG,68515,8/11/2012,Duboscia macrocarpa Bocq.,3.40366,13.665,50,Pallisco,"1ha plot pallisco1, tag 85",9936,IRD plot,522,85,pallisco1
IMG_5788.JPG,68515,8/11/2012,Duboscia macrocarpa Bocq.,3.40366,13.665,50,Pallisco,"1ha plot pallisco1, tag 85",9936,IRD plot,522,85,pallisco1
IMG_5791.JPG,68515,8/11/2012,Duboscia macrocarpa Bocq.,3.40366,13.665,50,Pallisco,"1ha plot pallisco1, tag 85",9936,IRD plot,522,85,pallisco1
IMG_5792.JPG,68515,8/11/2012,Duboscia macrocarpa Bocq.,3.40366,13.665,50,Pallisco,"1ha plot pallisco1, tag 85",9936,IRD plot,522,85,pallisco1
IMG_5795.JPG,68515,8/11/2012,Duboscia macrocarpa Bocq.,3.40366,13.665,50,Pallisco,"1ha plot pallisco1, tag 85",9936,IRD plot,522,85,pallisco1
IMG_5796.JPG,68515,8/11/2012,Duboscia macrocarpa Bocq.,3.40366,13.665,50,Pallisco,"1ha plot pallisco1, tag 85",9936,IRD plot,522,85,pallisco1
IMG_5797.JPG,68515,8/11/2012,Duboscia macrocarpa Bocq.,3.40366,13.665,50,Pallisco,"1ha plot pallisco1, tag 85",9936,IRD plot,522,85,pallisco1
IMG_5798.JPG,69142,8/11/2012,Greenwayodendron suaveolens (Engl. & Diels) Verdc.,3.40366,13.665,50,Pallisco,"1ha plot pallisco1, tag 89",9942,IRD plot,528,89,pallisco1
IMG_5803.JPG,69142,8/11/2012,Greenwayodendron suaveolens (Engl. & Diels) Verdc.,3.40366,13.665,50,Pallisco,"1ha plot pallisco1, tag 89",9942,IRD plot,528,89,pallisco1
IMG_5806.JPG,69142,8/11/2012,Greenwayodendron suaveolens (Engl. & Diels) Verdc.,3.40366,13.665,50,Pallisco,"1ha plot pallisco1, tag 89",9942,IRD plot,528,89,pallisco1
IMG_5807.JPG,69142,8/11/2012,Greenwayodendron suaveolens (Engl. & Diels) Verdc.,3.40366,13.665,50,Pallisco,"1ha plot pallisco1, tag 89",9942,IRD plot,528,89,pallisco1
IMG_5808.JPG,69260,8/11/2012,Centroplacus glaucinus Pierre,3.40366,13.665,50,Pallisco,"1ha plot pallisco1, tag 91",NA,NA,NA,91,pallisco1
IMG_5810.JPG,69260,8/11/2012,Centroplacus glaucinus Pierre,3.40366,13.665,50,Pallisco,"1ha plot pallisco1, tag 91",NA,NA,NA,91,pallisco1
IMG_5812.JPG,69260,8/11/2012,Centroplacus glaucinus Pierre,3.40366,13.665,50,Pallisco,"1ha plot pallisco1, tag 91",NA,NA,NA,91,pallisco1
IMG_5813.JPG,69260,8/11/2012,Centroplacus glaucinus Pierre,3.40366,13.665,50,Pallisco,"1ha plot pallisco1, tag 91",NA,NA,NA,91,pallisco1
IMG_5815.JPG,69260,8/11/2012,Centroplacus glaucinus Pierre,3.40366,13.665,50,Pallisco,"1ha plot pallisco1, tag 91",NA,NA,NA,91,pallisco1
IMG_5816.JPG,68514,8/11/2012,NA,3.40366,13.665,50,Pallisco,"1ha plot pallisco1, tag 92",9930,IRD plot,516,92,pallisco1
IMG_5821.JPG,68514,8/11/2012,NA,3.40366,13.665,50,Pallisco,"1ha plot pallisco1, tag 92",9930,IRD plot,516,92,pallisco1
IMG_5823.JPG,68514,8/11/2012,NA,3.40366,13.665,50,Pallisco,"1ha plot pallisco1, tag 92",9930,IRD plot,516,92,pallisco1
IMG_5825.JPG,68943,8/11/2012,Chrysophyllum lacourtianum De Wild.,3.40366,13.665,50,Pallisco,"1ha plot pallisco1, tag 93",10024,IRD plot,610,93,pallisco1
IMG_5826.JPG,68943,8/11/2012,Chrysophyllum lacourtianum De Wild.,3.40366,13.665,50,Pallisco,"1ha plot pallisco1, tag 93",10024,IRD plot,610,93,pallisco1
IMG_5831.JPG,68943,8/11/2012,Chrysophyllum lacourtianum De Wild.,3.40366,13.665,50,Pallisco,"1ha plot pallisco1, tag 93",10024,IRD plot,610,93,pallisco1
IMG_5847.JPG,69495,8/11/2012,NA,3.40366,13.665,50,Pallisco,"1ha plot pallisco1, tag 97",NA,NA,NA,97,pallisco1
IMG_5849.JPG,69495,8/11/2012,NA,3.40366,13.665,50,Pallisco,"1ha plot pallisco1, tag 97",NA,NA,NA,97,pallisco1
IMG_5853.JPG,69301,8/11/2012,Cola lateritia K.Schum.,3.40366,13.665,50,Pallisco,"1ha plot pallisco1, tag 101",NA,NA,NA,101,pallisco1
IMG_5854.JPG,69301,8/11/2012,Cola lateritia K.Schum.,3.40366,13.665,50,Pallisco,"1ha plot pallisco1, tag 101",NA,NA,NA,101,pallisco1
IMG_5856.JPG,69301,8/11/2012,Cola lateritia K.Schum.,3.40366,13.665,50,Pallisco,"1ha plot pallisco1, tag 101",NA,NA,NA,101,pallisco1
IMG_5865.JPG,69160,8/11/2012,Afrostyrax lepidophyllus Mildbr.,3.40366,13.665,50,Pallisco,"1ha plot pallisco1, tag 104",NA,NA,NA,104,pallisco1
IMG_5866.JPG,69160,8/11/2012,Afrostyrax lepidophyllus Mildbr.,3.40366,13.665,50,Pallisco,"1ha plot pallisco1, tag 104",NA,NA,NA,104,pallisco1
IMG_5869.JPG,69160,8/11/2012,Afrostyrax lepidophyllus Mildbr.,3.40366,13.665,50,Pallisco,"1ha plot pallisco1, tag 104",NA,NA,NA,104,pallisco1
IMG_5871.JPG,69160,8/11/2012,Afrostyrax lepidophyllus Mildbr.,3.40366,13.665,50,Pallisco,"1ha plot pallisco1, tag 104",NA,NA,NA,104,pallisco1
IMG_5872.JPG,69919,8/11/2012,Sterculia tragacantha Lindl.,3.40366,13.665,50,Pallisco,"1ha plot pallisco1, tag 107",NA,NA,NA,107,pallisco1
IMG_5878.JPG,69919,8/11/2012,Sterculia tragacantha Lindl.,3.40366,13.665,50,Pallisco,"1ha plot pallisco1, tag 107",NA,NA,NA,107,pallisco1
IMG_5882.JPG,68882,8/11/2012,Symphonia globulifera L.f.,3.40366,13.665,50,Pallisco,"1ha plot pallisco1, tag 108",9926,IRD plot,512,108,pallisco1
IMG_5885.JPG,68882,8/11/2012,Symphonia globulifera L.f.,3.40366,13.665,50,Pallisco,"1ha plot pallisco1, tag 108",9926,IRD plot,512,108,pallisco1
IMG_5887.JPG,68571,8/11/2012,Erythrophleum suaveolens (Guill. & Perr.) Brenan,3.40366,13.665,50,Pallisco,"1ha plot pallisco1, tag 110",10021,IRD plot,607,110,pallisco1
IMG_5888.JPG,68571,8/11/2012,Erythrophleum suaveolens (Guill. & Perr.) Brenan,3.40366,13.665,50,Pallisco,"1ha plot pallisco1, tag 110",10021,IRD plot,607,110,pallisco1
IMG_5889.JPG,68571,8/11/2012,Erythrophleum suaveolens (Guill. & Perr.) Brenan,3.40366,13.665,50,Pallisco,"1ha plot pallisco1, tag 110",10021,IRD plot,607,110,pallisco1
IMG_5892.JPG,68571,8/11/2012,Erythrophleum suaveolens (Guill. & Perr.) Brenan,3.40366,13.665,50,Pallisco,"1ha plot pallisco1, tag 110",10021,IRD plot,607,110,pallisco1
IMG_5894.JPG,68571,8/11/2012,Erythrophleum suaveolens (Guill. & Perr.) Brenan,3.40366,13.665,50,Pallisco,"1ha plot pallisco1, tag 110",10021,IRD plot,607,110,pallisco1
IMG_5902.JPG,69528,8/11/2012,Lovoa trichilioides Harms,3.40366,13.665,50,Pallisco,"1ha plot pallisco1, tag 117",NA,NA,NA,117,pallisco1
IMG_5904.JPG,69528,8/11/2012,Lovoa trichilioides Harms,3.40366,13.665,50,Pallisco,"1ha plot pallisco1, tag 117",NA,NA,NA,117,pallisco1
IMG_5906.JPG,69528,8/11/2012,Lovoa trichilioides Harms,3.40366,13.665,50,Pallisco,"1ha plot pallisco1, tag 117",NA,NA,NA,117,pallisco1
IMG_5913.JPG,68564,8/11/2012,Rothmannia lujae (De Wild.) Keay,3.40366,13.665,50,Pallisco,"1ha plot pallisco1, tag 119",9935,IRD plot,521,119,pallisco1
IMG_5918.JPG,68564,8/11/2012,Rothmannia lujae (De Wild.) Keay,3.40366,13.665,50,Pallisco,"1ha plot pallisco1, tag 119",9935,IRD plot,521,119,pallisco1
IMG_5926.JPG,68564,8/11/2012,Rothmannia lujae (De Wild.) Keay,3.40366,13.665,50,Pallisco,"1ha plot pallisco1, tag 119",9935,IRD plot,521,119,pallisco1
IMG_5927.JPG,68564,8/11/2012,Rothmannia lujae (De Wild.) Keay,3.40366,13.665,50,Pallisco,"1ha plot pallisco1, tag 119",9935,IRD plot,521,119,pallisco1
IMG_5928.JPG,68564,8/11/2012,Rothmannia lujae (De Wild.) Keay,3.40366,13.665,50,Pallisco,"1ha plot pallisco1, tag 119",9935,IRD plot,521,119,pallisco1
IMG_5929.JPG,68564,8/11/2012,Rothmannia lujae (De Wild.) Keay,3.40366,13.665,50,Pallisco,"1ha plot pallisco1, tag 119",9935,IRD plot,521,119,pallisco1
IMG_5930.JPG,68564,8/11/2012,Rothmannia lujae (De Wild.) Keay,3.40366,13.665,50,Pallisco,"1ha plot pallisco1, tag 119",9935,IRD plot,521,119,pallisco1
IMG_5931.JPG,68564,8/11/2012,Rothmannia lujae (De Wild.) Keay,3.40366,13.665,50,Pallisco,"1ha plot pallisco1, tag 119",9935,IRD plot,521,119,pallisco1
IMG_5932.JPG,68564,8/11/2012,Rothmannia lujae (De Wild.) Keay,3.40366,13.665,50,Pallisco,"1ha plot pallisco1, tag 119",9935,IRD plot,521,119,pallisco1
IMG_5933.JPG,68597,8/11/2012,Entandrophragma candollei Harms,3.40366,13.665,50,Pallisco,"1ha plot pallisco1, tag 126",9996,IRD plot,582,126,pallisco1
IMG_5935.JPG,68597,8/11/2012,Entandrophragma candollei Harms,3.40366,13.665,50,Pallisco,"1ha plot pallisco1, tag 126",9996,IRD plot,582,126,pallisco1
IMG_5939.JPG,68597,8/11/2012,Entandrophragma candollei Harms,3.40366,13.665,50,Pallisco,"1ha plot pallisco1, tag 126",9996,IRD plot,582,126,pallisco1
IMG_5940.JPG,68597,8/11/2012,Entandrophragma candollei Harms,3.40366,13.665,50,Pallisco,"1ha plot pallisco1, tag 126",9996,IRD plot,582,126,pallisco1
IMG_5941.JPG,68597,8/11/2012,Entandrophragma candollei Harms,3.40366,13.665,50,Pallisco,"1ha plot pallisco1, tag 126",9996,IRD plot,582,126,pallisco1
IMG_5942.JPG,68865,8/11/2012,Celtis mildbraedii Engl.,3.40366,13.665,50,Pallisco,"1ha plot pallisco1, tag 131",10026,IRD plot,612,131,pallisco1
IMG_5943.JPG,68865,8/11/2012,Celtis mildbraedii Engl.,3.40366,13.665,50,Pallisco,"1ha plot pallisco1, tag 131",10026,IRD plot,612,131,pallisco1
IMG_5944.JPG,68865,8/11/2012,Celtis mildbraedii Engl.,3.40366,13.665,50,Pallisco,"1ha plot pallisco1, tag 131",10026,IRD plot,612,131,pallisco1
IMG_5947.JPG,68865,8/11/2012,Celtis mildbraedii Engl.,3.40366,13.665,50,Pallisco,"1ha plot pallisco1, tag 131",10026,IRD plot,612,131,pallisco1
IMG_5948.JPG,68865,8/11/2012,Celtis mildbraedii Engl.,3.40366,13.665,50,Pallisco,"1ha plot pallisco1, tag 131",10026,IRD plot,612,131,pallisco1
IMG_5950.JPG,68865,8/11/2012,Celtis mildbraedii Engl.,3.40366,13.665,50,Pallisco,"1ha plot pallisco1, tag 131",10026,IRD plot,612,131,pallisco1
IMG_5951.JPG,68794,8/11/2012,NA,3.40366,13.665,50,Pallisco,"1ha plot pallisco1, tag 139",9981,IRD plot,567,139,pallisco1
IMG_5952.JPG,68794,8/11/2012,NA,3.40366,13.665,50,Pallisco,"1ha plot pallisco1, tag 139",9981,IRD plot,567,139,pallisco1
IMG_5954.JPG,68794,8/11/2012,NA,3.40366,13.665,50,Pallisco,"1ha plot pallisco1, tag 139",9981,IRD plot,567,139,pallisco1
IMG_5955.JPG,70108,8/11/2012,Tessmannia africana Harms,3.40366,13.665,50,Pallisco,"1ha plot pallisco1, tag 137",NA,NA,NA,137,pallisco1
IMG_5956.JPG,70108,8/11/2012,Tessmannia africana Harms,3.40366,13.665,50,Pallisco,"1ha plot pallisco1, tag 137",NA,NA,NA,137,pallisco1
IMG_5957.JPG,70108,8/11/2012,Tessmannia africana Harms,3.40366,13.665,50,Pallisco,"1ha plot pallisco1, tag 137",NA,NA,NA,137,pallisco1
IMG_5958.JPG,70108,8/11/2012,Tessmannia africana Harms,3.40366,13.665,50,Pallisco,"1ha plot pallisco1, tag 137",NA,NA,NA,137,pallisco1
IMG_5961.JPG,68563,8/11/2012,NA,3.40366,13.665,50,Pallisco,"1ha plot pallisco1, tag 138",9934,IRD plot,520,138,pallisco1
IMG_5974.JPG,68563,8/11/2012,NA,3.40366,13.665,50,Pallisco,"1ha plot pallisco1, tag 138",9934,IRD plot,520,138,pallisco1
IMG_5975.JPG,68563,8/11/2012,NA,3.40366,13.665,50,Pallisco,"1ha plot pallisco1, tag 138",9934,IRD plot,520,138,pallisco1
IMG_5976.JPG,68563,8/11/2012,NA,3.40366,13.665,50,Pallisco,"1ha plot pallisco1, tag 138",9934,IRD plot,520,138,pallisco1
IMG_5978.JPG,68563,8/11/2012,NA,3.40366,13.665,50,Pallisco,"1ha plot pallisco1, tag 138",9934,IRD plot,520,138,pallisco1
IMG_5982.JPG,68563,8/11/2012,NA,3.40366,13.665,50,Pallisco,"1ha plot pallisco1, tag 138",9934,IRD plot,520,138,pallisco1
IMG_5984.JPG,68562,8/11/2012,Antidesma vogelianum Müll.Arg.,3.40366,13.665,50,Pallisco,"1ha plot pallisco1, tag 144",9932,IRD plot,518,144,pallisco1
IMG_5985.JPG,68562,8/11/2012,Antidesma vogelianum Müll.Arg.,3.40366,13.665,50,Pallisco,"1ha plot pallisco1, tag 144",9932,IRD plot,518,144,pallisco1
IMG_5989.JPG,68562,8/11/2012,Antidesma vogelianum Müll.Arg.,3.40366,13.665,50,Pallisco,"1ha plot pallisco1, tag 144",9932,IRD plot,518,144,pallisco1
IMG_5990.JPG,68562,8/11/2012,Antidesma vogelianum Müll.Arg.,3.40366,13.665,50,Pallisco,"1ha plot pallisco1, tag 144",9932,IRD plot,518,144,pallisco1
IMG_5991.JPG,68562,8/11/2012,Antidesma vogelianum Müll.Arg.,3.40366,13.665,50,Pallisco,"1ha plot pallisco1, tag 144",9932,IRD plot,518,144,pallisco1
IMG_5994.JPG,68562,8/11/2012,Antidesma vogelianum Müll.Arg.,3.40366,13.665,50,Pallisco,"1ha plot pallisco1, tag 144",9932,IRD plot,518,144,pallisco1
IMG_5995.JPG,68561,8/11/2012,Lepidobotrys staudtii Engl.,3.40366,13.665,50,Pallisco,"1ha plot pallisco1, tag 149",9931,IRD plot,517,149,pallisco1
IMG_5998.JPG,68561,8/11/2012,Lepidobotrys staudtii Engl.,3.40366,13.665,50,Pallisco,"1ha plot pallisco1, tag 149",9931,IRD plot,517,149,pallisco1
IMG_5999.JPG,68561,8/11/2012,Lepidobotrys staudtii Engl.,3.40366,13.665,50,Pallisco,"1ha plot pallisco1, tag 149",9931,IRD plot,517,149,pallisco1
IMG_6000.JPG,68561,8/11/2012,Lepidobotrys staudtii Engl.,3.40366,13.665,50,Pallisco,"1ha plot pallisco1, tag 149",9931,IRD plot,517,149,pallisco1
IMG_6001.JPG,68561,8/11/2012,Lepidobotrys staudtii Engl.,3.40366,13.665,50,Pallisco,"1ha plot pallisco1, tag 149",9931,IRD plot,517,149,pallisco1
IMG_6003.JPG,68561,8/11/2012,Lepidobotrys staudtii Engl.,3.40366,13.665,50,Pallisco,"1ha plot pallisco1, tag 149",9931,IRD plot,517,149,pallisco1
IMG_6005.JPG,69736,8/11/2012,Petersianthus macrocarpus (P.Beauv.) Liben,3.40366,13.665,50,Pallisco,"1ha plot pallisco1, tag 147",NA,NA,NA,147,pallisco1
IMG_6006.JPG,69736,8/11/2012,Petersianthus macrocarpus (P.Beauv.) Liben,3.40366,13.665,50,Pallisco,"1ha plot pallisco1, tag 147",NA,NA,NA,147,pallisco1
IMG_6009.JPG,69736,8/11/2012,Petersianthus macrocarpus (P.Beauv.) Liben,3.40366,13.665,50,Pallisco,"1ha plot pallisco1, tag 147",NA,NA,NA,147,pallisco1
IMG_6010.JPG,68560,8/11/2012,Trichoscypha acuminata Engl.,3.40366,13.665,50,Pallisco,"1ha plot pallisco1, tag 151",9933,IRD plot,519,151,pallisco1
IMG_6012.JPG,68560,8/11/2012,Trichoscypha acuminata Engl.,3.40366,13.665,50,Pallisco,"1ha plot pallisco1, tag 151",9933,IRD plot,519,151,pallisco1
IMG_6014.JPG,68560,8/11/2012,Trichoscypha acuminata Engl.,3.40366,13.665,50,Pallisco,"1ha plot pallisco1, tag 151",9933,IRD plot,519,151,pallisco1
IMG_6016.JPG,68560,8/11/2012,Trichoscypha acuminata Engl.,3.40366,13.665,50,Pallisco,"1ha plot pallisco1, tag 151",9933,IRD plot,519,151,pallisco1
IMG_6017.JPG,68560,8/11/2012,Trichoscypha acuminata Engl.,3.40366,13.665,50,Pallisco,"1ha plot pallisco1, tag 151",9933,IRD plot,519,151,pallisco1
IMG_6018.JPG,68560,8/11/2012,Trichoscypha acuminata Engl.,3.40366,13.665,50,Pallisco,"1ha plot pallisco1, tag 151",9933,IRD plot,519,151,pallisco1
IMG_6019.JPG,68560,8/11/2012,Trichoscypha acuminata Engl.,3.40366,13.665,50,Pallisco,"1ha plot pallisco1, tag 151",9933,IRD plot,519,151,pallisco1
IMG_6020.JPG,69244,8/11/2012,NA,3.40366,13.665,50,Pallisco,"1ha plot pallisco1, tag 165",NA,NA,NA,165,pallisco1
IMG_6021.JPG,69244,8/11/2012,NA,3.40366,13.665,50,Pallisco,"1ha plot pallisco1, tag 165",NA,NA,NA,165,pallisco1
IMG_6023.JPG,69244,8/11/2012,NA,3.40366,13.665,50,Pallisco,"1ha plot pallisco1, tag 165",NA,NA,NA,165,pallisco1
IMG_6026.JPG,69244,8/11/2012,NA,3.40366,13.665,50,Pallisco,"1ha plot pallisco1, tag 165",NA,NA,NA,165,pallisco1
IMG_6028.JPG,69244,8/11/2012,NA,3.40366,13.665,50,Pallisco,"1ha plot pallisco1, tag 165",NA,NA,NA,165,pallisco1
IMG_6033.JPG,69244,8/11/2012,NA,3.40366,13.665,50,Pallisco,"1ha plot pallisco1, tag 165",NA,NA,NA,165,pallisco1
IMG_6035.JPG,69484,8/11/2012,NA,3.40366,13.665,50,Pallisco,"1ha plot pallisco1, tag 170",NA,NA,NA,170,pallisco1
IMG_6037.JPG,69484,8/11/2012,NA,3.40366,13.665,50,Pallisco,"1ha plot pallisco1, tag 170",NA,NA,NA,170,pallisco1
IMG_6041.JPG,69040,8/11/2012,Anonidium mannii (Oliv.) Engl. & Diels,3.40366,13.665,50,Pallisco,"1ha plot pallisco1, tag 177",9945,IRD plot,531,177,pallisco1
IMG_6044.JPG,69040,8/11/2012,Anonidium mannii (Oliv.) Engl. & Diels,3.40366,13.665,50,Pallisco,"1ha plot pallisco1, tag 177",9945,IRD plot,531,177,pallisco1
IMG_6047.JPG,69040,8/11/2012,Anonidium mannii (Oliv.) Engl. & Diels,3.40366,13.665,50,Pallisco,"1ha plot pallisco1, tag 177",9945,IRD plot,531,177,pallisco1
IMG_6048.JPG,69040,8/11/2012,Anonidium mannii (Oliv.) Engl. & Diels,3.40366,13.665,50,Pallisco,"1ha plot pallisco1, tag 177",9945,IRD plot,531,177,pallisco1
IMG_6049.JPG,69040,8/11/2012,Anonidium mannii (Oliv.) Engl. & Diels,3.40366,13.665,50,Pallisco,"1ha plot pallisco1, tag 177",9945,IRD plot,531,177,pallisco1
IMG_6061.JPG,69144,8/11/2012,Greenwayodendron suaveolens (Engl. & Diels) Verdc.,3.40366,13.665,50,Pallisco,"1ha plot pallisco1, tag 181",9942,IRD plot,528,181,pallisco1
IMG_6065.JPG,69144,8/11/2012,Greenwayodendron suaveolens (Engl. & Diels) Verdc.,3.40366,13.665,50,Pallisco,"1ha plot pallisco1, tag 181",9942,IRD plot,528,181,pallisco1
IMG_6066.JPG,68558,8/11/2012,Heisteria parvifolia Sm.,3.40366,13.665,50,Pallisco,"1ha plot pallisco1, tag 180",9940,IRD plot,526,180,pallisco1
IMG_6070.JPG,68558,8/11/2012,Heisteria parvifolia Sm.,3.40366,13.665,50,Pallisco,"1ha plot pallisco1, tag 180",9940,IRD plot,526,180,pallisco1
IMG_6072.JPG,68558,8/11/2012,Heisteria parvifolia Sm.,3.40366,13.665,50,Pallisco,"1ha plot pallisco1, tag 180",9940,IRD plot,526,180,pallisco1
IMG_6074.JPG,68558,8/11/2012,Heisteria parvifolia Sm.,3.40366,13.665,50,Pallisco,"1ha plot pallisco1, tag 180",9940,IRD plot,526,180,pallisco1
IMG_6075.JPG,68558,8/11/2012,Heisteria parvifolia Sm.,3.40366,13.665,50,Pallisco,"1ha plot pallisco1, tag 180",9940,IRD plot,526,180,pallisco1
IMG_6077.JPG,68558,8/11/2012,Heisteria parvifolia Sm.,3.40366,13.665,50,Pallisco,"1ha plot pallisco1, tag 180",9940,IRD plot,526,180,pallisco1
IMG_6081.JPG,68558,8/11/2012,Heisteria parvifolia Sm.,3.40366,13.665,50,Pallisco,"1ha plot pallisco1, tag 180",9940,IRD plot,526,180,pallisco1
IMG_6084.JPG,68557,8/11/2012,Greenwayodendron suaveolens (Engl. & Diels) Verdc.,3.40366,13.665,50,Pallisco,"1ha plot pallisco1, tag 183",9942,IRD plot,528,183,pallisco1
IMG_6093.JPG,68557,8/11/2012,Greenwayodendron suaveolens (Engl. & Diels) Verdc.,3.40366,13.665,50,Pallisco,"1ha plot pallisco1, tag 183",9942,IRD plot,528,183,pallisco1
IMG_6097.JPG,68557,8/11/2012,Greenwayodendron suaveolens (Engl. & Diels) Verdc.,3.40366,13.665,50,Pallisco,"1ha plot pallisco1, tag 183",9942,IRD plot,528,183,pallisco1
IMG_6098.JPG,68557,8/11/2012,Greenwayodendron suaveolens (Engl. & Diels) Verdc.,3.40366,13.665,50,Pallisco,"1ha plot pallisco1, tag 183",9942,IRD plot,528,183,pallisco1
IMG_6099.JPG,68557,8/11/2012,Greenwayodendron suaveolens (Engl. & Diels) Verdc.,3.40366,13.665,50,Pallisco,"1ha plot pallisco1, tag 183",9942,IRD plot,528,183,pallisco1
IMG_6100.JPG,68557,8/11/2012,Greenwayodendron suaveolens (Engl. & Diels) Verdc.,3.40366,13.665,50,Pallisco,"1ha plot pallisco1, tag 183",9942,IRD plot,528,183,pallisco1
IMG_6104.JPG,68557,8/11/2012,Greenwayodendron suaveolens (Engl. & Diels) Verdc.,3.40366,13.665,50,Pallisco,"1ha plot pallisco1, tag 183",9942,IRD plot,528,183,pallisco1
IMG_6111.JPG,68556,8/11/2012,Annickia chlorantha (Oliv.) Setten & Maas,3.40366,13.665,50,Pallisco,"1ha plot pallisco1, tag 185",9941,IRD plot,527,185,pallisco1
IMG_6112.JPG,68556,8/11/2012,Annickia chlorantha (Oliv.) Setten & Maas,3.40366,13.665,50,Pallisco,"1ha plot pallisco1, tag 185",9941,IRD plot,527,185,pallisco1
IMG_6119.JPG,68556,8/11/2012,Annickia chlorantha (Oliv.) Setten & Maas,3.40366,13.665,50,Pallisco,"1ha plot pallisco1, tag 185",9941,IRD plot,527,185,pallisco1
IMG_6120.JPG,68556,8/11/2012,Annickia chlorantha (Oliv.) Setten & Maas,3.40366,13.665,50,Pallisco,"1ha plot pallisco1, tag 185",9941,IRD plot,527,185,pallisco1
IMG_6121.JPG,68556,8/11/2012,Annickia chlorantha (Oliv.) Setten & Maas,3.40366,13.665,50,Pallisco,"1ha plot pallisco1, tag 185",9941,IRD plot,527,185,pallisco1
IMG_6122.JPG,68556,8/11/2012,Annickia chlorantha (Oliv.) Setten & Maas,3.40366,13.665,50,Pallisco,"1ha plot pallisco1, tag 185",9941,IRD plot,527,185,pallisco1
IMG_6126.JPG,68556,8/11/2012,Annickia chlorantha (Oliv.) Setten & Maas,3.40366,13.665,50,Pallisco,"1ha plot pallisco1, tag 185",9941,IRD plot,527,185,pallisco1
IMG_6127.JPG,68555,8/11/2012,Trichoscypha acuminata Engl.,3.40366,13.665,50,Pallisco,"1ha plot pallisco1, tag 188",9943,IRD plot,529,188,pallisco1
IMG_6134.JPG,68555,8/11/2012,Trichoscypha acuminata Engl.,3.40366,13.665,50,Pallisco,"1ha plot pallisco1, tag 188",9943,IRD plot,529,188,pallisco1
IMG_6135.JPG,68555,8/11/2012,Trichoscypha acuminata Engl.,3.40366,13.665,50,Pallisco,"1ha plot pallisco1, tag 188",9943,IRD plot,529,188,pallisco1
IMG_6136.JPG,68555,8/11/2012,Trichoscypha acuminata Engl.,3.40366,13.665,50,Pallisco,"1ha plot pallisco1, tag 188",9943,IRD plot,529,188,pallisco1
IMG_6137.JPG,68555,8/11/2012,Trichoscypha acuminata Engl.,3.40366,13.665,50,Pallisco,"1ha plot pallisco1, tag 188",9943,IRD plot,529,188,pallisco1
IMG_6138.JPG,68555,8/11/2012,Trichoscypha acuminata Engl.,3.40366,13.665,50,Pallisco,"1ha plot pallisco1, tag 188",9943,IRD plot,529,188,pallisco1
IMG_6140.JPG,68555,8/11/2012,Trichoscypha acuminata Engl.,3.40366,13.665,50,Pallisco,"1ha plot pallisco1, tag 188",9943,IRD plot,529,188,pallisco1
IMG_6141.JPG,69861,8/11/2012,Pterocarpus soyauxii Taub.,3.40366,13.665,50,Pallisco,"1ha plot pallisco1, tag 189",NA,NA,NA,189,pallisco1
IMG_6143.JPG,69861,8/11/2012,Pterocarpus soyauxii Taub.,3.40366,13.665,50,Pallisco,"1ha plot pallisco1, tag 189",NA,NA,NA,189,pallisco1
IMG_6145.JPG,69488,8/11/2012,NA,3.40366,13.665,50,Pallisco,"1ha plot pallisco1, tag 192",NA,NA,NA,192,pallisco1
IMG_6150.JPG,69488,8/11/2012,NA,3.40366,13.665,50,Pallisco,"1ha plot pallisco1, tag 192",NA,NA,NA,192,pallisco1
IMG_6152.JPG,69488,8/11/2012,NA,3.40366,13.665,50,Pallisco,"1ha plot pallisco1, tag 192",NA,NA,NA,192,pallisco1
IMG_6154.JPG,68554,8/11/2012,Trichoscypha patens (Oliv.) Engl.,3.40366,13.665,50,Pallisco,"1ha plot pallisco1, tag 191",9944,IRD plot,530,191,pallisco1
IMG_6159.JPG,68554,8/11/2012,Trichoscypha patens (Oliv.) Engl.,3.40366,13.665,50,Pallisco,"1ha plot pallisco1, tag 191",9944,IRD plot,530,191,pallisco1
IMG_6161.JPG,68554,8/11/2012,Trichoscypha patens (Oliv.) Engl.,3.40366,13.665,50,Pallisco,"1ha plot pallisco1, tag 191",9944,IRD plot,530,191,pallisco1
IMG_6162.JPG,68554,8/11/2012,Trichoscypha patens (Oliv.) Engl.,3.40366,13.665,50,Pallisco,"1ha plot pallisco1, tag 191",9944,IRD plot,530,191,pallisco1
IMG_6166.JPG,68554,8/11/2012,Trichoscypha patens (Oliv.) Engl.,3.40366,13.665,50,Pallisco,"1ha plot pallisco1, tag 191",9944,IRD plot,530,191,pallisco1
IMG_6167.JPG,68554,8/11/2012,Trichoscypha patens (Oliv.) Engl.,3.40366,13.665,50,Pallisco,"1ha plot pallisco1, tag 191",9944,IRD plot,530,191,pallisco1
IMG_6168.JPG,68554,8/11/2012,Trichoscypha patens (Oliv.) Engl.,3.40366,13.665,50,Pallisco,"1ha plot pallisco1, tag 191",9944,IRD plot,530,191,pallisco1
IMG_6169.JPG,68554,8/11/2012,Trichoscypha patens (Oliv.) Engl.,3.40366,13.665,50,Pallisco,"1ha plot pallisco1, tag 191",9944,IRD plot,530,191,pallisco1
IMG_6172.JPG,69319,8/11/2012,Cylicodiscus gabunensis Harms,3.40366,13.665,50,Pallisco,"1ha plot pallisco1, tag 190",NA,NA,NA,190,pallisco1
IMG_6174.JPG,69319,8/11/2012,Cylicodiscus gabunensis Harms,3.40366,13.665,50,Pallisco,"1ha plot pallisco1, tag 190",NA,NA,NA,190,pallisco1
IMG_6175.JPG,69319,8/11/2012,Cylicodiscus gabunensis Harms,3.40366,13.665,50,Pallisco,"1ha plot pallisco1, tag 190",NA,NA,NA,190,pallisco1
IMG_6178.JPG,69319,8/11/2012,Cylicodiscus gabunensis Harms,3.40366,13.665,50,Pallisco,"1ha plot pallisco1, tag 190",NA,NA,NA,190,pallisco1
IMG_6180.JPG,69319,8/11/2012,Cylicodiscus gabunensis Harms,3.40366,13.665,50,Pallisco,"1ha plot pallisco1, tag 190",NA,NA,NA,190,pallisco1
IMG_6181.JPG,69965,8/11/2012,Strombosia pustulata Oliv.,3.40366,13.665,50,Pallisco,"1ha plot pallisco1, tag 194",NA,NA,NA,194,pallisco1
IMG_6182.JPG,69965,8/11/2012,Strombosia pustulata Oliv.,3.40366,13.665,50,Pallisco,"1ha plot pallisco1, tag 194",NA,NA,NA,194,pallisco1
IMG_6184.JPG,69965,8/11/2012,Strombosia pustulata Oliv.,3.40366,13.665,50,Pallisco,"1ha plot pallisco1, tag 194",NA,NA,NA,194,pallisco1
IMG_6186.JPG,69452,8/11/2012,Hylodendron gabunense Taub.,3.40366,13.665,50,Pallisco,"1ha plot pallisco1, tag 205",NA,NA,NA,205,pallisco1
IMG_6188.JPG,69452,8/11/2012,Hylodendron gabunense Taub.,3.40366,13.665,50,Pallisco,"1ha plot pallisco1, tag 205",NA,NA,NA,205,pallisco1
IMG_6194.JPG,69452,8/11/2012,Hylodendron gabunense Taub.,3.40366,13.665,50,Pallisco,"1ha plot pallisco1, tag 205",NA,NA,NA,205,pallisco1
IMG_6195.JPG,68931,8/11/2012,Pentaclethra macrophylla Benth.,3.40366,13.665,50,Pallisco,"1ha plot pallisco1, tag 206",10025,IRD plot,611,206,pallisco1
IMG_6196.JPG,68931,8/11/2012,Pentaclethra macrophylla Benth.,3.40366,13.665,50,Pallisco,"1ha plot pallisco1, tag 206",10025,IRD plot,611,206,pallisco1
IMG_6198.JPG,68931,8/11/2012,Pentaclethra macrophylla Benth.,3.40366,13.665,50,Pallisco,"1ha plot pallisco1, tag 206",10025,IRD plot,611,206,pallisco1
IMG_6200.JPG,68580,8/11/2012,Celtis mildbraedii Engl.,3.40366,13.665,50,Pallisco,"1ha plot pallisco1, tag 207",10032,IRD plot,620,207,pallisco1
IMG_6201.JPG,68580,8/11/2012,Celtis mildbraedii Engl.,3.40366,13.665,50,Pallisco,"1ha plot pallisco1, tag 207",10032,IRD plot,620,207,pallisco1
IMG_6202.JPG,68580,8/11/2012,Celtis mildbraedii Engl.,3.40366,13.665,50,Pallisco,"1ha plot pallisco1, tag 207",10032,IRD plot,620,207,pallisco1
IMG_6204.JPG,68580,8/11/2012,Celtis mildbraedii Engl.,3.40366,13.665,50,Pallisco,"1ha plot pallisco1, tag 207",10032,IRD plot,620,207,pallisco1
IMG_6205.JPG,68580,8/11/2012,Celtis mildbraedii Engl.,3.40366,13.665,50,Pallisco,"1ha plot pallisco1, tag 207",10032,IRD plot,620,207,pallisco1
IMG_6206.JPG,68580,8/11/2012,Celtis mildbraedii Engl.,3.40366,13.665,50,Pallisco,"1ha plot pallisco1, tag 207",10032,IRD plot,620,207,pallisco1
IMG_6208.JPG,68580,8/11/2012,Celtis mildbraedii Engl.,3.40366,13.665,50,Pallisco,"1ha plot pallisco1, tag 207",10032,IRD plot,620,207,pallisco1
IMG_6209.JPG,68552,8/11/2012,Anonidium mannii (Oliv.) Engl. & Diels,3.40366,13.665,50,Pallisco,"1ha plot pallisco1, tag 210",9945,IRD plot,531,210,pallisco1
IMG_6210.JPG,68552,8/11/2012,Anonidium mannii (Oliv.) Engl. & Diels,3.40366,13.665,50,Pallisco,"1ha plot pallisco1, tag 210",9945,IRD plot,531,210,pallisco1
IMG_6213.JPG,68552,8/11/2012,Anonidium mannii (Oliv.) Engl. & Diels,3.40366,13.665,50,Pallisco,"1ha plot pallisco1, tag 210",9945,IRD plot,531,210,pallisco1
IMG_6214.JPG,68552,8/11/2012,Anonidium mannii (Oliv.) Engl. & Diels,3.40366,13.665,50,Pallisco,"1ha plot pallisco1, tag 210",9945,IRD plot,531,210,pallisco1
IMG_6215.JPG,68552,8/11/2012,Anonidium mannii (Oliv.) Engl. & Diels,3.40366,13.665,50,Pallisco,"1ha plot pallisco1, tag 210",9945,IRD plot,531,210,pallisco1
IMG_6216.JPG,68552,8/11/2012,Anonidium mannii (Oliv.) Engl. & Diels,3.40366,13.665,50,Pallisco,"1ha plot pallisco1, tag 210",9945,IRD plot,531,210,pallisco1
IMG_6217.JPG,68552,8/11/2012,Anonidium mannii (Oliv.) Engl. & Diels,3.40366,13.665,50,Pallisco,"1ha plot pallisco1, tag 210",9945,IRD plot,531,210,pallisco1
IMG_6218.JPG,68552,8/11/2012,Anonidium mannii (Oliv.) Engl. & Diels,3.40366,13.665,50,Pallisco,"1ha plot pallisco1, tag 210",9945,IRD plot,531,210,pallisco1
IMG_6221.JPG,68551,8/11/2012,NA,3.40366,13.665,50,Pallisco,"1ha plot pallisco1, tag 211",9946,IRD plot,532,211,pallisco1
IMG_6222.JPG,68551,8/11/2012,NA,3.40366,13.665,50,Pallisco,"1ha plot pallisco1, tag 211",9946,IRD plot,532,211,pallisco1
IMG_6223.JPG,68551,8/11/2012,NA,3.40366,13.665,50,Pallisco,"1ha plot pallisco1, tag 211",9946,IRD plot,532,211,pallisco1
IMG_6226.JPG,68551,8/11/2012,NA,3.40366,13.665,50,Pallisco,"1ha plot pallisco1, tag 211",9946,IRD plot,532,211,pallisco1
IMG_6227.JPG,68551,8/11/2012,NA,3.40366,13.665,50,Pallisco,"1ha plot pallisco1, tag 211",9946,IRD plot,532,211,pallisco1
IMG_6228.JPG,68551,8/11/2012,NA,3.40366,13.665,50,Pallisco,"1ha plot pallisco1, tag 211",9946,IRD plot,532,211,pallisco1
IMG_6229.JPG,68551,8/11/2012,NA,3.40366,13.665,50,Pallisco,"1ha plot pallisco1, tag 211",9946,IRD plot,532,211,pallisco1
IMG_6230.JPG,68551,8/11/2012,NA,3.40366,13.665,50,Pallisco,"1ha plot pallisco1, tag 211",9946,IRD plot,532,211,pallisco1
IMG_6232.JPG,68551,8/11/2012,NA,3.40366,13.665,50,Pallisco,"1ha plot pallisco1, tag 211",9946,IRD plot,532,211,pallisco1
IMG_6235.JPG,68551,8/11/2012,NA,3.40366,13.665,50,Pallisco,"1ha plot pallisco1, tag 211",9946,IRD plot,532,211,pallisco1
IMG_6236.JPG,69489,8/11/2012,NA,3.40366,13.665,50,Pallisco,"1ha plot pallisco1, tag 218",NA,NA,NA,218,pallisco1
IMG_6237.JPG,69489,8/11/2012,NA,3.40366,13.665,50,Pallisco,"1ha plot pallisco1, tag 218",NA,NA,NA,218,pallisco1
IMG_6239.JPG,69489,8/11/2012,NA,3.40366,13.665,50,Pallisco,"1ha plot pallisco1, tag 218",NA,NA,NA,218,pallisco1
IMG_6243.JPG,68550,8/11/2012,Pancovia laurentii (De Wild.) Gilg ex De Wild.,3.40366,13.665,50,Pallisco,"1ha plot pallisco1, tag 226",9951,IRD plot,537,226,pallisco1
IMG_6244.JPG,68550,8/11/2012,Pancovia laurentii (De Wild.) Gilg ex De Wild.,3.40366,13.665,50,Pallisco,"1ha plot pallisco1, tag 226",9951,IRD plot,537,226,pallisco1
IMG_6247.JPG,68550,8/11/2012,Pancovia laurentii (De Wild.) Gilg ex De Wild.,3.40366,13.665,50,Pallisco,"1ha plot pallisco1, tag 226",9951,IRD plot,537,226,pallisco1
IMG_6249.JPG,68550,8/11/2012,Pancovia laurentii (De Wild.) Gilg ex De Wild.,3.40366,13.665,50,Pallisco,"1ha plot pallisco1, tag 226",9951,IRD plot,537,226,pallisco1
IMG_6250.JPG,68550,8/11/2012,Pancovia laurentii (De Wild.) Gilg ex De Wild.,3.40366,13.665,50,Pallisco,"1ha plot pallisco1, tag 226",9951,IRD plot,537,226,pallisco1
IMG_6251.JPG,68550,8/11/2012,Pancovia laurentii (De Wild.) Gilg ex De Wild.,3.40366,13.665,50,Pallisco,"1ha plot pallisco1, tag 226",9951,IRD plot,537,226,pallisco1
IMG_6252.JPG,68550,8/11/2012,Pancovia laurentii (De Wild.) Gilg ex De Wild.,3.40366,13.665,50,Pallisco,"1ha plot pallisco1, tag 226",9951,IRD plot,537,226,pallisco1
IMG_6253.JPG,68550,8/11/2012,Pancovia laurentii (De Wild.) Gilg ex De Wild.,3.40366,13.665,50,Pallisco,"1ha plot pallisco1, tag 226",9951,IRD plot,537,226,pallisco1
IMG_6259.JPG,68550,8/11/2012,Pancovia laurentii (De Wild.) Gilg ex De Wild.,3.40366,13.665,50,Pallisco,"1ha plot pallisco1, tag 226",9951,IRD plot,537,226,pallisco1
IMG_6262.JPG,69498,8/11/2012,NA,3.40366,13.665,50,Pallisco,"1ha plot pallisco1, tag 232",NA,NA,NA,232,pallisco1
IMG_6264.JPG,69498,8/11/2012,NA,3.40366,13.665,50,Pallisco,"1ha plot pallisco1, tag 232",NA,NA,NA,232,pallisco1
IMG_6269.JPG,69498,8/11/2012,NA,3.40366,13.665,50,Pallisco,"1ha plot pallisco1, tag 232",NA,NA,NA,232,pallisco1
IMG_6270.JPG,68780,8/11/2012,Brieya fasciculatum De Wild.,3.40366,13.665,50,Pallisco,"1ha plot pallisco1, tag 234",9980,IRD plot,566,234,pallisco1
IMG_6272.JPG,68780,8/11/2012,Brieya fasciculatum De Wild.,3.40366,13.665,50,Pallisco,"1ha plot pallisco1, tag 234",9980,IRD plot,566,234,pallisco1
IMG_6277.JPG,68780,8/11/2012,Brieya fasciculatum De Wild.,3.40366,13.665,50,Pallisco,"1ha plot pallisco1, tag 234",9980,IRD plot,566,234,pallisco1
IMG_6279.JPG,68780,8/11/2012,Brieya fasciculatum De Wild.,3.40366,13.665,50,Pallisco,"1ha plot pallisco1, tag 234",9980,IRD plot,566,234,pallisco1
IMG_6281.JPG,68547,8/11/2012,Lepidobotrys staudtii Engl.,3.40366,13.665,50,Pallisco,"1ha plot pallisco1, tag 241",9950,IRD plot,536,241,pallisco1
IMG_6282.JPG,68547,8/11/2012,Lepidobotrys staudtii Engl.,3.40366,13.665,50,Pallisco,"1ha plot pallisco1, tag 241",9950,IRD plot,536,241,pallisco1
IMG_6286.JPG,68547,8/11/2012,Lepidobotrys staudtii Engl.,3.40366,13.665,50,Pallisco,"1ha plot pallisco1, tag 241",9950,IRD plot,536,241,pallisco1
IMG_6288.JPG,68547,8/11/2012,Lepidobotrys staudtii Engl.,3.40366,13.665,50,Pallisco,"1ha plot pallisco1, tag 241",9950,IRD plot,536,241,pallisco1
IMG_6292.JPG,68547,8/11/2012,Lepidobotrys staudtii Engl.,3.40366,13.665,50,Pallisco,"1ha plot pallisco1, tag 241",9950,IRD plot,536,241,pallisco1
IMG_6295.JPG,68547,8/11/2012,Lepidobotrys staudtii Engl.,3.40366,13.665,50,Pallisco,"1ha plot pallisco1, tag 241",9950,IRD plot,536,241,pallisco1
IMG_6297.JPG,68547,8/11/2012,Lepidobotrys staudtii Engl.,3.40366,13.665,50,Pallisco,"1ha plot pallisco1, tag 241",9950,IRD plot,536,241,pallisco1
IMG_6299.JPG,68547,8/11/2012,Lepidobotrys staudtii Engl.,3.40366,13.665,50,Pallisco,"1ha plot pallisco1, tag 241",9950,IRD plot,536,241,pallisco1
IMG_6300.JPG,68547,8/11/2012,Lepidobotrys staudtii Engl.,3.40366,13.665,50,Pallisco,"1ha plot pallisco1, tag 241",9950,IRD plot,536,241,pallisco1
IMG_6303.JPG,68547,8/11/2012,Lepidobotrys staudtii Engl.,3.40366,13.665,50,Pallisco,"1ha plot pallisco1, tag 241",9950,IRD plot,536,241,pallisco1
IMG_6306.JPG,68548,8/11/2012,Rothmannia lujae (De Wild.) Keay,3.40366,13.665,50,Pallisco,"1ha plot pallisco1, tag 240",9947,IRD plot,533,240,pallisco1
IMG_6314.JPG,68548,8/11/2012,Rothmannia lujae (De Wild.) Keay,3.40366,13.665,50,Pallisco,"1ha plot pallisco1, tag 240",9947,IRD plot,533,240,pallisco1
IMG_6316.JPG,68548,8/11/2012,Rothmannia lujae (De Wild.) Keay,3.40366,13.665,50,Pallisco,"1ha plot pallisco1, tag 240",9947,IRD plot,533,240,pallisco1
IMG_6317.JPG,68548,8/11/2012,Rothmannia lujae (De Wild.) Keay,3.40366,13.665,50,Pallisco,"1ha plot pallisco1, tag 240",9947,IRD plot,533,240,pallisco1
IMG_6320.JPG,68548,8/11/2012,Rothmannia lujae (De Wild.) Keay,3.40366,13.665,50,Pallisco,"1ha plot pallisco1, tag 240",9947,IRD plot,533,240,pallisco1
IMG_6321.JPG,68548,8/11/2012,Rothmannia lujae (De Wild.) Keay,3.40366,13.665,50,Pallisco,"1ha plot pallisco1, tag 240",9947,IRD plot,533,240,pallisco1
IMG_6322.JPG,68548,8/11/2012,Rothmannia lujae (De Wild.) Keay,3.40366,13.665,50,Pallisco,"1ha plot pallisco1, tag 240",9947,IRD plot,533,240,pallisco1
IMG_6323.JPG,68548,8/11/2012,Rothmannia lujae (De Wild.) Keay,3.40366,13.665,50,Pallisco,"1ha plot pallisco1, tag 240",9947,IRD plot,533,240,pallisco1
IMG_6327.JPG,68548,8/11/2012,Rothmannia lujae (De Wild.) Keay,3.40366,13.665,50,Pallisco,"1ha plot pallisco1, tag 240",9947,IRD plot,533,240,pallisco1
IMG_6329.JPG,68546,8/11/2012,Drypetes polyantha Pax & K.Hoffm.,3.40366,13.665,50,Pallisco,"1ha plot pallisco1, tag 244",9949,IRD plot,535,244,pallisco1
IMG_6331.JPG,68546,8/11/2012,Drypetes polyantha Pax & K.Hoffm.,3.40366,13.665,50,Pallisco,"1ha plot pallisco1, tag 244",9949,IRD plot,535,244,pallisco1
IMG_6339.JPG,68546,8/11/2012,Drypetes polyantha Pax & K.Hoffm.,3.40366,13.665,50,Pallisco,"1ha plot pallisco1, tag 244",9949,IRD plot,535,244,pallisco1
IMG_6340.JPG,68546,8/11/2012,Drypetes polyantha Pax & K.Hoffm.,3.40366,13.665,50,Pallisco,"1ha plot pallisco1, tag 244",9949,IRD plot,535,244,pallisco1
IMG_6342.JPG,68546,8/11/2012,Drypetes polyantha Pax & K.Hoffm.,3.40366,13.665,50,Pallisco,"1ha plot pallisco1, tag 244",9949,IRD plot,535,244,pallisco1
IMG_6343.JPG,68546,8/11/2012,Drypetes polyantha Pax & K.Hoffm.,3.40366,13.665,50,Pallisco,"1ha plot pallisco1, tag 244",9949,IRD plot,535,244,pallisco1
IMG_6345.JPG,68546,8/11/2012,Drypetes polyantha Pax & K.Hoffm.,3.40366,13.665,50,Pallisco,"1ha plot pallisco1, tag 244",9949,IRD plot,535,244,pallisco1
IMG_6346.JPG,68545,8/11/2012,Macaranga spinosa Müll.Arg.,3.40366,13.665,50,Pallisco,"1ha plot pallisco1, tag 253",9948,IRD plot,534,253,pallisco1
IMG_6347.JPG,68545,8/11/2012,Macaranga spinosa Müll.Arg.,3.40366,13.665,50,Pallisco,"1ha plot pallisco1, tag 253",9948,IRD plot,534,253,pallisco1
IMG_6348.JPG,68545,8/11/2012,Macaranga spinosa Müll.Arg.,3.40366,13.665,50,Pallisco,"1ha plot pallisco1, tag 253",9948,IRD plot,534,253,pallisco1
IMG_6349.JPG,68545,8/11/2012,Macaranga spinosa Müll.Arg.,3.40366,13.665,50,Pallisco,"1ha plot pallisco1, tag 253",9948,IRD plot,534,253,pallisco1
IMG_6353.JPG,68545,8/11/2012,Macaranga spinosa Müll.Arg.,3.40366,13.665,50,Pallisco,"1ha plot pallisco1, tag 253",9948,IRD plot,534,253,pallisco1
IMG_6355.JPG,68545,8/11/2012,Macaranga spinosa Müll.Arg.,3.40366,13.665,50,Pallisco,"1ha plot pallisco1, tag 253",9948,IRD plot,534,253,pallisco1
IMG_6357.JPG,68545,8/11/2012,Macaranga spinosa Müll.Arg.,3.40366,13.665,50,Pallisco,"1ha plot pallisco1, tag 253",9948,IRD plot,534,253,pallisco1
IMG_6358.JPG,68545,8/11/2012,Macaranga spinosa Müll.Arg.,3.40366,13.665,50,Pallisco,"1ha plot pallisco1, tag 253",9948,IRD plot,534,253,pallisco1
IMG_6359.JPG,68545,8/11/2012,Macaranga spinosa Müll.Arg.,3.40366,13.665,50,Pallisco,"1ha plot pallisco1, tag 253",9948,IRD plot,534,253,pallisco1
IMG_6361.JPG,68545,8/11/2012,Macaranga spinosa Müll.Arg.,3.40366,13.665,50,Pallisco,"1ha plot pallisco1, tag 253",9948,IRD plot,534,253,pallisco1
IMG_6362.JPG,68545,8/11/2012,Macaranga spinosa Müll.Arg.,3.40366,13.665,50,Pallisco,"1ha plot pallisco1, tag 253",9948,IRD plot,534,253,pallisco1
IMG_6363.JPG,68545,8/11/2012,Macaranga spinosa Müll.Arg.,3.40366,13.665,50,Pallisco,"1ha plot pallisco1, tag 253",9948,IRD plot,534,253,pallisco1
IMG_6367.JPG,68545,8/11/2012,Macaranga spinosa Müll.Arg.,3.40366,13.665,50,Pallisco,"1ha plot pallisco1, tag 253",9948,IRD plot,534,253,pallisco1
IMG_6384.JPG,69249,12/11/2012,Carapa procera DC.,3.40365,13.676,50,Pallisco,"1ha plot pallisco2, tag 137",NA,NA,NA,137,pallisco2
IMG_6385.JPG,69249,12/11/2012,Carapa procera DC.,3.40365,13.676,50,Pallisco,"1ha plot pallisco2, tag 137",NA,NA,NA,137,pallisco2
IMG_6387.JPG,69249,12/11/2012,Carapa procera DC.,3.40365,13.676,50,Pallisco,"1ha plot pallisco2, tag 137",NA,NA,NA,137,pallisco2
IMG_6388.JPG,69763,12/11/2012,Piptadeniastrum africanum (Hook.f.) Brenan,3.40365,13.676,50,Pallisco,"1ha plot pallisco2, tag 140",NA,NA,NA,140,pallisco2
IMG_6389.JPG,69763,12/11/2012,Piptadeniastrum africanum (Hook.f.) Brenan,3.40365,13.676,50,Pallisco,"1ha plot pallisco2, tag 140",NA,NA,NA,140,pallisco2
IMG_6390.JPG,69763,12/11/2012,Piptadeniastrum africanum (Hook.f.) Brenan,3.40365,13.676,50,Pallisco,"1ha plot pallisco2, tag 140",NA,NA,NA,140,pallisco2
IMG_6391.JPG,69763,12/11/2012,Piptadeniastrum africanum (Hook.f.) Brenan,3.40365,13.676,50,Pallisco,"1ha plot pallisco2, tag 140",NA,NA,NA,140,pallisco2
IMG_6399.JPG,68870,12/11/2012,Celtis mildbraedii Engl.,3.40365,13.676,50,Pallisco,"1ha plot pallisco2, tag 147",10026,IRD plot,612,147,pallisco2
IMG_6400.JPG,68870,12/11/2012,Celtis mildbraedii Engl.,3.40365,13.676,50,Pallisco,"1ha plot pallisco2, tag 147",10026,IRD plot,612,147,pallisco2
IMG_6401.JPG,68870,12/11/2012,Celtis mildbraedii Engl.,3.40365,13.676,50,Pallisco,"1ha plot pallisco2, tag 147",10026,IRD plot,612,147,pallisco2
IMG_6404.JPG,68870,12/11/2012,Celtis mildbraedii Engl.,3.40365,13.676,50,Pallisco,"1ha plot pallisco2, tag 147",10026,IRD plot,612,147,pallisco2
IMG_6408.JPG,68870,12/11/2012,Celtis mildbraedii Engl.,3.40365,13.676,50,Pallisco,"1ha plot pallisco2, tag 147",10026,IRD plot,612,147,pallisco2
IMG_6409.JPG,68870,12/11/2012,Celtis mildbraedii Engl.,3.40365,13.676,50,Pallisco,"1ha plot pallisco2, tag 147",10026,IRD plot,612,147,pallisco2
IMG_6414.JPG,69513,12/11/2012,NA,3.40365,13.676,50,Pallisco,"1ha plot pallisco2, tag 154",NA,NA,NA,154,pallisco2
IMG_6415.JPG,69513,12/11/2012,NA,3.40365,13.676,50,Pallisco,"1ha plot pallisco2, tag 154",NA,NA,NA,154,pallisco2
IMG_6416.JPG,69513,12/11/2012,NA,3.40365,13.676,50,Pallisco,"1ha plot pallisco2, tag 154",NA,NA,NA,154,pallisco2
IMG_6417.JPG,69513,12/11/2012,NA,3.40365,13.676,50,Pallisco,"1ha plot pallisco2, tag 154",NA,NA,NA,154,pallisco2
IMG_6431.JPG,68884,12/11/2012,Symphonia globulifera L.f.,3.40365,13.676,50,Pallisco,"1ha plot pallisco2, tag 165",9923,IRD plot,509,165,pallisco2
IMG_6432.JPG,68884,12/11/2012,Symphonia globulifera L.f.,3.40365,13.676,50,Pallisco,"1ha plot pallisco2, tag 165",9923,IRD plot,509,165,pallisco2
IMG_6433.JPG,68884,12/11/2012,Symphonia globulifera L.f.,3.40365,13.676,50,Pallisco,"1ha plot pallisco2, tag 165",9923,IRD plot,509,165,pallisco2
IMG_6436.JPG,68884,12/11/2012,Symphonia globulifera L.f.,3.40365,13.676,50,Pallisco,"1ha plot pallisco2, tag 165",9923,IRD plot,509,165,pallisco2
IMG_6438.JPG,68847,12/11/2012,NA,3.40365,13.676,50,Pallisco,"1ha plot pallisco2, tag 166",9977,IRD plot,563,166,pallisco2
IMG_6441.JPG,68847,12/11/2012,NA,3.40365,13.676,50,Pallisco,"1ha plot pallisco2, tag 166",9977,IRD plot,563,166,pallisco2
IMG_6443.JPG,68847,12/11/2012,NA,3.40365,13.676,50,Pallisco,"1ha plot pallisco2, tag 166",9977,IRD plot,563,166,pallisco2
IMG_6444.JPG,68847,12/11/2012,NA,3.40365,13.676,50,Pallisco,"1ha plot pallisco2, tag 166",9977,IRD plot,563,166,pallisco2
IMG_6459.JPG,68508,12/11/2012,Angylocalyx pynaertii De Wild.,3.40365,13.676,50,Pallisco,"1ha plot pallisco2, tag 174",9976,IRD plot,562,174,pallisco2
IMG_6460.JPG,68508,12/11/2012,Angylocalyx pynaertii De Wild.,3.40365,13.676,50,Pallisco,"1ha plot pallisco2, tag 174",9976,IRD plot,562,174,pallisco2
IMG_6466.JPG,68508,12/11/2012,Angylocalyx pynaertii De Wild.,3.40365,13.676,50,Pallisco,"1ha plot pallisco2, tag 174",9976,IRD plot,562,174,pallisco2
IMG_6468.JPG,68508,12/11/2012,Angylocalyx pynaertii De Wild.,3.40365,13.676,50,Pallisco,"1ha plot pallisco2, tag 174",9976,IRD plot,562,174,pallisco2
IMG_6469.JPG,68508,12/11/2012,Angylocalyx pynaertii De Wild.,3.40365,13.676,50,Pallisco,"1ha plot pallisco2, tag 174",9976,IRD plot,562,174,pallisco2
IMG_6470.JPG,68508,12/11/2012,Angylocalyx pynaertii De Wild.,3.40365,13.676,50,Pallisco,"1ha plot pallisco2, tag 174",9976,IRD plot,562,174,pallisco2
IMG_6472.JPG,68508,12/11/2012,Angylocalyx pynaertii De Wild.,3.40365,13.676,50,Pallisco,"1ha plot pallisco2, tag 174",9976,IRD plot,562,174,pallisco2
IMG_6473.JPG,68508,12/11/2012,Angylocalyx pynaertii De Wild.,3.40365,13.676,50,Pallisco,"1ha plot pallisco2, tag 174",9976,IRD plot,562,174,pallisco2
IMG_6476.JPG,68508,12/11/2012,Angylocalyx pynaertii De Wild.,3.40365,13.676,50,Pallisco,"1ha plot pallisco2, tag 174",9976,IRD plot,562,174,pallisco2
IMG_6477.JPG,69925,12/11/2012,Sterculia tragacantha Lindl.,3.40365,13.676,50,Pallisco,"1ha plot pallisco2, tag 180",NA,NA,NA,180,pallisco2
IMG_6478.JPG,69925,12/11/2012,Sterculia tragacantha Lindl.,3.40365,13.676,50,Pallisco,"1ha plot pallisco2, tag 180",NA,NA,NA,180,pallisco2
IMG_6481.JPG,69925,12/11/2012,Sterculia tragacantha Lindl.,3.40365,13.676,50,Pallisco,"1ha plot pallisco2, tag 180",NA,NA,NA,180,pallisco2
IMG_6482.JPG,69925,12/11/2012,Sterculia tragacantha Lindl.,3.40365,13.676,50,Pallisco,"1ha plot pallisco2, tag 180",NA,NA,NA,180,pallisco2
IMG_6483.JPG,69925,12/11/2012,Sterculia tragacantha Lindl.,3.40365,13.676,50,Pallisco,"1ha plot pallisco2, tag 180",NA,NA,NA,180,pallisco2
IMG_6484.JPG,69925,12/11/2012,Sterculia tragacantha Lindl.,3.40365,13.676,50,Pallisco,"1ha plot pallisco2, tag 180",NA,NA,NA,180,pallisco2
IMG_6487.JPG,68507,12/11/2012,NA,3.40365,13.676,50,Pallisco,"1ha plot pallisco2, tag 189",9977,IRD plot,563,189,pallisco2
IMG_6490.JPG,68507,12/11/2012,NA,3.40365,13.676,50,Pallisco,"1ha plot pallisco2, tag 189",9977,IRD plot,563,189,pallisco2
IMG_6491.JPG,68507,12/11/2012,NA,3.40365,13.676,50,Pallisco,"1ha plot pallisco2, tag 189",9977,IRD plot,563,189,pallisco2
IMG_6492.JPG,68507,12/11/2012,NA,3.40365,13.676,50,Pallisco,"1ha plot pallisco2, tag 189",9977,IRD plot,563,189,pallisco2
IMG_6493.JPG,68507,12/11/2012,NA,3.40365,13.676,50,Pallisco,"1ha plot pallisco2, tag 189",9977,IRD plot,563,189,pallisco2
IMG_6495.JPG,68507,12/11/2012,NA,3.40365,13.676,50,Pallisco,"1ha plot pallisco2, tag 189",9977,IRD plot,563,189,pallisco2
IMG_6500.JPG,68921,12/11/2012,Xylopia staudtii Engl. & Diels,3.40365,13.676,50,Pallisco,"1ha plot pallisco2, tag 190",9963,IRD plot,549,190,pallisco2
IMG_6505.JPG,68921,12/11/2012,Xylopia staudtii Engl. & Diels,3.40365,13.676,50,Pallisco,"1ha plot pallisco2, tag 190",9963,IRD plot,549,190,pallisco2
IMG_6509.JPG,68921,12/11/2012,Xylopia staudtii Engl. & Diels,3.40365,13.676,50,Pallisco,"1ha plot pallisco2, tag 190",9963,IRD plot,549,190,pallisco2
IMG_6515.JPG,68921,12/11/2012,Xylopia staudtii Engl. & Diels,3.40365,13.676,50,Pallisco,"1ha plot pallisco2, tag 190",9963,IRD plot,549,190,pallisco2
IMG_6518.JPG,68831,12/11/2012,Vepris louisii G.C.C.Gilbert,3.40365,13.676,50,Pallisco,"1ha plot pallisco2, tag 191",9983,IRD plot,569,191,pallisco2
IMG_6519.JPG,68831,12/11/2012,Vepris louisii G.C.C.Gilbert,3.40365,13.676,50,Pallisco,"1ha plot pallisco2, tag 191",9983,IRD plot,569,191,pallisco2
IMG_6520.JPG,68831,12/11/2012,Vepris louisii G.C.C.Gilbert,3.40365,13.676,50,Pallisco,"1ha plot pallisco2, tag 191",9983,IRD plot,569,191,pallisco2
IMG_6523.JPG,68831,12/11/2012,Vepris louisii G.C.C.Gilbert,3.40365,13.676,50,Pallisco,"1ha plot pallisco2, tag 191",9983,IRD plot,569,191,pallisco2
IMG_6527.JPG,68506,12/11/2012,Drypetes laciniata (Pax) Hutch.,3.40365,13.676,50,Pallisco,"1ha plot pallisco2, tag 195",9971,IRD plot,557,195,pallisco2
IMG_6529.JPG,68506,12/11/2012,Drypetes laciniata (Pax) Hutch.,3.40365,13.676,50,Pallisco,"1ha plot pallisco2, tag 195",9971,IRD plot,557,195,pallisco2
IMG_6533.JPG,68506,12/11/2012,Drypetes laciniata (Pax) Hutch.,3.40365,13.676,50,Pallisco,"1ha plot pallisco2, tag 195",9971,IRD plot,557,195,pallisco2
IMG_6535.JPG,68506,12/11/2012,Drypetes laciniata (Pax) Hutch.,3.40365,13.676,50,Pallisco,"1ha plot pallisco2, tag 195",9971,IRD plot,557,195,pallisco2
IMG_6536.JPG,68506,12/11/2012,Drypetes laciniata (Pax) Hutch.,3.40365,13.676,50,Pallisco,"1ha plot pallisco2, tag 195",9971,IRD plot,557,195,pallisco2
IMG_6537.JPG,68506,12/11/2012,Drypetes laciniata (Pax) Hutch.,3.40365,13.676,50,Pallisco,"1ha plot pallisco2, tag 195",9971,IRD plot,557,195,pallisco2
IMG_6538.JPG,68506,12/11/2012,Drypetes laciniata (Pax) Hutch.,3.40365,13.676,50,Pallisco,"1ha plot pallisco2, tag 195",9971,IRD plot,557,195,pallisco2
IMG_6541.JPG,68506,12/11/2012,Drypetes laciniata (Pax) Hutch.,3.40365,13.676,50,Pallisco,"1ha plot pallisco2, tag 195",9971,IRD plot,557,195,pallisco2
IMG_6542.JPG,69504,12/11/2012,Irvingia gabonensis (Aubry-Lecomte ex O'Rorke) Baill.,3.40365,13.676,50,Pallisco,"1ha plot pallisco2, tag 198",NA,NA,NA,198,pallisco2
IMG_6543.JPG,69504,12/11/2012,Irvingia gabonensis (Aubry-Lecomte ex O'Rorke) Baill.,3.40365,13.676,50,Pallisco,"1ha plot pallisco2, tag 198",NA,NA,NA,198,pallisco2
IMG_6546.JPG,69504,12/11/2012,Irvingia gabonensis (Aubry-Lecomte ex O'Rorke) Baill.,3.40365,13.676,50,Pallisco,"1ha plot pallisco2, tag 198",NA,NA,NA,198,pallisco2
IMG_6548.JPG,69504,12/11/2012,Irvingia gabonensis (Aubry-Lecomte ex O'Rorke) Baill.,3.40365,13.676,50,Pallisco,"1ha plot pallisco2, tag 198",NA,NA,NA,198,pallisco2
IMG_6550.JPG,69504,12/11/2012,Irvingia gabonensis (Aubry-Lecomte ex O'Rorke) Baill.,3.40365,13.676,50,Pallisco,"1ha plot pallisco2, tag 198",NA,NA,NA,198,pallisco2
IMG_6552.JPG,69504,12/11/2012,Irvingia gabonensis (Aubry-Lecomte ex O'Rorke) Baill.,3.40365,13.676,50,Pallisco,"1ha plot pallisco2, tag 198",NA,NA,NA,198,pallisco2
IMG_6553.JPG,68504,12/11/2012,Drypetes moliwensis Cheek & Radcl.-Sm.,3.40365,13.676,50,Pallisco,"1ha plot pallisco2, tag 201",9970,IRD plot,556,201,pallisco2
IMG_6556.JPG,68504,12/11/2012,Drypetes moliwensis Cheek & Radcl.-Sm.,3.40365,13.676,50,Pallisco,"1ha plot pallisco2, tag 201",9970,IRD plot,556,201,pallisco2
IMG_6557.JPG,68504,12/11/2012,Drypetes moliwensis Cheek & Radcl.-Sm.,3.40365,13.676,50,Pallisco,"1ha plot pallisco2, tag 201",9970,IRD plot,556,201,pallisco2
IMG_6558.JPG,68504,12/11/2012,Drypetes moliwensis Cheek & Radcl.-Sm.,3.40365,13.676,50,Pallisco,"1ha plot pallisco2, tag 201",9970,IRD plot,556,201,pallisco2
IMG_6559.JPG,68504,12/11/2012,Drypetes moliwensis Cheek & Radcl.-Sm.,3.40365,13.676,50,Pallisco,"1ha plot pallisco2, tag 201",9970,IRD plot,556,201,pallisco2
IMG_6561.JPG,68504,12/11/2012,Drypetes moliwensis Cheek & Radcl.-Sm.,3.40365,13.676,50,Pallisco,"1ha plot pallisco2, tag 201",9970,IRD plot,556,201,pallisco2
IMG_6562.JPG,68504,12/11/2012,Drypetes moliwensis Cheek & Radcl.-Sm.,3.40365,13.676,50,Pallisco,"1ha plot pallisco2, tag 201",9970,IRD plot,556,201,pallisco2
IMG_6564.JPG,68504,12/11/2012,Drypetes moliwensis Cheek & Radcl.-Sm.,3.40365,13.676,50,Pallisco,"1ha plot pallisco2, tag 201",9970,IRD plot,556,201,pallisco2
IMG_6566.JPG,68504,12/11/2012,Drypetes moliwensis Cheek & Radcl.-Sm.,3.40365,13.676,50,Pallisco,"1ha plot pallisco2, tag 201",9970,IRD plot,556,201,pallisco2
IMG_6570.JPG,68832,12/11/2012,Vepris louisii G.C.C.Gilbert,3.40365,13.676,50,Pallisco,"1ha plot pallisco2, tag 213",9983,IRD plot,569,213,pallisco2
IMG_6571.JPG,68832,12/11/2012,Vepris louisii G.C.C.Gilbert,3.40365,13.676,50,Pallisco,"1ha plot pallisco2, tag 213",9983,IRD plot,569,213,pallisco2
IMG_6572.JPG,68832,12/11/2012,Vepris louisii G.C.C.Gilbert,3.40365,13.676,50,Pallisco,"1ha plot pallisco2, tag 213",9983,IRD plot,569,213,pallisco2
IMG_6576.JPG,68832,12/11/2012,Vepris louisii G.C.C.Gilbert,3.40365,13.676,50,Pallisco,"1ha plot pallisco2, tag 213",9983,IRD plot,569,213,pallisco2
IMG_6577.JPG,68832,12/11/2012,Vepris louisii G.C.C.Gilbert,3.40365,13.676,50,Pallisco,"1ha plot pallisco2, tag 213",9983,IRD plot,569,213,pallisco2
IMG_6579.JPG,68832,12/11/2012,Vepris louisii G.C.C.Gilbert,3.40365,13.676,50,Pallisco,"1ha plot pallisco2, tag 213",9983,IRD plot,569,213,pallisco2
IMG_6585.JPG,68584,12/11/2012,Celtis mildbraedii Engl.,3.40365,13.676,50,Pallisco,"1ha plot pallisco2, tag 220",10032,IRD plot,620,220,pallisco2
IMG_6589.JPG,68584,12/11/2012,Celtis mildbraedii Engl.,3.40365,13.676,50,Pallisco,"1ha plot pallisco2, tag 220",10032,IRD plot,620,220,pallisco2
IMG_6590.JPG,68584,12/11/2012,Celtis mildbraedii Engl.,3.40365,13.676,50,Pallisco,"1ha plot pallisco2, tag 220",10032,IRD plot,620,220,pallisco2
IMG_6592.JPG,70112,12/11/2012,Tessmannia africana Harms,3.40365,13.676,50,Pallisco,"1ha plot pallisco2, tag 219",NA,NA,NA,219,pallisco2
IMG_6593.JPG,70112,12/11/2012,Tessmannia africana Harms,3.40365,13.676,50,Pallisco,"1ha plot pallisco2, tag 219",NA,NA,NA,219,pallisco2
IMG_6596.JPG,70112,12/11/2012,Tessmannia africana Harms,3.40365,13.676,50,Pallisco,"1ha plot pallisco2, tag 219",NA,NA,NA,219,pallisco2
IMG_6600.JPG,70112,12/11/2012,Tessmannia africana Harms,3.40365,13.676,50,Pallisco,"1ha plot pallisco2, tag 219",NA,NA,NA,219,pallisco2
IMG_6601.JPG,68755,12/11/2012,Lasiodiscus marmoratus C.H.Wright,3.40365,13.676,50,Pallisco,"1ha plot pallisco2, tag 231",9967,IRD plot,553,231,pallisco2
IMG_6602.JPG,68755,12/11/2012,Lasiodiscus marmoratus C.H.Wright,3.40365,13.676,50,Pallisco,"1ha plot pallisco2, tag 231",9967,IRD plot,553,231,pallisco2
IMG_6606.JPG,68755,12/11/2012,Lasiodiscus marmoratus C.H.Wright,3.40365,13.676,50,Pallisco,"1ha plot pallisco2, tag 231",9967,IRD plot,553,231,pallisco2
IMG_6608.JPG,69462,12/11/2012,Hylodendron gabunense Taub.,3.40365,13.676,50,Pallisco,"1ha plot pallisco2, tag 249",NA,NA,NA,249,pallisco2
IMG_6609.JPG,69462,12/11/2012,Hylodendron gabunense Taub.,3.40365,13.676,50,Pallisco,"1ha plot pallisco2, tag 249",NA,NA,NA,249,pallisco2
IMG_6610.JPG,69462,12/11/2012,Hylodendron gabunense Taub.,3.40365,13.676,50,Pallisco,"1ha plot pallisco2, tag 249",NA,NA,NA,249,pallisco2
IMG_6611.JPG,69462,12/11/2012,Hylodendron gabunense Taub.,3.40365,13.676,50,Pallisco,"1ha plot pallisco2, tag 249",NA,NA,NA,249,pallisco2
IMG_6612.JPG,68880,12/11/2012,Klaineanthus gabonii Pierre,3.40365,13.676,50,Pallisco,"1ha plot pallisco2, tag 250",9924,IRD plot,510,250,pallisco2
IMG_6614.JPG,68880,12/11/2012,Klaineanthus gabonii Pierre,3.40365,13.676,50,Pallisco,"1ha plot pallisco2, tag 250",9924,IRD plot,510,250,pallisco2
IMG_6617.JPG,68880,12/11/2012,Klaineanthus gabonii Pierre,3.40365,13.676,50,Pallisco,"1ha plot pallisco2, tag 250",9924,IRD plot,510,250,pallisco2
IMG_6618.JPG,68880,12/11/2012,Klaineanthus gabonii Pierre,3.40365,13.676,50,Pallisco,"1ha plot pallisco2, tag 250",9924,IRD plot,510,250,pallisco2
IMG_6619.JPG,68880,12/11/2012,Klaineanthus gabonii Pierre,3.40365,13.676,50,Pallisco,"1ha plot pallisco2, tag 250",9924,IRD plot,510,250,pallisco2
IMG_6620.JPG,70152,12/11/2012,Uapaca guineensis Müll.Arg.,3.40365,13.676,50,Pallisco,"1ha plot pallisco2, tag 256",NA,NA,NA,256,pallisco2
IMG_6621.JPG,70152,12/11/2012,Uapaca guineensis Müll.Arg.,3.40365,13.676,50,Pallisco,"1ha plot pallisco2, tag 256",NA,NA,NA,256,pallisco2
IMG_6623.JPG,70152,12/11/2012,Uapaca guineensis Müll.Arg.,3.40365,13.676,50,Pallisco,"1ha plot pallisco2, tag 256",NA,NA,NA,256,pallisco2
IMG_6626.JPG,70152,12/11/2012,Uapaca guineensis Müll.Arg.,3.40365,13.676,50,Pallisco,"1ha plot pallisco2, tag 256",NA,NA,NA,256,pallisco2
IMG_6641.JPG,68939,12/11/2012,Pentaclethra macrophylla Benth.,3.40365,13.676,50,Pallisco,"1ha plot pallisco2, tag 259",10025,IRD plot,611,259,pallisco2
IMG_6643.JPG,68939,12/11/2012,Pentaclethra macrophylla Benth.,3.40365,13.676,50,Pallisco,"1ha plot pallisco2, tag 259",10025,IRD plot,611,259,pallisco2
IMG_6645.JPG,68939,12/11/2012,Pentaclethra macrophylla Benth.,3.40365,13.676,50,Pallisco,"1ha plot pallisco2, tag 259",10025,IRD plot,611,259,pallisco2
IMG_6647.JPG,68939,12/11/2012,Pentaclethra macrophylla Benth.,3.40365,13.676,50,Pallisco,"1ha plot pallisco2, tag 259",10025,IRD plot,611,259,pallisco2
IMG_6648.JPG,68939,12/11/2012,Pentaclethra macrophylla Benth.,3.40365,13.676,50,Pallisco,"1ha plot pallisco2, tag 259",10025,IRD plot,611,259,pallisco2
IMG_6650.JPG,70184,12/11/2012,Zanthoxylum gilletii (De Wild.) P.G.Waterman,3.40365,13.676,50,Pallisco,"1ha plot pallisco2, tag 272",NA,NA,NA,272,pallisco2
IMG_6652.JPG,70184,12/11/2012,Zanthoxylum gilletii (De Wild.) P.G.Waterman,3.40365,13.676,50,Pallisco,"1ha plot pallisco2, tag 272",NA,NA,NA,272,pallisco2
IMG_6654.JPG,70184,12/11/2012,Zanthoxylum gilletii (De Wild.) P.G.Waterman,3.40365,13.676,50,Pallisco,"1ha plot pallisco2, tag 272",NA,NA,NA,272,pallisco2
IMG_6658.JPG,68757,12/11/2012,Lasiodiscus marmoratus C.H.Wright,3.40365,13.676,50,Pallisco,"1ha plot pallisco2, tag 298",9967,IRD plot,553,298,pallisco2
IMG_6659.JPG,68757,12/11/2012,Lasiodiscus marmoratus C.H.Wright,3.40365,13.676,50,Pallisco,"1ha plot pallisco2, tag 298",9967,IRD plot,553,298,pallisco2
IMG_6671.JPG,68757,12/11/2012,Lasiodiscus marmoratus C.H.Wright,3.40365,13.676,50,Pallisco,"1ha plot pallisco2, tag 298",9967,IRD plot,553,298,pallisco2
IMG_6672.JPG,68757,12/11/2012,Lasiodiscus marmoratus C.H.Wright,3.40365,13.676,50,Pallisco,"1ha plot pallisco2, tag 298",9967,IRD plot,553,298,pallisco2
IMG_6676.JPG,69309,12/11/2012,Cola lateritia K.Schum.,3.40365,13.676,50,Pallisco,"1ha plot pallisco2, tag 313",NA,NA,NA,313,pallisco2
IMG_6679.JPG,69309,12/11/2012,Cola lateritia K.Schum.,3.40365,13.676,50,Pallisco,"1ha plot pallisco2, tag 313",NA,NA,NA,313,pallisco2
IMG_6682.JPG,69309,12/11/2012,Cola lateritia K.Schum.,3.40365,13.676,50,Pallisco,"1ha plot pallisco2, tag 313",NA,NA,NA,313,pallisco2
IMG_6688.JPG,69211,12/11/2012,NA,3.40365,13.676,50,Pallisco,"1ha plot pallisco2, tag 312",NA,NA,NA,312,pallisco2
IMG_6689.JPG,69211,12/11/2012,NA,3.40365,13.676,50,Pallisco,"1ha plot pallisco2, tag 312",NA,NA,NA,312,pallisco2
IMG_6691.JPG,69211,12/11/2012,NA,3.40365,13.676,50,Pallisco,"1ha plot pallisco2, tag 312",NA,NA,NA,312,pallisco2
IMG_6693.JPG,69211,12/11/2012,NA,3.40365,13.676,50,Pallisco,"1ha plot pallisco2, tag 312",NA,NA,NA,312,pallisco2
IMG_6694.JPG,69211,12/11/2012,NA,3.40365,13.676,50,Pallisco,"1ha plot pallisco2, tag 312",NA,NA,NA,312,pallisco2
IMG_6695.JPG,69211,12/11/2012,NA,3.40365,13.676,50,Pallisco,"1ha plot pallisco2, tag 312",NA,NA,NA,312,pallisco2
IMG_6696.JPG,69211,12/11/2012,NA,3.40365,13.676,50,Pallisco,"1ha plot pallisco2, tag 312",NA,NA,NA,312,pallisco2
IMG_6728.JPG,68481,15/11/2012,Lannea welwitschii (Hiern) Engl.,3.38008,13.6611,50,Pallisco,"1ha plot pallisco3, tag 2",9988,IRD plot,574,2,pallisco3
IMG_6729.JPG,68481,15/11/2012,Lannea welwitschii (Hiern) Engl.,3.38008,13.6611,50,Pallisco,"1ha plot pallisco3, tag 2",9988,IRD plot,574,2,pallisco3
IMG_6730.JPG,68481,15/11/2012,Lannea welwitschii (Hiern) Engl.,3.38008,13.6611,50,Pallisco,"1ha plot pallisco3, tag 2",9988,IRD plot,574,2,pallisco3
IMG_6732.JPG,68481,15/11/2012,Lannea welwitschii (Hiern) Engl.,3.38008,13.6611,50,Pallisco,"1ha plot pallisco3, tag 2",9988,IRD plot,574,2,pallisco3
IMG_6733.JPG,68481,15/11/2012,Lannea welwitschii (Hiern) Engl.,3.38008,13.6611,50,Pallisco,"1ha plot pallisco3, tag 2",9988,IRD plot,574,2,pallisco3
IMG_6734.JPG,68481,15/11/2012,Lannea welwitschii (Hiern) Engl.,3.38008,13.6611,50,Pallisco,"1ha plot pallisco3, tag 2",9988,IRD plot,574,2,pallisco3
IMG_6735.JPG,68481,15/11/2012,Lannea welwitschii (Hiern) Engl.,3.38008,13.6611,50,Pallisco,"1ha plot pallisco3, tag 2",9988,IRD plot,574,2,pallisco3
IMG_6736.JPG,68481,15/11/2012,Lannea welwitschii (Hiern) Engl.,3.38008,13.6611,50,Pallisco,"1ha plot pallisco3, tag 2",9988,IRD plot,574,2,pallisco3
IMG_6737.JPG,68481,15/11/2012,Lannea welwitschii (Hiern) Engl.,3.38008,13.6611,50,Pallisco,"1ha plot pallisco3, tag 2",9988,IRD plot,574,2,pallisco3
IMG_6739.JPG,68488,15/11/2012,Antidesma laciniatum Müll.Arg. subsp. membranaceum (Müll.Arg.) J.Léonard,3.38008,13.6611,50,Pallisco,"1ha plot pallisco3, tag 1",9990,IRD plot,576,1,pallisco3
IMG_6741.JPG,68488,15/11/2012,Antidesma laciniatum Müll.Arg. subsp. membranaceum (Müll.Arg.) J.Léonard,3.38008,13.6611,50,Pallisco,"1ha plot pallisco3, tag 1",9990,IRD plot,576,1,pallisco3
IMG_6742.JPG,68488,15/11/2012,Antidesma laciniatum Müll.Arg. subsp. membranaceum (Müll.Arg.) J.Léonard,3.38008,13.6611,50,Pallisco,"1ha plot pallisco3, tag 1",9990,IRD plot,576,1,pallisco3
IMG_6745.JPG,68488,15/11/2012,Antidesma laciniatum Müll.Arg. subsp. membranaceum (Müll.Arg.) J.Léonard,3.38008,13.6611,50,Pallisco,"1ha plot pallisco3, tag 1",9990,IRD plot,576,1,pallisco3
IMG_6747.JPG,68488,15/11/2012,Antidesma laciniatum Müll.Arg. subsp. membranaceum (Müll.Arg.) J.Léonard,3.38008,13.6611,50,Pallisco,"1ha plot pallisco3, tag 1",9990,IRD plot,576,1,pallisco3
IMG_6749.JPG,68488,15/11/2012,Antidesma laciniatum Müll.Arg. subsp. membranaceum (Müll.Arg.) J.Léonard,3.38008,13.6611,50,Pallisco,"1ha plot pallisco3, tag 1",9990,IRD plot,576,1,pallisco3
IMG_6751.JPG,68488,15/11/2012,Antidesma laciniatum Müll.Arg. subsp. membranaceum (Müll.Arg.) J.Léonard,3.38008,13.6611,50,Pallisco,"1ha plot pallisco3, tag 1",9990,IRD plot,576,1,pallisco3
IMG_6756.JPG,68488,15/11/2012,Antidesma laciniatum Müll.Arg. subsp. membranaceum (Müll.Arg.) J.Léonard,3.38008,13.6611,50,Pallisco,"1ha plot pallisco3, tag 1",9990,IRD plot,576,1,pallisco3
IMG_6757.JPG,68470,15/11/2012,Trichilia prieuriana A.Juss.,3.38008,13.6611,50,Pallisco,"1ha plot pallisco3, tag 5",9991,IRD plot,577,5,pallisco3
IMG_6758.JPG,68470,15/11/2012,Trichilia prieuriana A.Juss.,3.38008,13.6611,50,Pallisco,"1ha plot pallisco3, tag 5",9991,IRD plot,577,5,pallisco3
IMG_6761.JPG,68470,15/11/2012,Trichilia prieuriana A.Juss.,3.38008,13.6611,50,Pallisco,"1ha plot pallisco3, tag 5",9991,IRD plot,577,5,pallisco3
IMG_6762.JPG,68470,15/11/2012,Trichilia prieuriana A.Juss.,3.38008,13.6611,50,Pallisco,"1ha plot pallisco3, tag 5",9991,IRD plot,577,5,pallisco3
IMG_6763.JPG,68470,15/11/2012,Trichilia prieuriana A.Juss.,3.38008,13.6611,50,Pallisco,"1ha plot pallisco3, tag 5",9991,IRD plot,577,5,pallisco3
IMG_6765.JPG,68470,15/11/2012,Trichilia prieuriana A.Juss.,3.38008,13.6611,50,Pallisco,"1ha plot pallisco3, tag 5",9991,IRD plot,577,5,pallisco3
IMG_6766.JPG,68470,15/11/2012,Trichilia prieuriana A.Juss.,3.38008,13.6611,50,Pallisco,"1ha plot pallisco3, tag 5",9991,IRD plot,577,5,pallisco3
IMG_6767.JPG,68470,15/11/2012,Trichilia prieuriana A.Juss.,3.38008,13.6611,50,Pallisco,"1ha plot pallisco3, tag 5",9991,IRD plot,577,5,pallisco3
IMG_6771.JPG,68470,15/11/2012,Trichilia prieuriana A.Juss.,3.38008,13.6611,50,Pallisco,"1ha plot pallisco3, tag 5",9991,IRD plot,577,5,pallisco3
IMG_6774.JPG,68487,15/11/2012,Diospyros hoyleana F.White,3.38008,13.6611,50,Pallisco,"1ha plot pallisco3, tag 13",9989,IRD plot,575,13,pallisco3
IMG_6777.JPG,68487,15/11/2012,Diospyros hoyleana F.White,3.38008,13.6611,50,Pallisco,"1ha plot pallisco3, tag 13",9989,IRD plot,575,13,pallisco3
IMG_6779.JPG,68487,15/11/2012,Diospyros hoyleana F.White,3.38008,13.6611,50,Pallisco,"1ha plot pallisco3, tag 13",9989,IRD plot,575,13,pallisco3
IMG_6780.JPG,68487,15/11/2012,Diospyros hoyleana F.White,3.38008,13.6611,50,Pallisco,"1ha plot pallisco3, tag 13",9989,IRD plot,575,13,pallisco3
IMG_6781.JPG,68487,15/11/2012,Diospyros hoyleana F.White,3.38008,13.6611,50,Pallisco,"1ha plot pallisco3, tag 13",9989,IRD plot,575,13,pallisco3
IMG_6787.JPG,68487,15/11/2012,Diospyros hoyleana F.White,3.38008,13.6611,50,Pallisco,"1ha plot pallisco3, tag 13",9989,IRD plot,575,13,pallisco3
IMG_6788.JPG,69427,15/11/2012,Entandrophragma cylindricum (Sprague) Sprague,3.38008,13.6611,50,Pallisco,"1ha plot pallisco3, tag 12",NA,NA,NA,12,pallisco3
IMG_6789.JPG,69427,15/11/2012,Entandrophragma cylindricum (Sprague) Sprague,3.38008,13.6611,50,Pallisco,"1ha plot pallisco3, tag 12",NA,NA,NA,12,pallisco3
IMG_6792.JPG,69427,15/11/2012,Entandrophragma cylindricum (Sprague) Sprague,3.38008,13.6611,50,Pallisco,"1ha plot pallisco3, tag 12",NA,NA,NA,12,pallisco3
IMG_6798.JPG,69856,15/11/2012,Pteleopsis hylodendron Mildbr.,3.38008,13.6611,50,Pallisco,"1ha plot pallisco3, tag 17",NA,NA,NA,17,pallisco3
IMG_6799.JPG,69856,15/11/2012,Pteleopsis hylodendron Mildbr.,3.38008,13.6611,50,Pallisco,"1ha plot pallisco3, tag 17",NA,NA,NA,17,pallisco3
IMG_6800.JPG,69856,15/11/2012,Pteleopsis hylodendron Mildbr.,3.38008,13.6611,50,Pallisco,"1ha plot pallisco3, tag 17",NA,NA,NA,17,pallisco3
IMG_6802.JPG,70115,15/11/2012,Tessmannia africana Harms,3.38008,13.6611,50,Pallisco,"1ha plot pallisco3, tag 26",NA,NA,NA,26,pallisco3
IMG_6803.JPG,70115,15/11/2012,Tessmannia africana Harms,3.38008,13.6611,50,Pallisco,"1ha plot pallisco3, tag 26",NA,NA,NA,26,pallisco3
IMG_6804.JPG,70115,15/11/2012,Tessmannia africana Harms,3.38008,13.6611,50,Pallisco,"1ha plot pallisco3, tag 26",NA,NA,NA,26,pallisco3
IMG_6809.JPG,70115,15/11/2012,Tessmannia africana Harms,3.38008,13.6611,50,Pallisco,"1ha plot pallisco3, tag 26",NA,NA,NA,26,pallisco3
IMG_6812.JPG,68480,15/11/2012,Trichoscypha patens (Oliv.) Engl.,3.38008,13.6611,50,Pallisco,"1ha plot pallisco3, tag 30",9993,IRD plot,579,30,pallisco3
IMG_6813.JPG,68480,15/11/2012,Trichoscypha patens (Oliv.) Engl.,3.38008,13.6611,50,Pallisco,"1ha plot pallisco3, tag 30",9993,IRD plot,579,30,pallisco3
IMG_6814.JPG,68480,15/11/2012,Trichoscypha patens (Oliv.) Engl.,3.38008,13.6611,50,Pallisco,"1ha plot pallisco3, tag 30",9993,IRD plot,579,30,pallisco3
IMG_6816.JPG,68480,15/11/2012,Trichoscypha patens (Oliv.) Engl.,3.38008,13.6611,50,Pallisco,"1ha plot pallisco3, tag 30",9993,IRD plot,579,30,pallisco3
IMG_6817.JPG,68480,15/11/2012,Trichoscypha patens (Oliv.) Engl.,3.38008,13.6611,50,Pallisco,"1ha plot pallisco3, tag 30",9993,IRD plot,579,30,pallisco3
IMG_6818.JPG,68480,15/11/2012,Trichoscypha patens (Oliv.) Engl.,3.38008,13.6611,50,Pallisco,"1ha plot pallisco3, tag 30",9993,IRD plot,579,30,pallisco3
IMG_6819.JPG,68480,15/11/2012,Trichoscypha patens (Oliv.) Engl.,3.38008,13.6611,50,Pallisco,"1ha plot pallisco3, tag 30",9993,IRD plot,579,30,pallisco3
IMG_6820.JPG,68480,15/11/2012,Trichoscypha patens (Oliv.) Engl.,3.38008,13.6611,50,Pallisco,"1ha plot pallisco3, tag 30",9993,IRD plot,579,30,pallisco3
IMG_6821.JPG,68480,15/11/2012,Trichoscypha patens (Oliv.) Engl.,3.38008,13.6611,50,Pallisco,"1ha plot pallisco3, tag 30",9993,IRD plot,579,30,pallisco3
IMG_6823.JPG,68480,15/11/2012,Trichoscypha patens (Oliv.) Engl.,3.38008,13.6611,50,Pallisco,"1ha plot pallisco3, tag 30",9993,IRD plot,579,30,pallisco3
IMG_6829.JPG,68838,15/11/2012,NA,3.38008,13.6611,50,Pallisco,"1ha plot pallisco3, tag 37",9979,IRD plot,565,37,pallisco3
IMG_6830.JPG,68838,15/11/2012,NA,3.38008,13.6611,50,Pallisco,"1ha plot pallisco3, tag 37",9979,IRD plot,565,37,pallisco3
IMG_6832.JPG,68838,15/11/2012,NA,3.38008,13.6611,50,Pallisco,"1ha plot pallisco3, tag 37",9979,IRD plot,565,37,pallisco3
IMG_6837.JPG,68475,15/11/2012,Terminalia superba Engl. & Diels,3.38008,13.6611,50,Pallisco,"1ha plot pallisco3, tag 41",10028,IRD plot,615,41,pallisco3
IMG_6839.JPG,68475,15/11/2012,Terminalia superba Engl. & Diels,3.38008,13.6611,50,Pallisco,"1ha plot pallisco3, tag 41",10028,IRD plot,615,41,pallisco3
IMG_6844.JPG,68475,15/11/2012,Terminalia superba Engl. & Diels,3.38008,13.6611,50,Pallisco,"1ha plot pallisco3, tag 41",10028,IRD plot,615,41,pallisco3
IMG_6848.JPG,68475,15/11/2012,Terminalia superba Engl. & Diels,3.38008,13.6611,50,Pallisco,"1ha plot pallisco3, tag 41",10028,IRD plot,615,41,pallisco3
IMG_6849.JPG,68474,15/11/2012,Panda oleosa Pierre,3.38008,13.6611,50,Pallisco,"1ha plot pallisco3, tag 43",9997,IRD plot,583,43,pallisco3
IMG_6850.JPG,68474,15/11/2012,Panda oleosa Pierre,3.38008,13.6611,50,Pallisco,"1ha plot pallisco3, tag 43",9997,IRD plot,583,43,pallisco3
IMG_6852.JPG,68474,15/11/2012,Panda oleosa Pierre,3.38008,13.6611,50,Pallisco,"1ha plot pallisco3, tag 43",9997,IRD plot,583,43,pallisco3
IMG_6854.JPG,68474,15/11/2012,Panda oleosa Pierre,3.38008,13.6611,50,Pallisco,"1ha plot pallisco3, tag 43",9997,IRD plot,583,43,pallisco3
IMG_6856.JPG,68474,15/11/2012,Panda oleosa Pierre,3.38008,13.6611,50,Pallisco,"1ha plot pallisco3, tag 43",9997,IRD plot,583,43,pallisco3
IMG_6857.JPG,68474,15/11/2012,Panda oleosa Pierre,3.38008,13.6611,50,Pallisco,"1ha plot pallisco3, tag 43",9997,IRD plot,583,43,pallisco3
IMG_6858.JPG,68474,15/11/2012,Panda oleosa Pierre,3.38008,13.6611,50,Pallisco,"1ha plot pallisco3, tag 43",9997,IRD plot,583,43,pallisco3
IMG_6862.JPG,68474,15/11/2012,Panda oleosa Pierre,3.38008,13.6611,50,Pallisco,"1ha plot pallisco3, tag 43",9997,IRD plot,583,43,pallisco3
IMG_6864.JPG,68474,15/11/2012,Panda oleosa Pierre,3.38008,13.6611,50,Pallisco,"1ha plot pallisco3, tag 43",9997,IRD plot,583,43,pallisco3
IMG_6865.JPG,68474,15/11/2012,Panda oleosa Pierre,3.38008,13.6611,50,Pallisco,"1ha plot pallisco3, tag 43",9997,IRD plot,583,43,pallisco3
IMG_6867.JPG,68469,15/11/2012,Celtis mildbraedii Engl.,3.38008,13.6611,50,Pallisco,"1ha plot pallisco3, tag 58",9992,IRD plot,578,58,pallisco3
IMG_6870.JPG,68469,15/11/2012,Celtis mildbraedii Engl.,3.38008,13.6611,50,Pallisco,"1ha plot pallisco3, tag 58",9992,IRD plot,578,58,pallisco3
IMG_6871.JPG,68469,15/11/2012,Celtis mildbraedii Engl.,3.38008,13.6611,50,Pallisco,"1ha plot pallisco3, tag 58",9992,IRD plot,578,58,pallisco3
IMG_6872.JPG,68469,15/11/2012,Celtis mildbraedii Engl.,3.38008,13.6611,50,Pallisco,"1ha plot pallisco3, tag 58",9992,IRD plot,578,58,pallisco3
IMG_6873.JPG,68469,15/11/2012,Celtis mildbraedii Engl.,3.38008,13.6611,50,Pallisco,"1ha plot pallisco3, tag 58",9992,IRD plot,578,58,pallisco3
IMG_6874.JPG,68469,15/11/2012,Celtis mildbraedii Engl.,3.38008,13.6611,50,Pallisco,"1ha plot pallisco3, tag 58",9992,IRD plot,578,58,pallisco3
IMG_6875.JPG,68469,15/11/2012,Celtis mildbraedii Engl.,3.38008,13.6611,50,Pallisco,"1ha plot pallisco3, tag 58",9992,IRD plot,578,58,pallisco3
IMG_6876.JPG,68469,15/11/2012,Celtis mildbraedii Engl.,3.38008,13.6611,50,Pallisco,"1ha plot pallisco3, tag 58",9992,IRD plot,578,58,pallisco3
IMG_6879.JPG,69181,15/11/2012,Antiaris toxicaria Lesch.,3.38008,13.6611,50,Pallisco,"1ha plot pallisco3, tag 60",NA,NA,NA,60,pallisco3
IMG_6883.JPG,69181,15/11/2012,Antiaris toxicaria Lesch.,3.38008,13.6611,50,Pallisco,"1ha plot pallisco3, tag 60",NA,NA,NA,60,pallisco3
IMG_6884.JPG,68468,15/11/2012,NA,3.38008,13.6611,50,Pallisco,"1ha plot pallisco3, tag 65",9998,IRD plot,584,65,pallisco3
IMG_6886.JPG,68468,15/11/2012,NA,3.38008,13.6611,50,Pallisco,"1ha plot pallisco3, tag 65",9998,IRD plot,584,65,pallisco3
IMG_6889.JPG,68468,15/11/2012,NA,3.38008,13.6611,50,Pallisco,"1ha plot pallisco3, tag 65",9998,IRD plot,584,65,pallisco3
IMG_6891.JPG,68468,15/11/2012,NA,3.38008,13.6611,50,Pallisco,"1ha plot pallisco3, tag 65",9998,IRD plot,584,65,pallisco3
IMG_6893.JPG,68468,15/11/2012,NA,3.38008,13.6611,50,Pallisco,"1ha plot pallisco3, tag 65",9998,IRD plot,584,65,pallisco3
IMG_6895.JPG,68468,15/11/2012,NA,3.38008,13.6611,50,Pallisco,"1ha plot pallisco3, tag 65",9998,IRD plot,584,65,pallisco3
IMG_6896.JPG,68468,15/11/2012,NA,3.38008,13.6611,50,Pallisco,"1ha plot pallisco3, tag 65",9998,IRD plot,584,65,pallisco3
IMG_6897.JPG,68468,15/11/2012,NA,3.38008,13.6611,50,Pallisco,"1ha plot pallisco3, tag 65",9998,IRD plot,584,65,pallisco3
IMG_6898.JPG,68468,15/11/2012,NA,3.38008,13.6611,50,Pallisco,"1ha plot pallisco3, tag 65",9998,IRD plot,584,65,pallisco3
IMG_6901.JPG,68468,15/11/2012,NA,3.38008,13.6611,50,Pallisco,"1ha plot pallisco3, tag 65",9998,IRD plot,584,65,pallisco3
IMG_6903.JPG,68467,15/11/2012,Drypetes occidentalis (Müll.Arg.) Hutch.,3.38008,13.6611,50,Pallisco,"1ha plot pallisco3, tag 69",9994,IRD plot,580,69,pallisco3
IMG_6904.JPG,68467,15/11/2012,Drypetes occidentalis (Müll.Arg.) Hutch.,3.38008,13.6611,50,Pallisco,"1ha plot pallisco3, tag 69",9994,IRD plot,580,69,pallisco3
IMG_6906.JPG,68467,15/11/2012,Drypetes occidentalis (Müll.Arg.) Hutch.,3.38008,13.6611,50,Pallisco,"1ha plot pallisco3, tag 69",9994,IRD plot,580,69,pallisco3
IMG_6907.JPG,68467,15/11/2012,Drypetes occidentalis (Müll.Arg.) Hutch.,3.38008,13.6611,50,Pallisco,"1ha plot pallisco3, tag 69",9994,IRD plot,580,69,pallisco3
IMG_6908.JPG,68467,15/11/2012,Drypetes occidentalis (Müll.Arg.) Hutch.,3.38008,13.6611,50,Pallisco,"1ha plot pallisco3, tag 69",9994,IRD plot,580,69,pallisco3
IMG_6909.JPG,68467,15/11/2012,Drypetes occidentalis (Müll.Arg.) Hutch.,3.38008,13.6611,50,Pallisco,"1ha plot pallisco3, tag 69",9994,IRD plot,580,69,pallisco3
IMG_6910.JPG,68467,15/11/2012,Drypetes occidentalis (Müll.Arg.) Hutch.,3.38008,13.6611,50,Pallisco,"1ha plot pallisco3, tag 69",9994,IRD plot,580,69,pallisco3
IMG_6911.JPG,68467,15/11/2012,Drypetes occidentalis (Müll.Arg.) Hutch.,3.38008,13.6611,50,Pallisco,"1ha plot pallisco3, tag 69",9994,IRD plot,580,69,pallisco3
IMG_6916.JPG,68467,15/11/2012,Drypetes occidentalis (Müll.Arg.) Hutch.,3.38008,13.6611,50,Pallisco,"1ha plot pallisco3, tag 69",9994,IRD plot,580,69,pallisco3
IMG_6919.JPG,68467,15/11/2012,Drypetes occidentalis (Müll.Arg.) Hutch.,3.38008,13.6611,50,Pallisco,"1ha plot pallisco3, tag 69",9994,IRD plot,580,69,pallisco3
IMG_6921.JPG,68466,15/11/2012,Funtumia africana (Benth.) Stapf,3.38008,13.6611,50,Pallisco,"1ha plot pallisco3, tag 70",NA,NA,NA,70,pallisco3
IMG_6926.JPG,68466,15/11/2012,Funtumia africana (Benth.) Stapf,3.38008,13.6611,50,Pallisco,"1ha plot pallisco3, tag 70",NA,NA,NA,70,pallisco3
IMG_6927.JPG,68466,15/11/2012,Funtumia africana (Benth.) Stapf,3.38008,13.6611,50,Pallisco,"1ha plot pallisco3, tag 70",NA,NA,NA,70,pallisco3
IMG_6929.JPG,68466,15/11/2012,Funtumia africana (Benth.) Stapf,3.38008,13.6611,50,Pallisco,"1ha plot pallisco3, tag 70",NA,NA,NA,70,pallisco3
IMG_6930.JPG,69434,15/11/2012,NA,3.38008,13.6611,50,Pallisco,"1ha plot pallisco3, tag 72",9995,IRD plot,581,72,pallisco3
IMG_6931.JPG,69434,15/11/2012,NA,3.38008,13.6611,50,Pallisco,"1ha plot pallisco3, tag 72",9995,IRD plot,581,72,pallisco3
IMG_6932.JPG,69434,15/11/2012,NA,3.38008,13.6611,50,Pallisco,"1ha plot pallisco3, tag 72",9995,IRD plot,581,72,pallisco3
IMG_6933.JPG,69434,15/11/2012,NA,3.38008,13.6611,50,Pallisco,"1ha plot pallisco3, tag 72",9995,IRD plot,581,72,pallisco3
IMG_6934.JPG,69434,15/11/2012,NA,3.38008,13.6611,50,Pallisco,"1ha plot pallisco3, tag 72",9995,IRD plot,581,72,pallisco3
IMG_6935.JPG,69434,15/11/2012,NA,3.38008,13.6611,50,Pallisco,"1ha plot pallisco3, tag 72",9995,IRD plot,581,72,pallisco3
IMG_6937.JPG,69434,15/11/2012,NA,3.38008,13.6611,50,Pallisco,"1ha plot pallisco3, tag 72",9995,IRD plot,581,72,pallisco3
IMG_6939.JPG,69434,15/11/2012,NA,3.38008,13.6611,50,Pallisco,"1ha plot pallisco3, tag 72",9995,IRD plot,581,72,pallisco3
IMG_6940.JPG,69434,15/11/2012,NA,3.38008,13.6611,50,Pallisco,"1ha plot pallisco3, tag 72",9995,IRD plot,581,72,pallisco3
IMG_6941.JPG,69434,15/11/2012,NA,3.38008,13.6611,50,Pallisco,"1ha plot pallisco3, tag 72",9995,IRD plot,581,72,pallisco3
IMG_6942.JPG,69434,15/11/2012,NA,3.38008,13.6611,50,Pallisco,"1ha plot pallisco3, tag 72",9995,IRD plot,581,72,pallisco3
IMG_6943.JPG,69434,15/11/2012,NA,3.38008,13.6611,50,Pallisco,"1ha plot pallisco3, tag 72",9995,IRD plot,581,72,pallisco3
IMG_6944.JPG,69434,15/11/2012,NA,3.38008,13.6611,50,Pallisco,"1ha plot pallisco3, tag 72",9995,IRD plot,581,72,pallisco3
IMG_6950.JPG,69434,15/11/2012,NA,3.38008,13.6611,50,Pallisco,"1ha plot pallisco3, tag 72",9995,IRD plot,581,72,pallisco3
IMG_6951.JPG,69434,15/11/2012,NA,3.38008,13.6611,50,Pallisco,"1ha plot pallisco3, tag 72",9995,IRD plot,581,72,pallisco3
IMG_6952.JPG,69434,15/11/2012,NA,3.38008,13.6611,50,Pallisco,"1ha plot pallisco3, tag 72",9995,IRD plot,581,72,pallisco3
IMG_6953.JPG,69434,15/11/2012,NA,3.38008,13.6611,50,Pallisco,"1ha plot pallisco3, tag 72",9995,IRD plot,581,72,pallisco3
IMG_6954.JPG,69684,15/11/2012,Nesogordonia kabingaensis (K.Schum.) Capuron ex R.Germ.,3.38008,13.6611,50,Pallisco,"1ha plot pallisco3, tag 78",NA,NA,NA,78,pallisco3
IMG_6958.JPG,69684,15/11/2012,Nesogordonia kabingaensis (K.Schum.) Capuron ex R.Germ.,3.38008,13.6611,50,Pallisco,"1ha plot pallisco3, tag 78",NA,NA,NA,78,pallisco3
IMG_6959.JPG,69480,15/11/2012,NA,3.38008,13.6611,50,Pallisco,"1ha plot pallisco3, tag 90",NA,NA,NA,90,pallisco3
IMG_6960.JPG,69480,15/11/2012,NA,3.38008,13.6611,50,Pallisco,"1ha plot pallisco3, tag 90",NA,NA,NA,90,pallisco3
IMG_6977.JPG,69480,15/11/2012,NA,3.38008,13.6611,50,Pallisco,"1ha plot pallisco3, tag 90",NA,NA,NA,90,pallisco3
IMG_6998.JPG,68479,15/11/2012,Garcinia preussii Engl.,3.38008,13.6611,50,Pallisco,"1ha plot pallisco3, tag 302",10003,IRD plot,589,302,pallisco3
IMG_6999.JPG,68479,15/11/2012,Garcinia preussii Engl.,3.38008,13.6611,50,Pallisco,"1ha plot pallisco3, tag 302",10003,IRD plot,589,302,pallisco3
IMG_7000.JPG,68479,15/11/2012,Garcinia preussii Engl.,3.38008,13.6611,50,Pallisco,"1ha plot pallisco3, tag 302",10003,IRD plot,589,302,pallisco3
IMG_7001.JPG,68479,15/11/2012,Garcinia preussii Engl.,3.38008,13.6611,50,Pallisco,"1ha plot pallisco3, tag 302",10003,IRD plot,589,302,pallisco3
IMG_7002.JPG,68479,15/11/2012,Garcinia preussii Engl.,3.38008,13.6611,50,Pallisco,"1ha plot pallisco3, tag 302",10003,IRD plot,589,302,pallisco3
IMG_7003.JPG,68479,15/11/2012,Garcinia preussii Engl.,3.38008,13.6611,50,Pallisco,"1ha plot pallisco3, tag 302",10003,IRD plot,589,302,pallisco3
IMG_7005.JPG,68479,15/11/2012,Garcinia preussii Engl.,3.38008,13.6611,50,Pallisco,"1ha plot pallisco3, tag 302",10003,IRD plot,589,302,pallisco3
IMG_7006.JPG,68479,15/11/2012,Garcinia preussii Engl.,3.38008,13.6611,50,Pallisco,"1ha plot pallisco3, tag 302",10003,IRD plot,589,302,pallisco3
IMG_7007.JPG,68479,15/11/2012,Garcinia preussii Engl.,3.38008,13.6611,50,Pallisco,"1ha plot pallisco3, tag 302",10003,IRD plot,589,302,pallisco3
IMG_7009.JPG,68479,15/11/2012,Garcinia preussii Engl.,3.38008,13.6611,50,Pallisco,"1ha plot pallisco3, tag 302",10003,IRD plot,589,302,pallisco3
IMG_7011.JPG,69282,15/11/2012,Cleistopholis glauca Pierre ex Engl. & Diels,3.38008,13.6611,50,Pallisco,"1ha plot pallisco3, tag 307",NA,NA,NA,307,pallisco3
IMG_7012.JPG,69282,15/11/2012,Cleistopholis glauca Pierre ex Engl. & Diels,3.38008,13.6611,50,Pallisco,"1ha plot pallisco3, tag 307",NA,NA,NA,307,pallisco3
IMG_7014.JPG,69282,15/11/2012,Cleistopholis glauca Pierre ex Engl. & Diels,3.38008,13.6611,50,Pallisco,"1ha plot pallisco3, tag 307",NA,NA,NA,307,pallisco3
IMG_7017.JPG,69282,15/11/2012,Cleistopholis glauca Pierre ex Engl. & Diels,3.38008,13.6611,50,Pallisco,"1ha plot pallisco3, tag 307",NA,NA,NA,307,pallisco3
IMG_7023.JPG,69282,15/11/2012,Cleistopholis glauca Pierre ex Engl. & Diels,3.38008,13.6611,50,Pallisco,"1ha plot pallisco3, tag 307",NA,NA,NA,307,pallisco3
IMG_7024.JPG,69282,15/11/2012,Cleistopholis glauca Pierre ex Engl. & Diels,3.38008,13.6611,50,Pallisco,"1ha plot pallisco3, tag 307",NA,NA,NA,307,pallisco3
IMG_7025.JPG,69282,15/11/2012,Cleistopholis glauca Pierre ex Engl. & Diels,3.38008,13.6611,50,Pallisco,"1ha plot pallisco3, tag 307",NA,NA,NA,307,pallisco3
IMG_7026.JPG,69282,15/11/2012,Cleistopholis glauca Pierre ex Engl. & Diels,3.38008,13.6611,50,Pallisco,"1ha plot pallisco3, tag 307",NA,NA,NA,307,pallisco3
IMG_7027.JPG,69282,15/11/2012,Cleistopholis glauca Pierre ex Engl. & Diels,3.38008,13.6611,50,Pallisco,"1ha plot pallisco3, tag 307",NA,NA,NA,307,pallisco3
IMG_7028.JPG,68661,15/11/2012,Desbordesia glaucescens (Engl.) Tiegh.,3.38008,13.6611,50,Pallisco,"1ha plot pallisco3, tag 304",10031,IRD plot,618,304,pallisco3
IMG_7030.JPG,68661,15/11/2012,Desbordesia glaucescens (Engl.) Tiegh.,3.38008,13.6611,50,Pallisco,"1ha plot pallisco3, tag 304",10031,IRD plot,618,304,pallisco3
IMG_7033.JPG,68661,15/11/2012,Desbordesia glaucescens (Engl.) Tiegh.,3.38008,13.6611,50,Pallisco,"1ha plot pallisco3, tag 304",10031,IRD plot,618,304,pallisco3
IMG_7052.JPG,68478,15/11/2012,Coelocaryon preussii Warb.,3.38008,13.6611,50,Pallisco,"1ha plot pallisco3, tag 308",10000,IRD plot,586,308,pallisco3
IMG_7053.JPG,68478,15/11/2012,Coelocaryon preussii Warb.,3.38008,13.6611,50,Pallisco,"1ha plot pallisco3, tag 308",10000,IRD plot,586,308,pallisco3
IMG_7064.JPG,68478,15/11/2012,Coelocaryon preussii Warb.,3.38008,13.6611,50,Pallisco,"1ha plot pallisco3, tag 308",10000,IRD plot,586,308,pallisco3
IMG_7079.JPG,68478,15/11/2012,Coelocaryon preussii Warb.,3.38008,13.6611,50,Pallisco,"1ha plot pallisco3, tag 308",10000,IRD plot,586,308,pallisco3
IMG_7084.JPG,68478,15/11/2012,Coelocaryon preussii Warb.,3.38008,13.6611,50,Pallisco,"1ha plot pallisco3, tag 308",10000,IRD plot,586,308,pallisco3
IMG_7085.JPG,68478,15/11/2012,Coelocaryon preussii Warb.,3.38008,13.6611,50,Pallisco,"1ha plot pallisco3, tag 308",10000,IRD plot,586,308,pallisco3
IMG_7086.JPG,68478,15/11/2012,Coelocaryon preussii Warb.,3.38008,13.6611,50,Pallisco,"1ha plot pallisco3, tag 308",10000,IRD plot,586,308,pallisco3
IMG_7087.JPG,68478,15/11/2012,Coelocaryon preussii Warb.,3.38008,13.6611,50,Pallisco,"1ha plot pallisco3, tag 308",10000,IRD plot,586,308,pallisco3
IMG_7088.JPG,68478,15/11/2012,Coelocaryon preussii Warb.,3.38008,13.6611,50,Pallisco,"1ha plot pallisco3, tag 308",10000,IRD plot,586,308,pallisco3
IMG_7089.JPG,68478,15/11/2012,Coelocaryon preussii Warb.,3.38008,13.6611,50,Pallisco,"1ha plot pallisco3, tag 308",10000,IRD plot,586,308,pallisco3
IMG_7092.JPG,68478,15/11/2012,Coelocaryon preussii Warb.,3.38008,13.6611,50,Pallisco,"1ha plot pallisco3, tag 308",10000,IRD plot,586,308,pallisco3
IMG_7093.JPG,68477,15/11/2012,NA,3.38008,13.6611,50,Pallisco,"1ha plot pallisco3, tag 322",10004,IRD plot,590,322,pallisco3
IMG_7094.JPG,68477,15/11/2012,NA,3.38008,13.6611,50,Pallisco,"1ha plot pallisco3, tag 322",10004,IRD plot,590,322,pallisco3
IMG_7096.JPG,68477,15/11/2012,NA,3.38008,13.6611,50,Pallisco,"1ha plot pallisco3, tag 322",10004,IRD plot,590,322,pallisco3
IMG_7098.JPG,68477,15/11/2012,NA,3.38008,13.6611,50,Pallisco,"1ha plot pallisco3, tag 322",10004,IRD plot,590,322,pallisco3
IMG_7099.JPG,68477,15/11/2012,NA,3.38008,13.6611,50,Pallisco,"1ha plot pallisco3, tag 322",10004,IRD plot,590,322,pallisco3
IMG_7101.JPG,68477,15/11/2012,NA,3.38008,13.6611,50,Pallisco,"1ha plot pallisco3, tag 322",10004,IRD plot,590,322,pallisco3
IMG_7102.JPG,68477,15/11/2012,NA,3.38008,13.6611,50,Pallisco,"1ha plot pallisco3, tag 322",10004,IRD plot,590,322,pallisco3
IMG_7103.JPG,68477,15/11/2012,NA,3.38008,13.6611,50,Pallisco,"1ha plot pallisco3, tag 322",10004,IRD plot,590,322,pallisco3
IMG_7104.JPG,68477,15/11/2012,NA,3.38008,13.6611,50,Pallisco,"1ha plot pallisco3, tag 322",10004,IRD plot,590,322,pallisco3
IMG_7105.JPG,68477,15/11/2012,NA,3.38008,13.6611,50,Pallisco,"1ha plot pallisco3, tag 322",10004,IRD plot,590,322,pallisco3
IMG_7108.JPG,68477,15/11/2012,NA,3.38008,13.6611,50,Pallisco,"1ha plot pallisco3, tag 322",10004,IRD plot,590,322,pallisco3
IMG_7109.JPG,68477,15/11/2012,NA,3.38008,13.6611,50,Pallisco,"1ha plot pallisco3, tag 322",10004,IRD plot,590,322,pallisco3
IMG_7110.JPG,68477,15/11/2012,NA,3.38008,13.6611,50,Pallisco,"1ha plot pallisco3, tag 322",10004,IRD plot,590,322,pallisco3
IMG_7111.JPG,68477,15/11/2012,NA,3.38008,13.6611,50,Pallisco,"1ha plot pallisco3, tag 322",10004,IRD plot,590,322,pallisco3
IMG_7112.JPG,68477,15/11/2012,NA,3.38008,13.6611,50,Pallisco,"1ha plot pallisco3, tag 322",10004,IRD plot,590,322,pallisco3
IMG_7113.JPG,68477,15/11/2012,NA,3.38008,13.6611,50,Pallisco,"1ha plot pallisco3, tag 322",10004,IRD plot,590,322,pallisco3
IMG_7115.JPG,69314,15/11/2012,Cola lateritia K.Schum.,3.38008,13.6611,50,Pallisco,"1ha plot pallisco3, tag 336",NA,NA,NA,336,pallisco3
IMG_7117.JPG,69314,15/11/2012,Cola lateritia K.Schum.,3.38008,13.6611,50,Pallisco,"1ha plot pallisco3, tag 336",NA,NA,NA,336,pallisco3
IMG_7118.JPG,69314,15/11/2012,Cola lateritia K.Schum.,3.38008,13.6611,50,Pallisco,"1ha plot pallisco3, tag 336",NA,NA,NA,336,pallisco3
IMG_7120.JPG,69314,15/11/2012,Cola lateritia K.Schum.,3.38008,13.6611,50,Pallisco,"1ha plot pallisco3, tag 336",NA,NA,NA,336,pallisco3
IMG_7122.JPG,68589,15/11/2012,Celtis mildbraedii Engl.,3.38008,13.6611,50,Pallisco,"1ha plot pallisco3, tag 343",10032,IRD plot,620,343,pallisco3
IMG_7123.JPG,68589,15/11/2012,Celtis mildbraedii Engl.,3.38008,13.6611,50,Pallisco,"1ha plot pallisco3, tag 343",10032,IRD plot,620,343,pallisco3
IMG_7124.JPG,68589,15/11/2012,Celtis mildbraedii Engl.,3.38008,13.6611,50,Pallisco,"1ha plot pallisco3, tag 343",10032,IRD plot,620,343,pallisco3
IMG_7125.JPG,68589,15/11/2012,Celtis mildbraedii Engl.,3.38008,13.6611,50,Pallisco,"1ha plot pallisco3, tag 343",10032,IRD plot,620,343,pallisco3
IMG_7126.JPG,68589,15/11/2012,Celtis mildbraedii Engl.,3.38008,13.6611,50,Pallisco,"1ha plot pallisco3, tag 343",10032,IRD plot,620,343,pallisco3
IMG_7128.JPG,68589,15/11/2012,Celtis mildbraedii Engl.,3.38008,13.6611,50,Pallisco,"1ha plot pallisco3, tag 343",10032,IRD plot,620,343,pallisco3
IMG_7129.JPG,68589,15/11/2012,Celtis mildbraedii Engl.,3.38008,13.6611,50,Pallisco,"1ha plot pallisco3, tag 343",10032,IRD plot,620,343,pallisco3
IMG_7130.JPG,68589,15/11/2012,Celtis mildbraedii Engl.,3.38008,13.6611,50,Pallisco,"1ha plot pallisco3, tag 343",10032,IRD plot,620,343,pallisco3
IMG_7132.JPG,68589,15/11/2012,Celtis mildbraedii Engl.,3.38008,13.6611,50,Pallisco,"1ha plot pallisco3, tag 343",10032,IRD plot,620,343,pallisco3
IMG_7133.JPG,68589,15/11/2012,Celtis mildbraedii Engl.,3.38008,13.6611,50,Pallisco,"1ha plot pallisco3, tag 343",10032,IRD plot,620,343,pallisco3
IMG_7153.JPG,69529,20/11/2012,Macaranga barteri Müll.Arg.,3.38401,13.6733,50,Pallisco,"1ha plot pallisco4, tag 207",NA,NA,NA,207,pallisco4
IMG_7154.JPG,69529,20/11/2012,Macaranga barteri Müll.Arg.,3.38401,13.6733,50,Pallisco,"1ha plot pallisco4, tag 207",NA,NA,NA,207,pallisco4
IMG_7155.JPG,69529,20/11/2012,Macaranga barteri Müll.Arg.,3.38401,13.6733,50,Pallisco,"1ha plot pallisco4, tag 207",NA,NA,NA,207,pallisco4
IMG_7156.JPG,69529,20/11/2012,Macaranga barteri Müll.Arg.,3.38401,13.6733,50,Pallisco,"1ha plot pallisco4, tag 207",NA,NA,NA,207,pallisco4
IMG_7158.JPG,69529,20/11/2012,Macaranga barteri Müll.Arg.,3.38401,13.6733,50,Pallisco,"1ha plot pallisco4, tag 207",NA,NA,NA,207,pallisco4
IMG_7159.JPG,69529,20/11/2012,Macaranga barteri Müll.Arg.,3.38401,13.6733,50,Pallisco,"1ha plot pallisco4, tag 207",NA,NA,NA,207,pallisco4
IMG_7160.JPG,69529,20/11/2012,Macaranga barteri Müll.Arg.,3.38401,13.6733,50,Pallisco,"1ha plot pallisco4, tag 207",NA,NA,NA,207,pallisco4
IMG_7161.JPG,69529,20/11/2012,Macaranga barteri Müll.Arg.,3.38401,13.6733,50,Pallisco,"1ha plot pallisco4, tag 207",NA,NA,NA,207,pallisco4
IMG_7162.JPG,69529,20/11/2012,Macaranga barteri Müll.Arg.,3.38401,13.6733,50,Pallisco,"1ha plot pallisco4, tag 207",NA,NA,NA,207,pallisco4
IMG_7163.JPG,69529,20/11/2012,Macaranga barteri Müll.Arg.,3.38401,13.6733,50,Pallisco,"1ha plot pallisco4, tag 207",NA,NA,NA,207,pallisco4
IMG_7225.JPG,68459,20/11/2012,Ficus exasperata Vahl,3.38401,13.6733,50,Pallisco,"1ha plot pallisco4, tag 240",10015,IRD plot,601,240,pallisco4
IMG_7226.JPG,68459,20/11/2012,Ficus exasperata Vahl,3.38401,13.6733,50,Pallisco,"1ha plot pallisco4, tag 240",10015,IRD plot,601,240,pallisco4
IMG_7230.JPG,68459,20/11/2012,Ficus exasperata Vahl,3.38401,13.6733,50,Pallisco,"1ha plot pallisco4, tag 240",10015,IRD plot,601,240,pallisco4
IMG_7232.JPG,68459,20/11/2012,Ficus exasperata Vahl,3.38401,13.6733,50,Pallisco,"1ha plot pallisco4, tag 240",10015,IRD plot,601,240,pallisco4
IMG_7233.JPG,68459,20/11/2012,Ficus exasperata Vahl,3.38401,13.6733,50,Pallisco,"1ha plot pallisco4, tag 240",10015,IRD plot,601,240,pallisco4
IMG_7234.JPG,68459,20/11/2012,Ficus exasperata Vahl,3.38401,13.6733,50,Pallisco,"1ha plot pallisco4, tag 240",10015,IRD plot,601,240,pallisco4
IMG_7235.JPG,68459,20/11/2012,Ficus exasperata Vahl,3.38401,13.6733,50,Pallisco,"1ha plot pallisco4, tag 240",10015,IRD plot,601,240,pallisco4
IMG_7238.JPG,68459,20/11/2012,Ficus exasperata Vahl,3.38401,13.6733,50,Pallisco,"1ha plot pallisco4, tag 240",10015,IRD plot,601,240,pallisco4
IMG_7239.JPG,68459,20/11/2012,Ficus exasperata Vahl,3.38401,13.6733,50,Pallisco,"1ha plot pallisco4, tag 240",10015,IRD plot,601,240,pallisco4
IMG_7240.JPG,68698,20/11/2012,Lannea welwitschii (Hiern) Engl.,3.38401,13.6733,50,Pallisco,"1ha plot pallisco4, tag 241",9988,IRD plot,574,241,pallisco4
IMG_7241.JPG,68698,20/11/2012,Lannea welwitschii (Hiern) Engl.,3.38401,13.6733,50,Pallisco,"1ha plot pallisco4, tag 241",9988,IRD plot,574,241,pallisco4
IMG_7242.JPG,68698,20/11/2012,Lannea welwitschii (Hiern) Engl.,3.38401,13.6733,50,Pallisco,"1ha plot pallisco4, tag 241",9988,IRD plot,574,241,pallisco4
IMG_7244.JPG,68698,20/11/2012,Lannea welwitschii (Hiern) Engl.,3.38401,13.6733,50,Pallisco,"1ha plot pallisco4, tag 241",9988,IRD plot,574,241,pallisco4
IMG_7247.JPG,68698,20/11/2012,Lannea welwitschii (Hiern) Engl.,3.38401,13.6733,50,Pallisco,"1ha plot pallisco4, tag 241",9988,IRD plot,574,241,pallisco4
IMG_7248.JPG,69245,20/11/2012,NA,3.38401,13.6733,50,Pallisco,"1ha plot pallisco4, tag 252",NA,NA,NA,252,pallisco4
IMG_7249.JPG,69245,20/11/2012,NA,3.38401,13.6733,50,Pallisco,"1ha plot pallisco4, tag 252",NA,NA,NA,252,pallisco4
IMG_7250.JPG,69245,20/11/2012,NA,3.38401,13.6733,50,Pallisco,"1ha plot pallisco4, tag 252",NA,NA,NA,252,pallisco4
IMG_7251.JPG,69245,20/11/2012,NA,3.38401,13.6733,50,Pallisco,"1ha plot pallisco4, tag 252",NA,NA,NA,252,pallisco4
IMG_7259.JPG,68458,20/11/2012,NA,3.38401,13.6733,50,Pallisco,"1ha plot pallisco4, tag 262",10018,IRD plot,604,262,pallisco4
IMG_7260.JPG,68458,20/11/2012,NA,3.38401,13.6733,50,Pallisco,"1ha plot pallisco4, tag 262",10018,IRD plot,604,262,pallisco4
IMG_7261.JPG,68458,20/11/2012,NA,3.38401,13.6733,50,Pallisco,"1ha plot pallisco4, tag 262",10018,IRD plot,604,262,pallisco4
IMG_7263.JPG,68457,20/11/2012,Diospyros viridicans Hiern,3.38401,13.6733,50,Pallisco,"1ha plot pallisco4, tag 263",10017,IRD plot,603,263,pallisco4
IMG_7264.JPG,68457,20/11/2012,Diospyros viridicans Hiern,3.38401,13.6733,50,Pallisco,"1ha plot pallisco4, tag 263",10017,IRD plot,603,263,pallisco4
IMG_7265.JPG,68457,20/11/2012,Diospyros viridicans Hiern,3.38401,13.6733,50,Pallisco,"1ha plot pallisco4, tag 263",10017,IRD plot,603,263,pallisco4
IMG_7267.JPG,68458,20/11/2012,NA,3.38401,13.6733,50,Pallisco,"1ha plot pallisco4, tag 262",10018,IRD plot,604,262,pallisco4
IMG_7268.JPG,68458,20/11/2012,NA,3.38401,13.6733,50,Pallisco,"1ha plot pallisco4, tag 262",10018,IRD plot,604,262,pallisco4
IMG_7269.JPG,68458,20/11/2012,NA,3.38401,13.6733,50,Pallisco,"1ha plot pallisco4, tag 262",10018,IRD plot,604,262,pallisco4
IMG_7270.JPG,68458,20/11/2012,NA,3.38401,13.6733,50,Pallisco,"1ha plot pallisco4, tag 262",10018,IRD plot,604,262,pallisco4
IMG_7271.JPG,68458,20/11/2012,NA,3.38401,13.6733,50,Pallisco,"1ha plot pallisco4, tag 262",10018,IRD plot,604,262,pallisco4
IMG_7272.JPG,68458,20/11/2012,NA,3.38401,13.6733,50,Pallisco,"1ha plot pallisco4, tag 262",10018,IRD plot,604,262,pallisco4
IMG_7273.JPG,68458,20/11/2012,NA,3.38401,13.6733,50,Pallisco,"1ha plot pallisco4, tag 262",10018,IRD plot,604,262,pallisco4
IMG_7274.JPG,68458,20/11/2012,NA,3.38401,13.6733,50,Pallisco,"1ha plot pallisco4, tag 262",10018,IRD plot,604,262,pallisco4
IMG_7275.JPG,68458,20/11/2012,NA,3.38401,13.6733,50,Pallisco,"1ha plot pallisco4, tag 262",10018,IRD plot,604,262,pallisco4
IMG_7277.JPG,68458,20/11/2012,NA,3.38401,13.6733,50,Pallisco,"1ha plot pallisco4, tag 262",10018,IRD plot,604,262,pallisco4
IMG_7280.JPG,68457,20/11/2012,Diospyros viridicans Hiern,3.38401,13.6733,50,Pallisco,"1ha plot pallisco4, tag 263",10017,IRD plot,603,263,pallisco4
IMG_7281.JPG,68457,20/11/2012,Diospyros viridicans Hiern,3.38401,13.6733,50,Pallisco,"1ha plot pallisco4, tag 263",10017,IRD plot,603,263,pallisco4
IMG_7282.JPG,68457,20/11/2012,Diospyros viridicans Hiern,3.38401,13.6733,50,Pallisco,"1ha plot pallisco4, tag 263",10017,IRD plot,603,263,pallisco4
IMG_7283.JPG,68457,20/11/2012,Diospyros viridicans Hiern,3.38401,13.6733,50,Pallisco,"1ha plot pallisco4, tag 263",10017,IRD plot,603,263,pallisco4
IMG_7284.JPG,68457,20/11/2012,Diospyros viridicans Hiern,3.38401,13.6733,50,Pallisco,"1ha plot pallisco4, tag 263",10017,IRD plot,603,263,pallisco4
IMG_7285.JPG,68457,20/11/2012,Diospyros viridicans Hiern,3.38401,13.6733,50,Pallisco,"1ha plot pallisco4, tag 263",10017,IRD plot,603,263,pallisco4
IMG_7286.JPG,68457,20/11/2012,Diospyros viridicans Hiern,3.38401,13.6733,50,Pallisco,"1ha plot pallisco4, tag 263",10017,IRD plot,603,263,pallisco4
IMG_7289.JPG,68457,20/11/2012,Diospyros viridicans Hiern,3.38401,13.6733,50,Pallisco,"1ha plot pallisco4, tag 263",10017,IRD plot,603,263,pallisco4
IMG_7290.JPG,68457,20/11/2012,Diospyros viridicans Hiern,3.38401,13.6733,50,Pallisco,"1ha plot pallisco4, tag 263",10017,IRD plot,603,263,pallisco4
IMG_7291.JPG,68456,20/11/2012,Milicia excelsa (Welw.) C.C.Berg,3.38401,13.6733,50,Pallisco,"1ha plot pallisco4, tag 277",10016,IRD plot,602,277,pallisco4
IMG_7292.JPG,68456,20/11/2012,Milicia excelsa (Welw.) C.C.Berg,3.38401,13.6733,50,Pallisco,"1ha plot pallisco4, tag 277",10016,IRD plot,602,277,pallisco4
IMG_7293.JPG,68456,20/11/2012,Milicia excelsa (Welw.) C.C.Berg,3.38401,13.6733,50,Pallisco,"1ha plot pallisco4, tag 277",10016,IRD plot,602,277,pallisco4
IMG_7295.JPG,68456,20/11/2012,Milicia excelsa (Welw.) C.C.Berg,3.38401,13.6733,50,Pallisco,"1ha plot pallisco4, tag 277",10016,IRD plot,602,277,pallisco4
IMG_7297.JPG,68456,20/11/2012,Milicia excelsa (Welw.) C.C.Berg,3.38401,13.6733,50,Pallisco,"1ha plot pallisco4, tag 277",10016,IRD plot,602,277,pallisco4
IMG_7298.JPG,68456,20/11/2012,Milicia excelsa (Welw.) C.C.Berg,3.38401,13.6733,50,Pallisco,"1ha plot pallisco4, tag 277",10016,IRD plot,602,277,pallisco4
IMG_7299.JPG,68456,20/11/2012,Milicia excelsa (Welw.) C.C.Berg,3.38401,13.6733,50,Pallisco,"1ha plot pallisco4, tag 277",10016,IRD plot,602,277,pallisco4
IMG_7300.JPG,68456,20/11/2012,Milicia excelsa (Welw.) C.C.Berg,3.38401,13.6733,50,Pallisco,"1ha plot pallisco4, tag 277",10016,IRD plot,602,277,pallisco4
IMG_7301.JPG,68456,20/11/2012,Milicia excelsa (Welw.) C.C.Berg,3.38401,13.6733,50,Pallisco,"1ha plot pallisco4, tag 277",10016,IRD plot,602,277,pallisco4
IMG_7302.JPG,68456,20/11/2012,Milicia excelsa (Welw.) C.C.Berg,3.38401,13.6733,50,Pallisco,"1ha plot pallisco4, tag 277",10016,IRD plot,602,277,pallisco4
IMG_7304.JPG,68456,20/11/2012,Milicia excelsa (Welw.) C.C.Berg,3.38401,13.6733,50,Pallisco,"1ha plot pallisco4, tag 277",10016,IRD plot,602,277,pallisco4
IMG_7320.JPG,68454,20/11/2012,Erythrophleum suaveolens (Guill. & Perr.) Brenan,3.38401,13.6733,50,Pallisco,"1ha plot pallisco4, tag 361",10021,IRD plot,607,361,pallisco4
IMG_7321.JPG,68454,20/11/2012,Erythrophleum suaveolens (Guill. & Perr.) Brenan,3.38401,13.6733,50,Pallisco,"1ha plot pallisco4, tag 361",10021,IRD plot,607,361,pallisco4
IMG_7323.JPG,68454,20/11/2012,Erythrophleum suaveolens (Guill. & Perr.) Brenan,3.38401,13.6733,50,Pallisco,"1ha plot pallisco4, tag 361",10021,IRD plot,607,361,pallisco4
IMG_7327.JPG,68454,20/11/2012,Erythrophleum suaveolens (Guill. & Perr.) Brenan,3.38401,13.6733,50,Pallisco,"1ha plot pallisco4, tag 361",10021,IRD plot,607,361,pallisco4
IMG_7331.JPG,68454,20/11/2012,Erythrophleum suaveolens (Guill. & Perr.) Brenan,3.38401,13.6733,50,Pallisco,"1ha plot pallisco4, tag 361",10021,IRD plot,607,361,pallisco4
IMG_7334.JPG,68454,20/11/2012,Erythrophleum suaveolens (Guill. & Perr.) Brenan,3.38401,13.6733,50,Pallisco,"1ha plot pallisco4, tag 361",10021,IRD plot,607,361,pallisco4
IMG_7336.JPG,68454,20/11/2012,Erythrophleum suaveolens (Guill. & Perr.) Brenan,3.38401,13.6733,50,Pallisco,"1ha plot pallisco4, tag 361",10021,IRD plot,607,361,pallisco4
IMG_7337.JPG,68454,20/11/2012,Erythrophleum suaveolens (Guill. & Perr.) Brenan,3.38401,13.6733,50,Pallisco,"1ha plot pallisco4, tag 361",10021,IRD plot,607,361,pallisco4
IMG_7338.JPG,68454,20/11/2012,Erythrophleum suaveolens (Guill. & Perr.) Brenan,3.38401,13.6733,50,Pallisco,"1ha plot pallisco4, tag 361",10021,IRD plot,607,361,pallisco4
IMG_7342.JPG,68454,20/11/2012,Erythrophleum suaveolens (Guill. & Perr.) Brenan,3.38401,13.6733,50,Pallisco,"1ha plot pallisco4, tag 361",10021,IRD plot,607,361,pallisco4
IMG_7343.JPG,68453,20/11/2012,Paropsia grewioides Welw. ex Mast.,3.38401,13.6733,50,Pallisco,"1ha plot pallisco4, tag 378",10022,IRD plot,608,378,pallisco4
IMG_7344.JPG,68453,20/11/2012,Paropsia grewioides Welw. ex Mast.,3.38401,13.6733,50,Pallisco,"1ha plot pallisco4, tag 378",10022,IRD plot,608,378,pallisco4
IMG_7348.JPG,68453,20/11/2012,Paropsia grewioides Welw. ex Mast.,3.38401,13.6733,50,Pallisco,"1ha plot pallisco4, tag 378",10022,IRD plot,608,378,pallisco4
IMG_7352.JPG,68453,20/11/2012,Paropsia grewioides Welw. ex Mast.,3.38401,13.6733,50,Pallisco,"1ha plot pallisco4, tag 378",10022,IRD plot,608,378,pallisco4
IMG_7353.JPG,68453,20/11/2012,Paropsia grewioides Welw. ex Mast.,3.38401,13.6733,50,Pallisco,"1ha plot pallisco4, tag 378",10022,IRD plot,608,378,pallisco4
IMG_7354.JPG,68453,20/11/2012,Paropsia grewioides Welw. ex Mast.,3.38401,13.6733,50,Pallisco,"1ha plot pallisco4, tag 378",10022,IRD plot,608,378,pallisco4
IMG_7355.JPG,68453,20/11/2012,Paropsia grewioides Welw. ex Mast.,3.38401,13.6733,50,Pallisco,"1ha plot pallisco4, tag 378",10022,IRD plot,608,378,pallisco4
IMG_7357.JPG,68453,20/11/2012,Paropsia grewioides Welw. ex Mast.,3.38401,13.6733,50,Pallisco,"1ha plot pallisco4, tag 378",10022,IRD plot,608,378,pallisco4
IMG_7359.JPG,68452,20/11/2012,Heisteria parvifolia Sm.,3.38401,13.6733,50,Pallisco,"1ha plot pallisco4, tag 380",10023,IRD plot,609,380,pallisco4
IMG_7360.JPG,68452,20/11/2012,Heisteria parvifolia Sm.,3.38401,13.6733,50,Pallisco,"1ha plot pallisco4, tag 380",10023,IRD plot,609,380,pallisco4
IMG_7361.JPG,68452,20/11/2012,Heisteria parvifolia Sm.,3.38401,13.6733,50,Pallisco,"1ha plot pallisco4, tag 380",10023,IRD plot,609,380,pallisco4
IMG_7363.JPG,68452,20/11/2012,Heisteria parvifolia Sm.,3.38401,13.6733,50,Pallisco,"1ha plot pallisco4, tag 380",10023,IRD plot,609,380,pallisco4
IMG_7364.JPG,68452,20/11/2012,Heisteria parvifolia Sm.,3.38401,13.6733,50,Pallisco,"1ha plot pallisco4, tag 380",10023,IRD plot,609,380,pallisco4
IMG_7366.JPG,68452,20/11/2012,Heisteria parvifolia Sm.,3.38401,13.6733,50,Pallisco,"1ha plot pallisco4, tag 380",10023,IRD plot,609,380,pallisco4
IMG_7367.JPG,68452,20/11/2012,Heisteria parvifolia Sm.,3.38401,13.6733,50,Pallisco,"1ha plot pallisco4, tag 380",10023,IRD plot,609,380,pallisco4
IMG_7368.JPG,68452,20/11/2012,Heisteria parvifolia Sm.,3.38401,13.6733,50,Pallisco,"1ha plot pallisco4, tag 380",10023,IRD plot,609,380,pallisco4
IMG_7370.JPG,69483,20/11/2012,NA,3.38401,13.6733,50,Pallisco,"1ha plot pallisco4, tag 388",NA,NA,NA,388,pallisco4
IMG_7371.JPG,69483,20/11/2012,NA,3.38401,13.6733,50,Pallisco,"1ha plot pallisco4, tag 388",NA,NA,NA,388,pallisco4
IMG_7372.JPG,69483,20/11/2012,NA,3.38401,13.6733,50,Pallisco,"1ha plot pallisco4, tag 388",NA,NA,NA,388,pallisco4
IMG_7374.JPG,69483,20/11/2012,NA,3.38401,13.6733,50,Pallisco,"1ha plot pallisco4, tag 388",NA,NA,NA,388,pallisco4
IMG_7377.JPG,69483,20/11/2012,NA,3.38401,13.6733,50,Pallisco,"1ha plot pallisco4, tag 388",NA,NA,NA,388,pallisco4
IMG_7378.JPG,68451,20/11/2012,Desbordesia glaucescens (Engl.) Tiegh.,3.38401,13.6733,50,Pallisco,"1ha plot pallisco4, tag 395",10019,IRD plot,605,395,pallisco4
IMG_7380.JPG,68451,20/11/2012,Desbordesia glaucescens (Engl.) Tiegh.,3.38401,13.6733,50,Pallisco,"1ha plot pallisco4, tag 395",10019,IRD plot,605,395,pallisco4
IMG_7383.JPG,68451,20/11/2012,Desbordesia glaucescens (Engl.) Tiegh.,3.38401,13.6733,50,Pallisco,"1ha plot pallisco4, tag 395",10019,IRD plot,605,395,pallisco4
IMG_7385.JPG,68451,20/11/2012,Desbordesia glaucescens (Engl.) Tiegh.,3.38401,13.6733,50,Pallisco,"1ha plot pallisco4, tag 395",10019,IRD plot,605,395,pallisco4
IMG_7386.JPG,68451,20/11/2012,Desbordesia glaucescens (Engl.) Tiegh.,3.38401,13.6733,50,Pallisco,"1ha plot pallisco4, tag 395",10019,IRD plot,605,395,pallisco4
IMG_7387.JPG,68451,20/11/2012,Desbordesia glaucescens (Engl.) Tiegh.,3.38401,13.6733,50,Pallisco,"1ha plot pallisco4, tag 395",10019,IRD plot,605,395,pallisco4
IMG_7388.JPG,68451,20/11/2012,Desbordesia glaucescens (Engl.) Tiegh.,3.38401,13.6733,50,Pallisco,"1ha plot pallisco4, tag 395",10019,IRD plot,605,395,pallisco4
IMG_7389.JPG,68451,20/11/2012,Desbordesia glaucescens (Engl.) Tiegh.,3.38401,13.6733,50,Pallisco,"1ha plot pallisco4, tag 395",10019,IRD plot,605,395,pallisco4
IMG_7390.JPG,68451,20/11/2012,Desbordesia glaucescens (Engl.) Tiegh.,3.38401,13.6733,50,Pallisco,"1ha plot pallisco4, tag 395",10019,IRD plot,605,395,pallisco4
IMG_7392.JPG,69300,20/11/2012,Coelocaryon preussii Warb.,3.38401,13.6733,50,Pallisco,"1ha plot pallisco4, tag 420",NA,NA,NA,420,pallisco4
IMG_7395.JPG,69300,20/11/2012,Coelocaryon preussii Warb.,3.38401,13.6733,50,Pallisco,"1ha plot pallisco4, tag 420",NA,NA,NA,420,pallisco4
IMG_7400.JPG,69300,20/11/2012,Coelocaryon preussii Warb.,3.38401,13.6733,50,Pallisco,"1ha plot pallisco4, tag 420",NA,NA,NA,420,pallisco4
IMG_7402.JPG,69180,20/11/2012,Amphimas pterocarpoides Harms,3.38401,13.6733,50,Pallisco,"1ha plot pallisco4, tag 425",NA,NA,NA,425,pallisco4
IMG_7403.JPG,69180,20/11/2012,Amphimas pterocarpoides Harms,3.38401,13.6733,50,Pallisco,"1ha plot pallisco4, tag 425",NA,NA,NA,425,pallisco4
IMG_7404.JPG,69180,20/11/2012,Amphimas pterocarpoides Harms,3.38401,13.6733,50,Pallisco,"1ha plot pallisco4, tag 425",NA,NA,NA,425,pallisco4
IMG_7751.JPG,69425,8/11/2012,Entandrophragma cylindricum (Sprague) Sprague,3.40366,13.665,50,Pallisco,"1ha plot pallisco1, tag 303",NA,NA,NA,303,pallisco1
IMG_7752.JPG,69425,8/11/2012,Entandrophragma cylindricum (Sprague) Sprague,3.40366,13.665,50,Pallisco,"1ha plot pallisco1, tag 303",NA,NA,NA,303,pallisco1
IMG_7752_stitch.jpg,69425,8/11/2012,Entandrophragma cylindricum (Sprague) Sprague,3.40366,13.665,50,Pallisco,"1ha plot pallisco1, tag 303",NA,NA,NA,303,pallisco1
IMG_7753.JPG,69425,8/11/2012,Entandrophragma cylindricum (Sprague) Sprague,3.40366,13.665,50,Pallisco,"1ha plot pallisco1, tag 303",NA,NA,NA,303,pallisco1
IMG_7754.JPG,69425,8/11/2012,Entandrophragma cylindricum (Sprague) Sprague,3.40366,13.665,50,Pallisco,"1ha plot pallisco1, tag 303",NA,NA,NA,303,pallisco1
IMG_7673.JPG,69141,8/11/2012,Greenwayodendron suaveolens (Engl. & Diels) Verdc.,3.40366,13.665,50,Pallisco,"1ha plot pallisco1, tag 54",9942,IRD plot,528,54,pallisco1
IMG_7674.JPG,69141,8/11/2012,Greenwayodendron suaveolens (Engl. & Diels) Verdc.,3.40366,13.665,50,Pallisco,"1ha plot pallisco1, tag 54",9942,IRD plot,528,54,pallisco1
IMG_7675.JPG,69918,8/11/2012,Sterculia tragacantha Lindl.,3.40366,13.665,50,Pallisco,"1ha plot pallisco1, tag 57",NA,NA,NA,57,pallisco1
IMG_7676.JPG,69918,8/11/2012,Sterculia tragacantha Lindl.,3.40366,13.665,50,Pallisco,"1ha plot pallisco1, tag 57",NA,NA,NA,57,pallisco1
IMG_7678.JPG,68523,8/11/2012,Myrianthus arboreus P.Beauv.,3.40366,13.665,50,Pallisco,"1ha plot pallisco1, tag 58",9922,IRD plot,508,58,pallisco1
IMG_7679.JPG,68523,8/11/2012,Myrianthus arboreus P.Beauv.,3.40366,13.665,50,Pallisco,"1ha plot pallisco1, tag 58",9922,IRD plot,508,58,pallisco1
IMG_7680.JPG,68523,8/11/2012,Myrianthus arboreus P.Beauv.,3.40366,13.665,50,Pallisco,"1ha plot pallisco1, tag 58",9922,IRD plot,508,58,pallisco1
IMG_7681.JPG,68523,8/11/2012,Myrianthus arboreus P.Beauv.,3.40366,13.665,50,Pallisco,"1ha plot pallisco1, tag 58",9922,IRD plot,508,58,pallisco1
IMG_7682.JPG,68523,8/11/2012,Myrianthus arboreus P.Beauv.,3.40366,13.665,50,Pallisco,"1ha plot pallisco1, tag 58",9922,IRD plot,508,58,pallisco1
IMG_7683.JPG,68523,8/11/2012,Myrianthus arboreus P.Beauv.,3.40366,13.665,50,Pallisco,"1ha plot pallisco1, tag 58",9922,IRD plot,508,58,pallisco1
IMG_7684.JPG,68522,8/11/2012,Symphonia globulifera L.f.,3.40366,13.665,50,Pallisco,"1ha plot pallisco1, tag 61",9923,IRD plot,509,61,pallisco1
IMG_7686.JPG,68522,8/11/2012,Symphonia globulifera L.f.,3.40366,13.665,50,Pallisco,"1ha plot pallisco1, tag 61",9923,IRD plot,509,61,pallisco1
IMG_7687.JPG,68522,8/11/2012,Symphonia globulifera L.f.,3.40366,13.665,50,Pallisco,"1ha plot pallisco1, tag 61",9923,IRD plot,509,61,pallisco1
IMG_7688.JPG,68522,8/11/2012,Symphonia globulifera L.f.,3.40366,13.665,50,Pallisco,"1ha plot pallisco1, tag 61",9923,IRD plot,509,61,pallisco1
IMG_7689.JPG,68522,8/11/2012,Symphonia globulifera L.f.,3.40366,13.665,50,Pallisco,"1ha plot pallisco1, tag 61",9923,IRD plot,509,61,pallisco1
IMG_7690.JPG,68521,8/11/2012,Symphonia globulifera L.f.,3.40366,13.665,50,Pallisco,"1ha plot pallisco1, tag 62",9926,IRD plot,512,62,pallisco1
IMG_7691.JPG,68521,8/11/2012,Symphonia globulifera L.f.,3.40366,13.665,50,Pallisco,"1ha plot pallisco1, tag 62",9926,IRD plot,512,62,pallisco1
IMG_7692.JPG,68521,8/11/2012,Symphonia globulifera L.f.,3.40366,13.665,50,Pallisco,"1ha plot pallisco1, tag 62",9926,IRD plot,512,62,pallisco1
IMG_7693.JPG,68521,8/11/2012,Symphonia globulifera L.f.,3.40366,13.665,50,Pallisco,"1ha plot pallisco1, tag 62",9926,IRD plot,512,62,pallisco1
IMG_7694.JPG,68521,8/11/2012,Symphonia globulifera L.f.,3.40366,13.665,50,Pallisco,"1ha plot pallisco1, tag 62",9926,IRD plot,512,62,pallisco1
IMG_7695.JPG,68521,8/11/2012,Symphonia globulifera L.f.,3.40366,13.665,50,Pallisco,"1ha plot pallisco1, tag 62",9926,IRD plot,512,62,pallisco1
IMG_7696.JPG,68520,8/11/2012,Heisteria parvifolia Sm.,3.40366,13.665,50,Pallisco,"1ha plot pallisco1, tag 63",9925,IRD plot,511,63,pallisco1
IMG_7697.JPG,68520,8/11/2012,Heisteria parvifolia Sm.,3.40366,13.665,50,Pallisco,"1ha plot pallisco1, tag 63",9925,IRD plot,511,63,pallisco1
IMG_7698.JPG,68520,8/11/2012,Heisteria parvifolia Sm.,3.40366,13.665,50,Pallisco,"1ha plot pallisco1, tag 63",9925,IRD plot,511,63,pallisco1
IMG_7699.JPG,68520,8/11/2012,Heisteria parvifolia Sm.,3.40366,13.665,50,Pallisco,"1ha plot pallisco1, tag 63",9925,IRD plot,511,63,pallisco1
IMG_7700.JPG,68520,8/11/2012,Heisteria parvifolia Sm.,3.40366,13.665,50,Pallisco,"1ha plot pallisco1, tag 63",9925,IRD plot,511,63,pallisco1
IMG_7701.JPG,69879,8/11/2012,Santiria trimera (Oliv.) Aubrév.,3.40366,13.665,50,Pallisco,"1ha plot pallisco1, tag 64",NA,NA,NA,64,pallisco1
IMG_7702.JPG,69879,8/11/2012,Santiria trimera (Oliv.) Aubrév.,3.40366,13.665,50,Pallisco,"1ha plot pallisco1, tag 64",NA,NA,NA,64,pallisco1
IMG_7703.JPG,69879,8/11/2012,Santiria trimera (Oliv.) Aubrév.,3.40366,13.665,50,Pallisco,"1ha plot pallisco1, tag 64",NA,NA,NA,64,pallisco1
IMG_7704.JPG,70147,8/11/2012,NA,3.40366,13.665,50,Pallisco,"1ha plot pallisco1, tag 65",NA,NA,NA,65,pallisco1
IMG_7705.JPG,70147,8/11/2012,NA,3.40366,13.665,50,Pallisco,"1ha plot pallisco1, tag 65",NA,NA,NA,65,pallisco1
IMG_7706.JPG,68544,8/11/2012,Trichoscypha patens (Oliv.) Engl.,3.40366,13.665,50,Pallisco,"1ha plot pallisco1, tag 272",9939,IRD plot,525,272,pallisco1
IMG_7707.JPG,68544,8/11/2012,Trichoscypha patens (Oliv.) Engl.,3.40366,13.665,50,Pallisco,"1ha plot pallisco1, tag 272",9939,IRD plot,525,272,pallisco1
IMG_7708.JPG,68544,8/11/2012,Trichoscypha patens (Oliv.) Engl.,3.40366,13.665,50,Pallisco,"1ha plot pallisco1, tag 272",9939,IRD plot,525,272,pallisco1
IMG_7709.JPG,68544,8/11/2012,Trichoscypha patens (Oliv.) Engl.,3.40366,13.665,50,Pallisco,"1ha plot pallisco1, tag 272",9939,IRD plot,525,272,pallisco1
IMG_7710.JPG,68544,8/11/2012,Trichoscypha patens (Oliv.) Engl.,3.40366,13.665,50,Pallisco,"1ha plot pallisco1, tag 272",9939,IRD plot,525,272,pallisco1
IMG_7711.JPG,68544,8/11/2012,Trichoscypha patens (Oliv.) Engl.,3.40366,13.665,50,Pallisco,"1ha plot pallisco1, tag 272",9939,IRD plot,525,272,pallisco1
IMG_7712.JPG,68544,8/11/2012,Trichoscypha patens (Oliv.) Engl.,3.40366,13.665,50,Pallisco,"1ha plot pallisco1, tag 272",9939,IRD plot,525,272,pallisco1
IMG_7713.JPG,68543,8/11/2012,NA,3.40366,13.665,50,Pallisco,"1ha plot pallisco1, tag 273",9937,IRD plot,523,273,pallisco1
IMG_7714.JPG,68543,8/11/2012,NA,3.40366,13.665,50,Pallisco,"1ha plot pallisco1, tag 273",9937,IRD plot,523,273,pallisco1
IMG_7715.JPG,68543,8/11/2012,NA,3.40366,13.665,50,Pallisco,"1ha plot pallisco1, tag 273",9937,IRD plot,523,273,pallisco1
IMG_7716.JPG,68543,8/11/2012,NA,3.40366,13.665,50,Pallisco,"1ha plot pallisco1, tag 273",9937,IRD plot,523,273,pallisco1
IMG_7717.JPG,68543,8/11/2012,NA,3.40366,13.665,50,Pallisco,"1ha plot pallisco1, tag 273",9937,IRD plot,523,273,pallisco1
IMG_7718.JPG,68543,8/11/2012,NA,3.40366,13.665,50,Pallisco,"1ha plot pallisco1, tag 273",9937,IRD plot,523,273,pallisco1
IMG_7719.JPG,68543,8/11/2012,NA,3.40366,13.665,50,Pallisco,"1ha plot pallisco1, tag 273",9937,IRD plot,523,273,pallisco1
IMG_7720.JPG,68542,8/11/2012,NA,3.40366,13.665,50,Pallisco,"1ha plot pallisco1, tag 276",9953,IRD plot,539,276,pallisco1
IMG_7721.JPG,68542,8/11/2012,NA,3.40366,13.665,50,Pallisco,"1ha plot pallisco1, tag 276",9953,IRD plot,539,276,pallisco1
IMG_7722.JPG,68542,8/11/2012,NA,3.40366,13.665,50,Pallisco,"1ha plot pallisco1, tag 276",9953,IRD plot,539,276,pallisco1
IMG_7723.JPG,68542,8/11/2012,NA,3.40366,13.665,50,Pallisco,"1ha plot pallisco1, tag 276",9953,IRD plot,539,276,pallisco1
IMG_7724.JPG,68542,8/11/2012,NA,3.40366,13.665,50,Pallisco,"1ha plot pallisco1, tag 276",9953,IRD plot,539,276,pallisco1
IMG_7725.JPG,68542,8/11/2012,NA,3.40366,13.665,50,Pallisco,"1ha plot pallisco1, tag 276",9953,IRD plot,539,276,pallisco1
IMG_7726.JPG,68542,8/11/2012,NA,3.40366,13.665,50,Pallisco,"1ha plot pallisco1, tag 276",9953,IRD plot,539,276,pallisco1
IMG_7727.JPG,68542,8/11/2012,NA,3.40366,13.665,50,Pallisco,"1ha plot pallisco1, tag 276",9953,IRD plot,539,276,pallisco1
IMG_7728.JPG,68541,8/11/2012,Afrostyrax lepidophyllus Mildbr.,3.40366,13.665,50,Pallisco,"1ha plot pallisco1, tag 287",9938,IRD plot,524,287,pallisco1
IMG_7729.JPG,68541,8/11/2012,Afrostyrax lepidophyllus Mildbr.,3.40366,13.665,50,Pallisco,"1ha plot pallisco1, tag 287",9938,IRD plot,524,287,pallisco1
IMG_7730.JPG,68541,8/11/2012,Afrostyrax lepidophyllus Mildbr.,3.40366,13.665,50,Pallisco,"1ha plot pallisco1, tag 287",9938,IRD plot,524,287,pallisco1
IMG_7731.JPG,68541,8/11/2012,Afrostyrax lepidophyllus Mildbr.,3.40366,13.665,50,Pallisco,"1ha plot pallisco1, tag 287",9938,IRD plot,524,287,pallisco1
IMG_7732.JPG,68541,8/11/2012,Afrostyrax lepidophyllus Mildbr.,3.40366,13.665,50,Pallisco,"1ha plot pallisco1, tag 287",9938,IRD plot,524,287,pallisco1
IMG_7733.JPG,68541,8/11/2012,Afrostyrax lepidophyllus Mildbr.,3.40366,13.665,50,Pallisco,"1ha plot pallisco1, tag 287",9938,IRD plot,524,287,pallisco1
IMG_7734.JPG,69003,8/11/2012,Pancovia laurentii (De Wild.) Gilg ex De Wild.,3.40366,13.665,50,Pallisco,"1ha plot pallisco1, tag 288",9951,IRD plot,537,288,pallisco1
IMG_7735.JPG,69003,8/11/2012,Pancovia laurentii (De Wild.) Gilg ex De Wild.,3.40366,13.665,50,Pallisco,"1ha plot pallisco1, tag 288",9951,IRD plot,537,288,pallisco1
IMG_7736.JPG,69003,8/11/2012,Pancovia laurentii (De Wild.) Gilg ex De Wild.,3.40366,13.665,50,Pallisco,"1ha plot pallisco1, tag 288",9951,IRD plot,537,288,pallisco1
IMG_7742.JPG,69145,8/11/2012,Drypetes ituriensis Pax & K.Hoffm.,3.40366,13.665,50,Pallisco,"1ha plot pallisco1, tag 290",9916,IRD plot,502,290,pallisco1
IMG_7743.JPG,69145,8/11/2012,Drypetes ituriensis Pax & K.Hoffm.,3.40366,13.665,50,Pallisco,"1ha plot pallisco1, tag 290",9916,IRD plot,502,290,pallisco1
IMG_7744.JPG,69145,8/11/2012,Drypetes ituriensis Pax & K.Hoffm.,3.40366,13.665,50,Pallisco,"1ha plot pallisco1, tag 290",9916,IRD plot,502,290,pallisco1
IMG_7746.JPG,68538,8/11/2012,Desbordesia glaucescens (Engl.) Tiegh.,3.40366,13.665,50,Pallisco,"1ha plot pallisco1, tag 293",9952,IRD plot,538,293,pallisco1
IMG_7747.JPG,68538,8/11/2012,Desbordesia glaucescens (Engl.) Tiegh.,3.40366,13.665,50,Pallisco,"1ha plot pallisco1, tag 293",9952,IRD plot,538,293,pallisco1
IMG_7748.JPG,68538,8/11/2012,Desbordesia glaucescens (Engl.) Tiegh.,3.40366,13.665,50,Pallisco,"1ha plot pallisco1, tag 293",9952,IRD plot,538,293,pallisco1
IMG_7749.JPG,68538,8/11/2012,Desbordesia glaucescens (Engl.) Tiegh.,3.40366,13.665,50,Pallisco,"1ha plot pallisco1, tag 293",9952,IRD plot,538,293,pallisco1
IMG_7750.JPG,68538,8/11/2012,Desbordesia glaucescens (Engl.) Tiegh.,3.40366,13.665,50,Pallisco,"1ha plot pallisco1, tag 293",9952,IRD plot,538,293,pallisco1
IMG_7751.JPG,69425,8/11/2012,Entandrophragma cylindricum (Sprague) Sprague,3.40366,13.665,50,Pallisco,"1ha plot pallisco1, tag 303",NA,NA,NA,303,pallisco1
IMG_7752.JPG,69425,8/11/2012,Entandrophragma cylindricum (Sprague) Sprague,3.40366,13.665,50,Pallisco,"1ha plot pallisco1, tag 303",NA,NA,NA,303,pallisco1
IMG_7753.JPG,69425,8/11/2012,Entandrophragma cylindricum (Sprague) Sprague,3.40366,13.665,50,Pallisco,"1ha plot pallisco1, tag 303",NA,NA,NA,303,pallisco1
IMG_7754.JPG,69425,8/11/2012,Entandrophragma cylindricum (Sprague) Sprague,3.40366,13.665,50,Pallisco,"1ha plot pallisco1, tag 303",NA,NA,NA,303,pallisco1
IMG_7755.JPG,69425,8/11/2012,Entandrophragma cylindricum (Sprague) Sprague,3.40366,13.665,50,Pallisco,"1ha plot pallisco1, tag 303",NA,NA,NA,303,pallisco1
IMG_7756.JPG,69425,8/11/2012,Entandrophragma cylindricum (Sprague) Sprague,3.40366,13.665,50,Pallisco,"1ha plot pallisco1, tag 303",NA,NA,NA,303,pallisco1
IMG_7757.JPG,69002,8/11/2012,Pancovia laurentii (De Wild.) Gilg ex De Wild.,3.40366,13.665,50,Pallisco,"1ha plot pallisco1, tag 306",9951,IRD plot,537,306,pallisco1
IMG_7758.JPG,69002,8/11/2012,Pancovia laurentii (De Wild.) Gilg ex De Wild.,3.40366,13.665,50,Pallisco,"1ha plot pallisco1, tag 306",9951,IRD plot,537,306,pallisco1
IMG_7759.JPG,69002,8/11/2012,Pancovia laurentii (De Wild.) Gilg ex De Wild.,3.40366,13.665,50,Pallisco,"1ha plot pallisco1, tag 306",9951,IRD plot,537,306,pallisco1
IMG_7764.JPG,70149,8/11/2012,Uapaca guineensis Müll.Arg.,3.40366,13.665,50,Pallisco,"1ha plot pallisco1, tag 313",NA,NA,NA,313,pallisco1
IMG_7766.JPG,70149,8/11/2012,Uapaca guineensis Müll.Arg.,3.40366,13.665,50,Pallisco,"1ha plot pallisco1, tag 313",NA,NA,NA,313,pallisco1
IMG_7767.JPG,70149,8/11/2012,Uapaca guineensis Müll.Arg.,3.40366,13.665,50,Pallisco,"1ha plot pallisco1, tag 313",NA,NA,NA,313,pallisco1
IMG_7768.JPG,70149,8/11/2012,Uapaca guineensis Müll.Arg.,3.40366,13.665,50,Pallisco,"1ha plot pallisco1, tag 313",NA,NA,NA,313,pallisco1
IMG_7774.JPG,68536,8/11/2012,Chrysophyllum boukokoense (Aubrév. & Pellegr.) L.Gaut.,3.40366,13.665,50,Pallisco,"1ha plot pallisco1, tag 327",9954,IRD plot,540,327,pallisco1
IMG_7775.JPG,68536,8/11/2012,Chrysophyllum boukokoense (Aubrév. & Pellegr.) L.Gaut.,3.40366,13.665,50,Pallisco,"1ha plot pallisco1, tag 327",9954,IRD plot,540,327,pallisco1
IMG_7776.JPG,68536,8/11/2012,Chrysophyllum boukokoense (Aubrév. & Pellegr.) L.Gaut.,3.40366,13.665,50,Pallisco,"1ha plot pallisco1, tag 327",9954,IRD plot,540,327,pallisco1
IMG_7777.JPG,69491,8/11/2012,NA,3.40366,13.665,50,Pallisco,"1ha plot pallisco1, tag 328",NA,NA,NA,328,pallisco1
IMG_7778.JPG,69491,8/11/2012,NA,3.40366,13.665,50,Pallisco,"1ha plot pallisco1, tag 328",NA,NA,NA,328,pallisco1
IMG_7779.JPG,69491,8/11/2012,NA,3.40366,13.665,50,Pallisco,"1ha plot pallisco1, tag 328",NA,NA,NA,328,pallisco1
IMG_7780.JPG,69491,8/11/2012,NA,3.40366,13.665,50,Pallisco,"1ha plot pallisco1, tag 328",NA,NA,NA,328,pallisco1
IMG_7781.JPG,69491,8/11/2012,NA,3.40366,13.665,50,Pallisco,"1ha plot pallisco1, tag 328",NA,NA,NA,328,pallisco1
IMG_7782.JPG,69491,8/11/2012,NA,3.40366,13.665,50,Pallisco,"1ha plot pallisco1, tag 328",NA,NA,NA,328,pallisco1
IMG_7783.JPG,69429,8/11/2012,Fernandoa adolfi-friderici (Gilg & Mildbr.) Heine,3.40366,13.665,50,Pallisco,"1ha plot pallisco1, tag 337",NA,NA,NA,337,pallisco1
IMG_7784.JPG,69429,8/11/2012,Fernandoa adolfi-friderici (Gilg & Mildbr.) Heine,3.40366,13.665,50,Pallisco,"1ha plot pallisco1, tag 337",NA,NA,NA,337,pallisco1
IMG_7785.JPG,69429,8/11/2012,Fernandoa adolfi-friderici (Gilg & Mildbr.) Heine,3.40366,13.665,50,Pallisco,"1ha plot pallisco1, tag 337",NA,NA,NA,337,pallisco1
IMG_7786.JPG,68535,8/11/2012,Leplaea thompsonii (Sprague & Hutch.) E.J.M.Koenen & J.J.de Wilde,3.40366,13.665,50,Pallisco,"1ha plot pallisco1, tag 344",9956,IRD plot,542,344,pallisco1
IMG_7787.JPG,68535,8/11/2012,Leplaea thompsonii (Sprague & Hutch.) E.J.M.Koenen & J.J.de Wilde,3.40366,13.665,50,Pallisco,"1ha plot pallisco1, tag 344",9956,IRD plot,542,344,pallisco1
IMG_7788.JPG,68535,8/11/2012,Leplaea thompsonii (Sprague & Hutch.) E.J.M.Koenen & J.J.de Wilde,3.40366,13.665,50,Pallisco,"1ha plot pallisco1, tag 344",9956,IRD plot,542,344,pallisco1
IMG_7789.JPG,68535,8/11/2012,Leplaea thompsonii (Sprague & Hutch.) E.J.M.Koenen & J.J.de Wilde,3.40366,13.665,50,Pallisco,"1ha plot pallisco1, tag 344",9956,IRD plot,542,344,pallisco1
IMG_7790.JPG,68535,8/11/2012,Leplaea thompsonii (Sprague & Hutch.) E.J.M.Koenen & J.J.de Wilde,3.40366,13.665,50,Pallisco,"1ha plot pallisco1, tag 344",9956,IRD plot,542,344,pallisco1
IMG_7791.JPG,68535,8/11/2012,Leplaea thompsonii (Sprague & Hutch.) E.J.M.Koenen & J.J.de Wilde,3.40366,13.665,50,Pallisco,"1ha plot pallisco1, tag 344",9956,IRD plot,542,344,pallisco1
IMG_7792.JPG,68534,8/11/2012,Brenania brieyi (De Wild.) E.M.A.Petit,3.40366,13.665,50,Pallisco,"1ha plot pallisco1, tag 345",9955,IRD plot,541,345,pallisco1
IMG_7793.JPG,68534,8/11/2012,Brenania brieyi (De Wild.) E.M.A.Petit,3.40366,13.665,50,Pallisco,"1ha plot pallisco1, tag 345",9955,IRD plot,541,345,pallisco1
IMG_7794.JPG,68534,8/11/2012,Brenania brieyi (De Wild.) E.M.A.Petit,3.40366,13.665,50,Pallisco,"1ha plot pallisco1, tag 345",9955,IRD plot,541,345,pallisco1
IMG_7795.JPG,68534,8/11/2012,Brenania brieyi (De Wild.) E.M.A.Petit,3.40366,13.665,50,Pallisco,"1ha plot pallisco1, tag 345",9955,IRD plot,541,345,pallisco1
IMG_7796.JPG,68534,8/11/2012,Brenania brieyi (De Wild.) E.M.A.Petit,3.40366,13.665,50,Pallisco,"1ha plot pallisco1, tag 345",9955,IRD plot,541,345,pallisco1
IMG_7797.JPG,68533,8/11/2012,Centroplacus glaucinus Pierre,3.40366,13.665,50,Pallisco,"1ha plot pallisco1, tag 347",9961,IRD plot,547,347,pallisco1
IMG_7798.JPG,68533,8/11/2012,Centroplacus glaucinus Pierre,3.40366,13.665,50,Pallisco,"1ha plot pallisco1, tag 347",9961,IRD plot,547,347,pallisco1
IMG_7799.JPG,68533,8/11/2012,Centroplacus glaucinus Pierre,3.40366,13.665,50,Pallisco,"1ha plot pallisco1, tag 347",9961,IRD plot,547,347,pallisco1
IMG_7800.JPG,68533,8/11/2012,Centroplacus glaucinus Pierre,3.40366,13.665,50,Pallisco,"1ha plot pallisco1, tag 347",9961,IRD plot,547,347,pallisco1
IMG_7801.JPG,68533,8/11/2012,Centroplacus glaucinus Pierre,3.40366,13.665,50,Pallisco,"1ha plot pallisco1, tag 347",9961,IRD plot,547,347,pallisco1
IMG_7802.JPG,68532,8/11/2012,NA,3.40366,13.665,50,Pallisco,"1ha plot pallisco1, tag 352",9959,IRD plot,545,352,pallisco1
IMG_7803.JPG,68532,8/11/2012,NA,3.40366,13.665,50,Pallisco,"1ha plot pallisco1, tag 352",9959,IRD plot,545,352,pallisco1
IMG_7804.JPG,68532,8/11/2012,NA,3.40366,13.665,50,Pallisco,"1ha plot pallisco1, tag 352",9959,IRD plot,545,352,pallisco1
IMG_7805.JPG,68532,8/11/2012,NA,3.40366,13.665,50,Pallisco,"1ha plot pallisco1, tag 352",9959,IRD plot,545,352,pallisco1
IMG_7806.JPG,68532,8/11/2012,NA,3.40366,13.665,50,Pallisco,"1ha plot pallisco1, tag 352",9959,IRD plot,545,352,pallisco1
IMG_7807.JPG,68531,8/11/2012,Coelocaryon preussii Warb.,3.40366,13.665,50,Pallisco,"1ha plot pallisco1, tag 366",9957,IRD plot,543,366,pallisco1
IMG_7808.JPG,68531,8/11/2012,Coelocaryon preussii Warb.,3.40366,13.665,50,Pallisco,"1ha plot pallisco1, tag 366",9957,IRD plot,543,366,pallisco1
IMG_7809.JPG,68531,8/11/2012,Coelocaryon preussii Warb.,3.40366,13.665,50,Pallisco,"1ha plot pallisco1, tag 366",9957,IRD plot,543,366,pallisco1
IMG_7810.JPG,68531,8/11/2012,Coelocaryon preussii Warb.,3.40366,13.665,50,Pallisco,"1ha plot pallisco1, tag 366",9957,IRD plot,543,366,pallisco1
IMG_7811.JPG,68531,8/11/2012,Coelocaryon preussii Warb.,3.40366,13.665,50,Pallisco,"1ha plot pallisco1, tag 366",9957,IRD plot,543,366,pallisco1
IMG_7812.JPG,68530,8/11/2012,Lepidobotrys staudtii Engl.,3.40366,13.665,50,Pallisco,"1ha plot pallisco1, tag 385",9958,IRD plot,544,385,pallisco1
IMG_7813.JPG,68530,8/11/2012,Lepidobotrys staudtii Engl.,3.40366,13.665,50,Pallisco,"1ha plot pallisco1, tag 385",9958,IRD plot,544,385,pallisco1
IMG_7815.JPG,68530,8/11/2012,Lepidobotrys staudtii Engl.,3.40366,13.665,50,Pallisco,"1ha plot pallisco1, tag 385",9958,IRD plot,544,385,pallisco1
IMG_7816.JPG,68530,8/11/2012,Lepidobotrys staudtii Engl.,3.40366,13.665,50,Pallisco,"1ha plot pallisco1, tag 385",9958,IRD plot,544,385,pallisco1
IMG_7817.JPG,68530,8/11/2012,Lepidobotrys staudtii Engl.,3.40366,13.665,50,Pallisco,"1ha plot pallisco1, tag 385",9958,IRD plot,544,385,pallisco1
IMG_7818.JPG,69492,8/11/2012,NA,3.40366,13.665,50,Pallisco,"1ha plot pallisco1, tag 391",NA,NA,NA,391,pallisco1
IMG_7819.JPG,69492,8/11/2012,NA,3.40366,13.665,50,Pallisco,"1ha plot pallisco1, tag 391",NA,NA,NA,391,pallisco1
IMG_7820.JPG,69492,8/11/2012,NA,3.40366,13.665,50,Pallisco,"1ha plot pallisco1, tag 391",NA,NA,NA,391,pallisco1
IMG_7821.JPG,68529,8/11/2012,Brieya fasciculatum De Wild.,3.40366,13.665,50,Pallisco,"1ha plot pallisco1, tag 398",9962,IRD plot,548,398,pallisco1
IMG_7822.JPG,68529,8/11/2012,Brieya fasciculatum De Wild.,3.40366,13.665,50,Pallisco,"1ha plot pallisco1, tag 398",9962,IRD plot,548,398,pallisco1
IMG_7823.JPG,68529,8/11/2012,Brieya fasciculatum De Wild.,3.40366,13.665,50,Pallisco,"1ha plot pallisco1, tag 398",9962,IRD plot,548,398,pallisco1
IMG_7824.JPG,68529,8/11/2012,Brieya fasciculatum De Wild.,3.40366,13.665,50,Pallisco,"1ha plot pallisco1, tag 398",9962,IRD plot,548,398,pallisco1
IMG_7825.JPG,68529,8/11/2012,Brieya fasciculatum De Wild.,3.40366,13.665,50,Pallisco,"1ha plot pallisco1, tag 398",9962,IRD plot,548,398,pallisco1
IMG_7826.JPG,68920,8/11/2012,Xylopia staudtii Engl. & Diels,3.40366,13.665,50,Pallisco,"1ha plot pallisco1, tag 396",9963,IRD plot,549,396,pallisco1
IMG_7827.JPG,68920,8/11/2012,Xylopia staudtii Engl. & Diels,3.40366,13.665,50,Pallisco,"1ha plot pallisco1, tag 396",9963,IRD plot,549,396,pallisco1
IMG_7828.JPG,68920,8/11/2012,Xylopia staudtii Engl. & Diels,3.40366,13.665,50,Pallisco,"1ha plot pallisco1, tag 396",9963,IRD plot,549,396,pallisco1
IMG_7830.JPG,68920,8/11/2012,Xylopia staudtii Engl. & Diels,3.40366,13.665,50,Pallisco,"1ha plot pallisco1, tag 396",9963,IRD plot,549,396,pallisco1
IMG_7831.JPG,68528,8/11/2012,Xylopia letestui Pellegr.,3.40366,13.665,50,Pallisco,"1ha plot pallisco1, tag 405",9960,IRD plot,546,405,pallisco1
IMG_7832.JPG,68528,8/11/2012,Xylopia letestui Pellegr.,3.40366,13.665,50,Pallisco,"1ha plot pallisco1, tag 405",9960,IRD plot,546,405,pallisco1
IMG_7833.JPG,68528,8/11/2012,Xylopia letestui Pellegr.,3.40366,13.665,50,Pallisco,"1ha plot pallisco1, tag 405",9960,IRD plot,546,405,pallisco1
IMG_7834.JPG,68528,8/11/2012,Xylopia letestui Pellegr.,3.40366,13.665,50,Pallisco,"1ha plot pallisco1, tag 405",9960,IRD plot,546,405,pallisco1
IMG_7835.JPG,68528,8/11/2012,Xylopia letestui Pellegr.,3.40366,13.665,50,Pallisco,"1ha plot pallisco1, tag 405",9960,IRD plot,546,405,pallisco1
IMG_7836.JPG,68575,8/11/2012,Milicia excelsa (Welw.) C.C.Berg,3.40366,13.665,50,Pallisco,"1ha plot pallisco1, tag 410",10016,IRD plot,602,410,pallisco1
IMG_7837.JPG,68575,8/11/2012,Milicia excelsa (Welw.) C.C.Berg,3.40366,13.665,50,Pallisco,"1ha plot pallisco1, tag 410",10016,IRD plot,602,410,pallisco1
IMG_7838.JPG,69505,8/11/2012,Irvingia robur Mildbr.,3.40366,13.665,50,Pallisco,"1ha plot pallisco1, tag 420",NA,NA,NA,420,pallisco1
IMG_7839.JPG,69505,8/11/2012,Irvingia robur Mildbr.,3.40366,13.665,50,Pallisco,"1ha plot pallisco1, tag 420",NA,NA,NA,420,pallisco1
IMG_7841.JPG,69493,8/11/2012,NA,3.40366,13.665,50,Pallisco,"1ha plot pallisco1, tag 422",NA,NA,NA,422,pallisco1
IMG_7842.JPG,69493,8/11/2012,NA,3.40366,13.665,50,Pallisco,"1ha plot pallisco1, tag 422",NA,NA,NA,422,pallisco1
IMG_7843.JPG,68527,8/11/2012,Xylopia staudtii Engl. & Diels,3.40366,13.665,50,Pallisco,"1ha plot pallisco1, tag 425",9963,IRD plot,549,425,pallisco1
IMG_7844.JPG,68527,8/11/2012,Xylopia staudtii Engl. & Diels,3.40366,13.665,50,Pallisco,"1ha plot pallisco1, tag 425",9963,IRD plot,549,425,pallisco1
IMG_7845.JPG,68527,8/11/2012,Xylopia staudtii Engl. & Diels,3.40366,13.665,50,Pallisco,"1ha plot pallisco1, tag 425",9963,IRD plot,549,425,pallisco1
IMG_7846.JPG,68527,8/11/2012,Xylopia staudtii Engl. & Diels,3.40366,13.665,50,Pallisco,"1ha plot pallisco1, tag 425",9963,IRD plot,549,425,pallisco1
IMG_7847.JPG,68527,8/11/2012,Xylopia staudtii Engl. & Diels,3.40366,13.665,50,Pallisco,"1ha plot pallisco1, tag 425",9963,IRD plot,549,425,pallisco1
xMG_7561.JPG,68565,8/11/2012,Drypetes ituriensis Pax & K.Hoffm.,3.40366,13.665,50,Pallisco,"1ha plot pallisco1, tag 1",9916,IRD plot,502,1,pallisco1
xMG_7562.JPG,68565,8/11/2012,Drypetes ituriensis Pax & K.Hoffm.,3.40366,13.665,50,Pallisco,"1ha plot pallisco1, tag 1",9916,IRD plot,502,1,pallisco1
xMG_7563.JPG,68565,8/11/2012,Drypetes ituriensis Pax & K.Hoffm.,3.40366,13.665,50,Pallisco,"1ha plot pallisco1, tag 1",9916,IRD plot,502,1,pallisco1
xMG_7564.JPG,68565,8/11/2012,Drypetes ituriensis Pax & K.Hoffm.,3.40366,13.665,50,Pallisco,"1ha plot pallisco1, tag 1",9916,IRD plot,502,1,pallisco1
xMG_7565.JPG,68565,8/11/2012,Drypetes ituriensis Pax & K.Hoffm.,3.40366,13.665,50,Pallisco,"1ha plot pallisco1, tag 1",9916,IRD plot,502,1,pallisco1
xMG_7566.JPG,68565,8/11/2012,Drypetes ituriensis Pax & K.Hoffm.,3.40366,13.665,50,Pallisco,"1ha plot pallisco1, tag 1",9916,IRD plot,502,1,pallisco1
xMG_7567.JPG,68565,8/11/2012,Drypetes ituriensis Pax & K.Hoffm.,3.40366,13.665,50,Pallisco,"1ha plot pallisco1, tag 1",9916,IRD plot,502,1,pallisco1
xMG_7568.JPG,68565,8/11/2012,Drypetes ituriensis Pax & K.Hoffm.,3.40366,13.665,50,Pallisco,"1ha plot pallisco1, tag 1",9916,IRD plot,502,1,pallisco1
xMG_7569.JPG,68565,8/11/2012,Drypetes ituriensis Pax & K.Hoffm.,3.40366,13.665,50,Pallisco,"1ha plot pallisco1, tag 1",9916,IRD plot,502,1,pallisco1
xMG_7570.JPG,68565,8/11/2012,Drypetes ituriensis Pax & K.Hoffm.,3.40366,13.665,50,Pallisco,"1ha plot pallisco1, tag 1",9916,IRD plot,502,1,pallisco1
xMG_7571.JPG,70061,8/11/2012,Strombosiopsis tetrandra Engl.,3.40366,13.665,50,Pallisco,"1ha plot pallisco1, tag 11",NA,NA,NA,11,pallisco1
xMG_7572.JPG,70061,8/11/2012,Strombosiopsis tetrandra Engl.,3.40366,13.665,50,Pallisco,"1ha plot pallisco1, tag 11",NA,NA,NA,11,pallisco1
xMG_7573.JPG,70061,8/11/2012,Strombosiopsis tetrandra Engl.,3.40366,13.665,50,Pallisco,"1ha plot pallisco1, tag 11",NA,NA,NA,11,pallisco1
xMG_7574.JPG,70061,8/11/2012,Strombosiopsis tetrandra Engl.,3.40366,13.665,50,Pallisco,"1ha plot pallisco1, tag 11",NA,NA,NA,11,pallisco1
xMG_7575.JPG,70061,8/11/2012,Strombosiopsis tetrandra Engl.,3.40366,13.665,50,Pallisco,"1ha plot pallisco1, tag 11",NA,NA,NA,11,pallisco1
xMG_7576.JPG,70061,8/11/2012,Strombosiopsis tetrandra Engl.,3.40366,13.665,50,Pallisco,"1ha plot pallisco1, tag 11",NA,NA,NA,11,pallisco1
xMG_7577.JPG,70061,8/11/2012,Strombosiopsis tetrandra Engl.,3.40366,13.665,50,Pallisco,"1ha plot pallisco1, tag 11",NA,NA,NA,11,pallisco1
xMG_7578.JPG,70061,8/11/2012,Strombosiopsis tetrandra Engl.,3.40366,13.665,50,Pallisco,"1ha plot pallisco1, tag 11",NA,NA,NA,11,pallisco1
xMG_7579.JPG,70061,8/11/2012,Strombosiopsis tetrandra Engl.,3.40366,13.665,50,Pallisco,"1ha plot pallisco1, tag 11",NA,NA,NA,11,pallisco1
xMG_7580.JPG,70061,8/11/2012,Strombosiopsis tetrandra Engl.,3.40366,13.665,50,Pallisco,"1ha plot pallisco1, tag 11",NA,NA,NA,11,pallisco1
xMG_7581.JPG,69766,8/11/2012,Greenwayodendron suaveolens (Engl. & Diels) Verdc.,3.40366,13.665,50,Pallisco,"1ha plot pallisco1, tag 13",NA,NA,NA,13,pallisco1
xMG_7582.JPG,69766,8/11/2012,Greenwayodendron suaveolens (Engl. & Diels) Verdc.,3.40366,13.665,50,Pallisco,"1ha plot pallisco1, tag 13",NA,NA,NA,13,pallisco1
xMG_7583.JPG,69766,8/11/2012,Greenwayodendron suaveolens (Engl. & Diels) Verdc.,3.40366,13.665,50,Pallisco,"1ha plot pallisco1, tag 13",NA,NA,NA,13,pallisco1
xMG_7584.JPG,69766,8/11/2012,Greenwayodendron suaveolens (Engl. & Diels) Verdc.,3.40366,13.665,50,Pallisco,"1ha plot pallisco1, tag 13",NA,NA,NA,13,pallisco1
xMG_7585.JPG,69766,8/11/2012,Greenwayodendron suaveolens (Engl. & Diels) Verdc.,3.40366,13.665,50,Pallisco,"1ha plot pallisco1, tag 13",NA,NA,NA,13,pallisco1
xMG_7586.JPG,69766,8/11/2012,Greenwayodendron suaveolens (Engl. & Diels) Verdc.,3.40366,13.665,50,Pallisco,"1ha plot pallisco1, tag 13",NA,NA,NA,13,pallisco1
xMG_7587.JPG,68578,8/11/2012,Celtis mildbraedii Engl.,3.40366,13.665,50,Pallisco,"1ha plot pallisco1, tag 16",10032,IRD plot,620,16,pallisco1
xMG_7588.JPG,68578,8/11/2012,Celtis mildbraedii Engl.,3.40366,13.665,50,Pallisco,"1ha plot pallisco1, tag 16",10032,IRD plot,620,16,pallisco1
xMG_7589.JPG,68578,8/11/2012,Celtis mildbraedii Engl.,3.40366,13.665,50,Pallisco,"1ha plot pallisco1, tag 16",10032,IRD plot,620,16,pallisco1
xMG_7590.JPG,68578,8/11/2012,Celtis mildbraedii Engl.,3.40366,13.665,50,Pallisco,"1ha plot pallisco1, tag 16",10032,IRD plot,620,16,pallisco1
xMG_7591.JPG,68578,8/11/2012,Celtis mildbraedii Engl.,3.40366,13.665,50,Pallisco,"1ha plot pallisco1, tag 16",10032,IRD plot,620,16,pallisco1
xMG_7592.JPG,68559,8/11/2012,Trichoscypha acuminata Engl.,3.40366,13.665,50,Pallisco,"1ha plot pallisco1, tag 17",9914,IRD plot,500,17,pallisco1
xMG_7593.JPG,68559,8/11/2012,Trichoscypha acuminata Engl.,3.40366,13.665,50,Pallisco,"1ha plot pallisco1, tag 17",9914,IRD plot,500,17,pallisco1
xMG_7594.JPG,68559,8/11/2012,Trichoscypha acuminata Engl.,3.40366,13.665,50,Pallisco,"1ha plot pallisco1, tag 17",9914,IRD plot,500,17,pallisco1
xMG_7595.JPG,68559,8/11/2012,Trichoscypha acuminata Engl.,3.40366,13.665,50,Pallisco,"1ha plot pallisco1, tag 17",9914,IRD plot,500,17,pallisco1
xMG_7596.JPG,68559,8/11/2012,Trichoscypha acuminata Engl.,3.40366,13.665,50,Pallisco,"1ha plot pallisco1, tag 17",9914,IRD plot,500,17,pallisco1
xMG_7597.JPG,68559,8/11/2012,Trichoscypha acuminata Engl.,3.40366,13.665,50,Pallisco,"1ha plot pallisco1, tag 17",9914,IRD plot,500,17,pallisco1
xMG_7598.JPG,68559,8/11/2012,Trichoscypha acuminata Engl.,3.40366,13.665,50,Pallisco,"1ha plot pallisco1, tag 17",9914,IRD plot,500,17,pallisco1
xMG_7599.JPG,68559,8/11/2012,Trichoscypha acuminata Engl.,3.40366,13.665,50,Pallisco,"1ha plot pallisco1, tag 17",9914,IRD plot,500,17,pallisco1
xMG_7600.JPG,68553,8/11/2012,Lepidobotrys staudtii Engl.,3.40366,13.665,50,Pallisco,"1ha plot pallisco1, tag 20",9915,IRD plot,501,20,pallisco1
xMG_7601.JPG,68553,8/11/2012,Lepidobotrys staudtii Engl.,3.40366,13.665,50,Pallisco,"1ha plot pallisco1, tag 20",9915,IRD plot,501,20,pallisco1
xMG_7604.JPG,68553,8/11/2012,Lepidobotrys staudtii Engl.,3.40366,13.665,50,Pallisco,"1ha plot pallisco1, tag 20",9915,IRD plot,501,20,pallisco1
xMG_7605.JPG,68553,8/11/2012,Lepidobotrys staudtii Engl.,3.40366,13.665,50,Pallisco,"1ha plot pallisco1, tag 20",9915,IRD plot,501,20,pallisco1
xMG_7606.JPG,68553,8/11/2012,Lepidobotrys staudtii Engl.,3.40366,13.665,50,Pallisco,"1ha plot pallisco1, tag 20",9915,IRD plot,501,20,pallisco1
xMG_7607.JPG,68553,8/11/2012,Lepidobotrys staudtii Engl.,3.40366,13.665,50,Pallisco,"1ha plot pallisco1, tag 20",9915,IRD plot,501,20,pallisco1
xMG_7608.JPG,68549,8/11/2012,Diospyros crassiflora Hiern,3.40366,13.665,50,Pallisco,"1ha plot pallisco1, tag 23",9917,IRD plot,503,23,pallisco1
xMG_7609.JPG,68549,8/11/2012,Diospyros crassiflora Hiern,3.40366,13.665,50,Pallisco,"1ha plot pallisco1, tag 23",9917,IRD plot,503,23,pallisco1
xMG_7610.JPG,68549,8/11/2012,Diospyros crassiflora Hiern,3.40366,13.665,50,Pallisco,"1ha plot pallisco1, tag 23",9917,IRD plot,503,23,pallisco1
xMG_7611.JPG,68549,8/11/2012,Diospyros crassiflora Hiern,3.40366,13.665,50,Pallisco,"1ha plot pallisco1, tag 23",9917,IRD plot,503,23,pallisco1
xMG_7618.JPG,68539,8/11/2012,Irvingia gabonensis (Aubry-Lecomte ex O'Rorke) Baill.,3.40366,13.665,50,Pallisco,"1ha plot pallisco1, tag 29",9918,IRD plot,504,29,pallisco1
xMG_7619.JPG,68539,8/11/2012,Irvingia gabonensis (Aubry-Lecomte ex O'Rorke) Baill.,3.40366,13.665,50,Pallisco,"1ha plot pallisco1, tag 29",9918,IRD plot,504,29,pallisco1
xMG_7620.JPG,68539,8/11/2012,Irvingia gabonensis (Aubry-Lecomte ex O'Rorke) Baill.,3.40366,13.665,50,Pallisco,"1ha plot pallisco1, tag 29",9918,IRD plot,504,29,pallisco1
xMG_7621.JPG,68539,8/11/2012,Irvingia gabonensis (Aubry-Lecomte ex O'Rorke) Baill.,3.40366,13.665,50,Pallisco,"1ha plot pallisco1, tag 29",9918,IRD plot,504,29,pallisco1
xMG_7622.JPG,68539,8/11/2012,Irvingia gabonensis (Aubry-Lecomte ex O'Rorke) Baill.,3.40366,13.665,50,Pallisco,"1ha plot pallisco1, tag 29",9918,IRD plot,504,29,pallisco1
xMG_7623.JPG,68539,8/11/2012,Irvingia gabonensis (Aubry-Lecomte ex O'Rorke) Baill.,3.40366,13.665,50,Pallisco,"1ha plot pallisco1, tag 29",9918,IRD plot,504,29,pallisco1
xMG_7624.JPG,68539,8/11/2012,Irvingia gabonensis (Aubry-Lecomte ex O'Rorke) Baill.,3.40366,13.665,50,Pallisco,"1ha plot pallisco1, tag 29",9918,IRD plot,504,29,pallisco1
xMG_7625.JPG,69449,8/11/2012,Hylodendron gabunense Taub.,3.40366,13.665,50,Pallisco,"1ha plot pallisco1, tag 30",NA,NA,NA,30,pallisco1
xMG_7626.JPG,69449,8/11/2012,Hylodendron gabunense Taub.,3.40366,13.665,50,Pallisco,"1ha plot pallisco1, tag 30",NA,NA,NA,30,pallisco1
xMG_7627.JPG,69449,8/11/2012,Hylodendron gabunense Taub.,3.40366,13.665,50,Pallisco,"1ha plot pallisco1, tag 30",NA,NA,NA,30,pallisco1
xMG_7628.JPG,69487,8/11/2012,NA,3.40366,13.665,50,Pallisco,"1ha plot pallisco1, tag 33",NA,NA,NA,33,pallisco1
xMG_7629.JPG,69487,8/11/2012,NA,3.40366,13.665,50,Pallisco,"1ha plot pallisco1, tag 33",NA,NA,NA,33,pallisco1
xMG_7632.JPG,68594,8/11/2012,Entandrophragma candollei Harms,3.40366,13.665,50,Pallisco,"1ha plot pallisco1, tag 37",9996,IRD plot,582,37,pallisco1
xMG_7633.JPG,68594,8/11/2012,Entandrophragma candollei Harms,3.40366,13.665,50,Pallisco,"1ha plot pallisco1, tag 37",9996,IRD plot,582,37,pallisco1
xMG_7634.JPG,68594,8/11/2012,Entandrophragma candollei Harms,3.40366,13.665,50,Pallisco,"1ha plot pallisco1, tag 37",9996,IRD plot,582,37,pallisco1
xMG_7635.JPG,68594,8/11/2012,Entandrophragma candollei Harms,3.40366,13.665,50,Pallisco,"1ha plot pallisco1, tag 37",9996,IRD plot,582,37,pallisco1
xMG_7636.JPG,68594,8/11/2012,Entandrophragma candollei Harms,3.40366,13.665,50,Pallisco,"1ha plot pallisco1, tag 37",9996,IRD plot,582,37,pallisco1
xMG_7638.JPG,68594,8/11/2012,Entandrophragma candollei Harms,3.40366,13.665,50,Pallisco,"1ha plot pallisco1, tag 37",9996,IRD plot,582,37,pallisco1
xMG_7639.JPG,68929,8/11/2012,Pentaclethra macrophylla Benth.,3.40366,13.665,50,Pallisco,"1ha plot pallisco1, tag 40",10025,IRD plot,611,40,pallisco1
xMG_7640.JPG,68929,8/11/2012,Pentaclethra macrophylla Benth.,3.40366,13.665,50,Pallisco,"1ha plot pallisco1, tag 40",10025,IRD plot,611,40,pallisco1
xMG_7641.JPG,68929,8/11/2012,Pentaclethra macrophylla Benth.,3.40366,13.665,50,Pallisco,"1ha plot pallisco1, tag 40",10025,IRD plot,611,40,pallisco1
xMG_7642.JPG,68929,8/11/2012,Pentaclethra macrophylla Benth.,3.40366,13.665,50,Pallisco,"1ha plot pallisco1, tag 40",10025,IRD plot,611,40,pallisco1
xMG_7643.JPG,68929,8/11/2012,Pentaclethra macrophylla Benth.,3.40366,13.665,50,Pallisco,"1ha plot pallisco1, tag 40",10025,IRD plot,611,40,pallisco1
xMG_7644.JPG,68929,8/11/2012,Pentaclethra macrophylla Benth.,3.40366,13.665,50,Pallisco,"1ha plot pallisco1, tag 40",10025,IRD plot,611,40,pallisco1
xMG_7645.JPG,68526,8/11/2012,Uvariastrum pierreanum Engl. & Diels,3.40366,13.665,50,Pallisco,"1ha plot pallisco1, tag 44",9920,IRD plot,506,44,pallisco1
xMG_7646.JPG,68526,8/11/2012,Uvariastrum pierreanum Engl. & Diels,3.40366,13.665,50,Pallisco,"1ha plot pallisco1, tag 44",9920,IRD plot,506,44,pallisco1
xMG_7647.JPG,68526,8/11/2012,Uvariastrum pierreanum Engl. & Diels,3.40366,13.665,50,Pallisco,"1ha plot pallisco1, tag 44",9920,IRD plot,506,44,pallisco1
xMG_7648.JPG,68526,8/11/2012,Uvariastrum pierreanum Engl. & Diels,3.40366,13.665,50,Pallisco,"1ha plot pallisco1, tag 44",9920,IRD plot,506,44,pallisco1
xMG_7649.JPG,68526,8/11/2012,Uvariastrum pierreanum Engl. & Diels,3.40366,13.665,50,Pallisco,"1ha plot pallisco1, tag 44",9920,IRD plot,506,44,pallisco1
xMG_7662.JPG,68525,8/11/2012,Tabernaemontana crassa Benth.,3.40366,13.665,50,Pallisco,"1ha plot pallisco1, tag 47",9921,IRD plot,507,47,pallisco1
xMG_7663.JPG,68525,8/11/2012,Tabernaemontana crassa Benth.,3.40366,13.665,50,Pallisco,"1ha plot pallisco1, tag 47",9921,IRD plot,507,47,pallisco1
xMG_7664.JPG,68525,8/11/2012,Tabernaemontana crassa Benth.,3.40366,13.665,50,Pallisco,"1ha plot pallisco1, tag 47",9921,IRD plot,507,47,pallisco1
xMG_7665.JPG,68525,8/11/2012,Tabernaemontana crassa Benth.,3.40366,13.665,50,Pallisco,"1ha plot pallisco1, tag 47",9921,IRD plot,507,47,pallisco1
xMG_7666.JPG,68525,8/11/2012,Tabernaemontana crassa Benth.,3.40366,13.665,50,Pallisco,"1ha plot pallisco1, tag 47",9921,IRD plot,507,47,pallisco1
xMG_7667.JPG,68525,8/11/2012,Tabernaemontana crassa Benth.,3.40366,13.665,50,Pallisco,"1ha plot pallisco1, tag 47",9921,IRD plot,507,47,pallisco1
xMG_7668.JPG,68524,8/11/2012,Oncoba crepiniana De Wild. & T.Durand,3.40366,13.665,50,Pallisco,"1ha plot pallisco1, tag 49",9919,IRD plot,505,49,pallisco1
xMG_7669.JPG,68524,8/11/2012,Oncoba crepiniana De Wild. & T.Durand,3.40366,13.665,50,Pallisco,"1ha plot pallisco1, tag 49",9919,IRD plot,505,49,pallisco1
IMG_7860.JPG,68491,12/11/2012,Lasiodiscus marmoratus C.H.Wright,3.40365,13.676,50,Pallisco,"1ha plot pallisco2, tag 9",9967,IRD plot,553,9,pallisco2
IMG_7869.JPG,68491,12/11/2012,Lasiodiscus marmoratus C.H.Wright,3.40365,13.676,50,Pallisco,"1ha plot pallisco2, tag 9",9967,IRD plot,553,9,pallisco2
IMG_7870.JPG,68491,12/11/2012,Lasiodiscus marmoratus C.H.Wright,3.40365,13.676,50,Pallisco,"1ha plot pallisco2, tag 9",9967,IRD plot,553,9,pallisco2
IMG_7871.JPG,68491,12/11/2012,Lasiodiscus marmoratus C.H.Wright,3.40365,13.676,50,Pallisco,"1ha plot pallisco2, tag 9",9967,IRD plot,553,9,pallisco2
IMG_7872.JPG,68491,12/11/2012,Lasiodiscus marmoratus C.H.Wright,3.40365,13.676,50,Pallisco,"1ha plot pallisco2, tag 9",9967,IRD plot,553,9,pallisco2
IMG_7873.JPG,68513,12/11/2012,Hymenocardia lyrata Tul.,3.40365,13.676,50,Pallisco,"1ha plot pallisco2, tag 10",9966,IRD plot,552,10,pallisco2
IMG_7874.JPG,68513,12/11/2012,Hymenocardia lyrata Tul.,3.40365,13.676,50,Pallisco,"1ha plot pallisco2, tag 10",9966,IRD plot,552,10,pallisco2
IMG_7875.JPG,68513,12/11/2012,Hymenocardia lyrata Tul.,3.40365,13.676,50,Pallisco,"1ha plot pallisco2, tag 10",9966,IRD plot,552,10,pallisco2
IMG_7876.JPG,68513,12/11/2012,Hymenocardia lyrata Tul.,3.40365,13.676,50,Pallisco,"1ha plot pallisco2, tag 10",9966,IRD plot,552,10,pallisco2
IMG_7877.JPG,68513,12/11/2012,Hymenocardia lyrata Tul.,3.40365,13.676,50,Pallisco,"1ha plot pallisco2, tag 10",9966,IRD plot,552,10,pallisco2
IMG_7878.JPG,68513,12/11/2012,Hymenocardia lyrata Tul.,3.40365,13.676,50,Pallisco,"1ha plot pallisco2, tag 10",9966,IRD plot,552,10,pallisco2
IMG_7879.JPG,70140,12/11/2012,NA,3.40365,13.676,50,Pallisco,"1ha plot pallisco2, tag 11",NA,NA,NA,11,pallisco2
IMG_7880.JPG,70140,12/11/2012,NA,3.40365,13.676,50,Pallisco,"1ha plot pallisco2, tag 11",NA,NA,NA,11,pallisco2
IMG_7881.JPG,68509,12/11/2012,Anthonotha macrophylla P.Beauv.,3.40365,13.676,50,Pallisco,"1ha plot pallisco2, tag 16",9972,IRD plot,558,16,pallisco2
IMG_7882.JPG,68509,12/11/2012,Anthonotha macrophylla P.Beauv.,3.40365,13.676,50,Pallisco,"1ha plot pallisco2, tag 16",9972,IRD plot,558,16,pallisco2
IMG_7887.JPG,69469,12/11/2012,NA,3.40365,13.676,50,Pallisco,"1ha plot pallisco2, tag 28",NA,NA,NA,28,pallisco2
IMG_7888.JPG,69469,12/11/2012,NA,3.40365,13.676,50,Pallisco,"1ha plot pallisco2, tag 28",NA,NA,NA,28,pallisco2
IMG_7890.JPG,68509,12/11/2012,Anthonotha macrophylla P.Beauv.,3.40365,13.676,50,Pallisco,"1ha plot pallisco2, tag 16",9972,IRD plot,558,16,pallisco2
IMG_7891.JPG,68509,12/11/2012,Anthonotha macrophylla P.Beauv.,3.40365,13.676,50,Pallisco,"1ha plot pallisco2, tag 16",9972,IRD plot,558,16,pallisco2
IMG_7892.JPG,68509,12/11/2012,Anthonotha macrophylla P.Beauv.,3.40365,13.676,50,Pallisco,"1ha plot pallisco2, tag 16",9972,IRD plot,558,16,pallisco2
IMG_7893.JPG,68509,12/11/2012,Anthonotha macrophylla P.Beauv.,3.40365,13.676,50,Pallisco,"1ha plot pallisco2, tag 16",9972,IRD plot,558,16,pallisco2
IMG_7894.JPG,68509,12/11/2012,Anthonotha macrophylla P.Beauv.,3.40365,13.676,50,Pallisco,"1ha plot pallisco2, tag 16",9972,IRD plot,558,16,pallisco2
IMG_7895.JPG,68830,12/11/2012,Vepris louisii G.C.C.Gilbert,3.40365,13.676,50,Pallisco,"1ha plot pallisco2, tag 30",9983,IRD plot,569,30,pallisco2
IMG_7897.JPG,68830,12/11/2012,Vepris louisii G.C.C.Gilbert,3.40365,13.676,50,Pallisco,"1ha plot pallisco2, tag 30",9983,IRD plot,569,30,pallisco2
IMG_7898.JPG,68830,12/11/2012,Vepris louisii G.C.C.Gilbert,3.40365,13.676,50,Pallisco,"1ha plot pallisco2, tag 30",9983,IRD plot,569,30,pallisco2
IMG_7899.JPG,68866,12/11/2012,Celtis mildbraedii Engl.,3.40365,13.676,50,Pallisco,"1ha plot pallisco2, tag 31",10026,IRD plot,612,31,pallisco2
IMG_7900.JPG,68866,12/11/2012,Celtis mildbraedii Engl.,3.40365,13.676,50,Pallisco,"1ha plot pallisco2, tag 31",10026,IRD plot,612,31,pallisco2
IMG_7901.JPG,68572,12/11/2012,Erythrophleum suaveolens (Guill. & Perr.) Brenan,3.40365,13.676,50,Pallisco,"1ha plot pallisco2, tag 32",10021,IRD plot,607,32,pallisco2
IMG_7903.JPG,68572,12/11/2012,Erythrophleum suaveolens (Guill. & Perr.) Brenan,3.40365,13.676,50,Pallisco,"1ha plot pallisco2, tag 32",10021,IRD plot,607,32,pallisco2
IMG_7904.JPG,68572,12/11/2012,Erythrophleum suaveolens (Guill. & Perr.) Brenan,3.40365,13.676,50,Pallisco,"1ha plot pallisco2, tag 32",10021,IRD plot,607,32,pallisco2
IMG_7905.JPG,68494,12/11/2012,Heisteria parvifolia Sm.,3.40365,13.676,50,Pallisco,"1ha plot pallisco2, tag 44",9973,IRD plot,559,44,pallisco2
IMG_7906.JPG,68494,12/11/2012,Heisteria parvifolia Sm.,3.40365,13.676,50,Pallisco,"1ha plot pallisco2, tag 44",9973,IRD plot,559,44,pallisco2
IMG_7907.JPG,68494,12/11/2012,Heisteria parvifolia Sm.,3.40365,13.676,50,Pallisco,"1ha plot pallisco2, tag 44",9973,IRD plot,559,44,pallisco2
IMG_7909.JPG,68494,12/11/2012,Heisteria parvifolia Sm.,3.40365,13.676,50,Pallisco,"1ha plot pallisco2, tag 44",9973,IRD plot,559,44,pallisco2
IMG_7910.JPG,68494,12/11/2012,Heisteria parvifolia Sm.,3.40365,13.676,50,Pallisco,"1ha plot pallisco2, tag 44",9973,IRD plot,559,44,pallisco2
IMG_7911.JPG,68494,12/11/2012,Heisteria parvifolia Sm.,3.40365,13.676,50,Pallisco,"1ha plot pallisco2, tag 44",9973,IRD plot,559,44,pallisco2
IMG_7912.JPG,68494,12/11/2012,Heisteria parvifolia Sm.,3.40365,13.676,50,Pallisco,"1ha plot pallisco2, tag 44",9973,IRD plot,559,44,pallisco2
IMG_7913.JPG,68494,12/11/2012,Heisteria parvifolia Sm.,3.40365,13.676,50,Pallisco,"1ha plot pallisco2, tag 44",9973,IRD plot,559,44,pallisco2
IMG_7914.JPG,69478,12/11/2012,NA,3.40365,13.676,50,Pallisco,"1ha plot pallisco2, tag 56",NA,NA,NA,56,pallisco2
IMG_7916.JPG,69478,12/11/2012,NA,3.40365,13.676,50,Pallisco,"1ha plot pallisco2, tag 56",NA,NA,NA,56,pallisco2
IMG_7917.JPG,68925,12/11/2012,Xylopia letestui Pellegr.,3.40365,13.676,50,Pallisco,"1ha plot pallisco2, tag 63",9960,IRD plot,546,63,pallisco2
IMG_7918.JPG,68925,12/11/2012,Xylopia letestui Pellegr.,3.40365,13.676,50,Pallisco,"1ha plot pallisco2, tag 63",9960,IRD plot,546,63,pallisco2
IMG_7919.JPG,68925,12/11/2012,Xylopia letestui Pellegr.,3.40365,13.676,50,Pallisco,"1ha plot pallisco2, tag 63",9960,IRD plot,546,63,pallisco2
IMG_7920.JPG,68925,12/11/2012,Xylopia letestui Pellegr.,3.40365,13.676,50,Pallisco,"1ha plot pallisco2, tag 63",9960,IRD plot,546,63,pallisco2
IMG_7922.JPG,68493,12/11/2012,Anthonotha cladantha (Harms) J.Léonard,3.40365,13.676,50,Pallisco,"1ha plot pallisco2, tag 68",9974,IRD plot,560,68,pallisco2
IMG_7923.JPG,68493,12/11/2012,Anthonotha cladantha (Harms) J.Léonard,3.40365,13.676,50,Pallisco,"1ha plot pallisco2, tag 68",9974,IRD plot,560,68,pallisco2
IMG_7924.JPG,68493,12/11/2012,Anthonotha cladantha (Harms) J.Léonard,3.40365,13.676,50,Pallisco,"1ha plot pallisco2, tag 68",9974,IRD plot,560,68,pallisco2
IMG_7925.JPG,68493,12/11/2012,Anthonotha cladantha (Harms) J.Léonard,3.40365,13.676,50,Pallisco,"1ha plot pallisco2, tag 68",9974,IRD plot,560,68,pallisco2
IMG_7926.JPG,68493,12/11/2012,Anthonotha cladantha (Harms) J.Léonard,3.40365,13.676,50,Pallisco,"1ha plot pallisco2, tag 68",9974,IRD plot,560,68,pallisco2
IMG_7927.JPG,68493,12/11/2012,Anthonotha cladantha (Harms) J.Léonard,3.40365,13.676,50,Pallisco,"1ha plot pallisco2, tag 68",9974,IRD plot,560,68,pallisco2
IMG_7928.JPG,68492,12/11/2012,Cylicodiscus gabunensis Harms,3.40365,13.676,50,Pallisco,"1ha plot pallisco2, tag 70",9964,IRD plot,550,70,pallisco2
IMG_7931.JPG,68492,12/11/2012,Cylicodiscus gabunensis Harms,3.40365,13.676,50,Pallisco,"1ha plot pallisco2, tag 70",9964,IRD plot,550,70,pallisco2
IMG_7932.JPG,68492,12/11/2012,Cylicodiscus gabunensis Harms,3.40365,13.676,50,Pallisco,"1ha plot pallisco2, tag 70",9964,IRD plot,550,70,pallisco2
IMG_7933.JPG,68492,12/11/2012,Cylicodiscus gabunensis Harms,3.40365,13.676,50,Pallisco,"1ha plot pallisco2, tag 70",9964,IRD plot,550,70,pallisco2
IMG_7934.JPG,68492,12/11/2012,Cylicodiscus gabunensis Harms,3.40365,13.676,50,Pallisco,"1ha plot pallisco2, tag 70",9964,IRD plot,550,70,pallisco2
IMG_7935.JPG,68492,12/11/2012,Cylicodiscus gabunensis Harms,3.40365,13.676,50,Pallisco,"1ha plot pallisco2, tag 70",9964,IRD plot,550,70,pallisco2
IMG_7936.JPG,68492,12/11/2012,Cylicodiscus gabunensis Harms,3.40365,13.676,50,Pallisco,"1ha plot pallisco2, tag 70",9964,IRD plot,550,70,pallisco2
IMG_7937.JPG,68492,12/11/2012,Cylicodiscus gabunensis Harms,3.40365,13.676,50,Pallisco,"1ha plot pallisco2, tag 70",9964,IRD plot,550,70,pallisco2
IMG_7938.JPG,70146,12/11/2012,Trilepisium madagascariense Thouars ex DC.,3.40365,13.676,50,Pallisco,"1ha plot pallisco2, tag 77",NA,NA,NA,77,pallisco2
IMG_7939.JPG,70146,12/11/2012,Trilepisium madagascariense Thouars ex DC.,3.40365,13.676,50,Pallisco,"1ha plot pallisco2, tag 77",NA,NA,NA,77,pallisco2
IMG_7941.JPG,70146,12/11/2012,Trilepisium madagascariense Thouars ex DC.,3.40365,13.676,50,Pallisco,"1ha plot pallisco2, tag 77",NA,NA,NA,77,pallisco2
IMG_7942.JPG,68490,12/11/2012,Trichoscypha acuminata Engl.,3.40365,13.676,50,Pallisco,"1ha plot pallisco2, tag 96",9975,IRD plot,561,96,pallisco2
IMG_7943.JPG,68490,12/11/2012,Trichoscypha acuminata Engl.,3.40365,13.676,50,Pallisco,"1ha plot pallisco2, tag 96",9975,IRD plot,561,96,pallisco2
IMG_7944.JPG,68490,12/11/2012,Trichoscypha acuminata Engl.,3.40365,13.676,50,Pallisco,"1ha plot pallisco2, tag 96",9975,IRD plot,561,96,pallisco2
IMG_7945.JPG,68490,12/11/2012,Trichoscypha acuminata Engl.,3.40365,13.676,50,Pallisco,"1ha plot pallisco2, tag 96",9975,IRD plot,561,96,pallisco2
IMG_7946.JPG,68490,12/11/2012,Trichoscypha acuminata Engl.,3.40365,13.676,50,Pallisco,"1ha plot pallisco2, tag 96",9975,IRD plot,561,96,pallisco2
IMG_7947.JPG,68490,12/11/2012,Trichoscypha acuminata Engl.,3.40365,13.676,50,Pallisco,"1ha plot pallisco2, tag 96",9975,IRD plot,561,96,pallisco2
IMG_7948.JPG,68490,12/11/2012,Trichoscypha acuminata Engl.,3.40365,13.676,50,Pallisco,"1ha plot pallisco2, tag 96",9975,IRD plot,561,96,pallisco2
IMG_7949.JPG,68490,12/11/2012,Trichoscypha acuminata Engl.,3.40365,13.676,50,Pallisco,"1ha plot pallisco2, tag 96",9975,IRD plot,561,96,pallisco2
IMG_7950.JPG,68489,12/11/2012,NA,3.40365,13.676,50,Pallisco,"1ha plot pallisco2, tag 98",9978,IRD plot,564,98,pallisco2
IMG_7951.JPG,68489,12/11/2012,NA,3.40365,13.676,50,Pallisco,"1ha plot pallisco2, tag 98",9978,IRD plot,564,98,pallisco2
IMG_7952.JPG,68489,12/11/2012,NA,3.40365,13.676,50,Pallisco,"1ha plot pallisco2, tag 98",9978,IRD plot,564,98,pallisco2
IMG_7953.JPG,68489,12/11/2012,NA,3.40365,13.676,50,Pallisco,"1ha plot pallisco2, tag 98",9978,IRD plot,564,98,pallisco2
IMG_7954.JPG,68489,12/11/2012,NA,3.40365,13.676,50,Pallisco,"1ha plot pallisco2, tag 98",9978,IRD plot,564,98,pallisco2
IMG_7956.JPG,68489,12/11/2012,NA,3.40365,13.676,50,Pallisco,"1ha plot pallisco2, tag 98",9978,IRD plot,564,98,pallisco2
IMG_7957.JPG,68489,12/11/2012,NA,3.40365,13.676,50,Pallisco,"1ha plot pallisco2, tag 98",9978,IRD plot,564,98,pallisco2
IMG_7959.JPG,69479,12/11/2012,NA,3.40365,13.676,50,Pallisco,"1ha plot pallisco2, tag 105",NA,NA,NA,105,pallisco2
IMG_7961.JPG,69479,12/11/2012,NA,3.40365,13.676,50,Pallisco,"1ha plot pallisco2, tag 105",NA,NA,NA,105,pallisco2
IMG_7962.JPG,70117,12/11/2012,Tetrapleura tetraptera (Schumach. & Thonn.) Taub.,3.40365,13.676,50,Pallisco,"1ha plot pallisco2, tag 106",NA,NA,NA,106,pallisco2
IMG_7964.JPG,70117,12/11/2012,Tetrapleura tetraptera (Schumach. & Thonn.) Taub.,3.40365,13.676,50,Pallisco,"1ha plot pallisco2, tag 106",NA,NA,NA,106,pallisco2
IMG_7966.JPG,68768,12/11/2012,Anthonotha cladantha (Harms) J.Léonard,3.40365,13.676,50,Pallisco,"1ha plot pallisco2, tag 107",9974,IRD plot,560,107,pallisco2
IMG_7967.JPG,68768,12/11/2012,Anthonotha cladantha (Harms) J.Léonard,3.40365,13.676,50,Pallisco,"1ha plot pallisco2, tag 107",9974,IRD plot,560,107,pallisco2
IMG_7968.JPG,68768,12/11/2012,Anthonotha cladantha (Harms) J.Léonard,3.40365,13.676,50,Pallisco,"1ha plot pallisco2, tag 107",9974,IRD plot,560,107,pallisco2
IMG_7970.JPG,68768,12/11/2012,Anthonotha cladantha (Harms) J.Léonard,3.40365,13.676,50,Pallisco,"1ha plot pallisco2, tag 107",9974,IRD plot,560,107,pallisco2
IMG_7973.JPG,68768,12/11/2012,Anthonotha cladantha (Harms) J.Léonard,3.40365,13.676,50,Pallisco,"1ha plot pallisco2, tag 107",9974,IRD plot,560,107,pallisco2
IMG_7974.JPG,68511,12/11/2012,NA,3.40365,13.676,50,Pallisco,"1ha plot pallisco2, tag 122",9968,IRD plot,554,122,pallisco2
IMG_7975.JPG,68511,12/11/2012,NA,3.40365,13.676,50,Pallisco,"1ha plot pallisco2, tag 122",9968,IRD plot,554,122,pallisco2
IMG_7976.JPG,68511,12/11/2012,NA,3.40365,13.676,50,Pallisco,"1ha plot pallisco2, tag 122",9968,IRD plot,554,122,pallisco2
IMG_7977.JPG,68511,12/11/2012,NA,3.40365,13.676,50,Pallisco,"1ha plot pallisco2, tag 122",9968,IRD plot,554,122,pallisco2
IMG_7978.JPG,68511,12/11/2012,NA,3.40365,13.676,50,Pallisco,"1ha plot pallisco2, tag 122",9968,IRD plot,554,122,pallisco2
IMG_7979.JPG,68511,12/11/2012,NA,3.40365,13.676,50,Pallisco,"1ha plot pallisco2, tag 122",9968,IRD plot,554,122,pallisco2
IMG_7981.JPG,68510,12/11/2012,Calpocalyx dinklagei (Taub.) Harms,3.40365,13.676,50,Pallisco,"1ha plot pallisco2, tag 127",9965,IRD plot,551,127,pallisco2
IMG_7982.JPG,68510,12/11/2012,Calpocalyx dinklagei (Taub.) Harms,3.40365,13.676,50,Pallisco,"1ha plot pallisco2, tag 127",9965,IRD plot,551,127,pallisco2
IMG_7984.JPG,68510,12/11/2012,Calpocalyx dinklagei (Taub.) Harms,3.40365,13.676,50,Pallisco,"1ha plot pallisco2, tag 127",9965,IRD plot,551,127,pallisco2
IMG_7985.JPG,68510,12/11/2012,Calpocalyx dinklagei (Taub.) Harms,3.40365,13.676,50,Pallisco,"1ha plot pallisco2, tag 127",9965,IRD plot,551,127,pallisco2
IMG_7986.JPG,68510,12/11/2012,Calpocalyx dinklagei (Taub.) Harms,3.40365,13.676,50,Pallisco,"1ha plot pallisco2, tag 127",9965,IRD plot,551,127,pallisco2
IMG_7987.JPG,68510,12/11/2012,Calpocalyx dinklagei (Taub.) Harms,3.40365,13.676,50,Pallisco,"1ha plot pallisco2, tag 127",9965,IRD plot,551,127,pallisco2
IMG_7988.JPG,68510,12/11/2012,Calpocalyx dinklagei (Taub.) Harms,3.40365,13.676,50,Pallisco,"1ha plot pallisco2, tag 127",9965,IRD plot,551,127,pallisco2
IMG_7989.JPG,68503,12/11/2012,NA,3.40365,13.676,50,Pallisco,"1ha plot pallisco2, tag 323",9979,IRD plot,565,323,pallisco2
IMG_7990.JPG,68503,12/11/2012,NA,3.40365,13.676,50,Pallisco,"1ha plot pallisco2, tag 323",9979,IRD plot,565,323,pallisco2
IMG_7991.JPG,68503,12/11/2012,NA,3.40365,13.676,50,Pallisco,"1ha plot pallisco2, tag 323",9979,IRD plot,565,323,pallisco2
IMG_7992.JPG,68503,12/11/2012,NA,3.40365,13.676,50,Pallisco,"1ha plot pallisco2, tag 323",9979,IRD plot,565,323,pallisco2
IMG_7994.JPG,68503,12/11/2012,NA,3.40365,13.676,50,Pallisco,"1ha plot pallisco2, tag 323",9979,IRD plot,565,323,pallisco2
IMG_7996.JPG,68503,12/11/2012,NA,3.40365,13.676,50,Pallisco,"1ha plot pallisco2, tag 323",9979,IRD plot,565,323,pallisco2
IMG_7997.JPG,68503,12/11/2012,NA,3.40365,13.676,50,Pallisco,"1ha plot pallisco2, tag 323",9979,IRD plot,565,323,pallisco2
IMG_7998.JPG,68503,12/11/2012,NA,3.40365,13.676,50,Pallisco,"1ha plot pallisco2, tag 323",9979,IRD plot,565,323,pallisco2
IMG_7999.JPG,68503,12/11/2012,NA,3.40365,13.676,50,Pallisco,"1ha plot pallisco2, tag 323",9979,IRD plot,565,323,pallisco2
IMG_8000.JPG,68502,12/11/2012,Cola altissima Engl.,3.40365,13.676,50,Pallisco,"1ha plot pallisco2, tag 331",9985,IRD plot,571,331,pallisco2
IMG_8001.JPG,68502,12/11/2012,Cola altissima Engl.,3.40365,13.676,50,Pallisco,"1ha plot pallisco2, tag 331",9985,IRD plot,571,331,pallisco2
IMG_8003.JPG,68502,12/11/2012,Cola altissima Engl.,3.40365,13.676,50,Pallisco,"1ha plot pallisco2, tag 331",9985,IRD plot,571,331,pallisco2
IMG_8004.JPG,68502,12/11/2012,Cola altissima Engl.,3.40365,13.676,50,Pallisco,"1ha plot pallisco2, tag 331",9985,IRD plot,571,331,pallisco2
IMG_8005.JPG,68502,12/11/2012,Cola altissima Engl.,3.40365,13.676,50,Pallisco,"1ha plot pallisco2, tag 331",9985,IRD plot,571,331,pallisco2
IMG_8006.JPG,68502,12/11/2012,Cola altissima Engl.,3.40365,13.676,50,Pallisco,"1ha plot pallisco2, tag 331",9985,IRD plot,571,331,pallisco2
IMG_8007.JPG,68502,12/11/2012,Cola altissima Engl.,3.40365,13.676,50,Pallisco,"1ha plot pallisco2, tag 331",9985,IRD plot,571,331,pallisco2
IMG_8009.JPG,68501,12/11/2012,NA,3.40365,13.676,50,Pallisco,"1ha plot pallisco2, tag 335",9984,IRD plot,570,335,pallisco2
IMG_8012.JPG,68501,12/11/2012,NA,3.40365,13.676,50,Pallisco,"1ha plot pallisco2, tag 335",9984,IRD plot,570,335,pallisco2
IMG_8013.JPG,68501,12/11/2012,NA,3.40365,13.676,50,Pallisco,"1ha plot pallisco2, tag 335",9984,IRD plot,570,335,pallisco2
IMG_8014.JPG,68500,12/11/2012,Vepris louisii G.C.C.Gilbert,3.40365,13.676,50,Pallisco,"1ha plot pallisco2, tag 337",9983,IRD plot,569,337,pallisco2
IMG_8016.JPG,68500,12/11/2012,Vepris louisii G.C.C.Gilbert,3.40365,13.676,50,Pallisco,"1ha plot pallisco2, tag 337",9983,IRD plot,569,337,pallisco2
IMG_8017.JPG,68500,12/11/2012,Vepris louisii G.C.C.Gilbert,3.40365,13.676,50,Pallisco,"1ha plot pallisco2, tag 337",9983,IRD plot,569,337,pallisco2
IMG_8018.JPG,68500,12/11/2012,Vepris louisii G.C.C.Gilbert,3.40365,13.676,50,Pallisco,"1ha plot pallisco2, tag 337",9983,IRD plot,569,337,pallisco2
IMG_8019.JPG,68501,12/11/2012,NA,3.40365,13.676,50,Pallisco,"1ha plot pallisco2, tag 335",9984,IRD plot,570,335,pallisco2
IMG_8020.JPG,68501,12/11/2012,NA,3.40365,13.676,50,Pallisco,"1ha plot pallisco2, tag 335",9984,IRD plot,570,335,pallisco2
IMG_8021.JPG,68501,12/11/2012,NA,3.40365,13.676,50,Pallisco,"1ha plot pallisco2, tag 335",9984,IRD plot,570,335,pallisco2
IMG_8023.JPG,68501,12/11/2012,NA,3.40365,13.676,50,Pallisco,"1ha plot pallisco2, tag 335",9984,IRD plot,570,335,pallisco2
IMG_8024.JPG,68501,12/11/2012,NA,3.40365,13.676,50,Pallisco,"1ha plot pallisco2, tag 335",9984,IRD plot,570,335,pallisco2
IMG_8025.JPG,68500,12/11/2012,Vepris louisii G.C.C.Gilbert,3.40365,13.676,50,Pallisco,"1ha plot pallisco2, tag 337",9983,IRD plot,569,337,pallisco2
IMG_8026.JPG,68500,12/11/2012,Vepris louisii G.C.C.Gilbert,3.40365,13.676,50,Pallisco,"1ha plot pallisco2, tag 337",9983,IRD plot,569,337,pallisco2
IMG_8027.JPG,68500,12/11/2012,Vepris louisii G.C.C.Gilbert,3.40365,13.676,50,Pallisco,"1ha plot pallisco2, tag 337",9983,IRD plot,569,337,pallisco2
IMG_8028.JPG,68500,12/11/2012,Vepris louisii G.C.C.Gilbert,3.40365,13.676,50,Pallisco,"1ha plot pallisco2, tag 337",9983,IRD plot,569,337,pallisco2
IMG_8029.JPG,68500,12/11/2012,Vepris louisii G.C.C.Gilbert,3.40365,13.676,50,Pallisco,"1ha plot pallisco2, tag 337",9983,IRD plot,569,337,pallisco2
IMG_8030.JPG,68500,12/11/2012,Vepris louisii G.C.C.Gilbert,3.40365,13.676,50,Pallisco,"1ha plot pallisco2, tag 337",9983,IRD plot,569,337,pallisco2
IMG_8031.JPG,68500,12/11/2012,Vepris louisii G.C.C.Gilbert,3.40365,13.676,50,Pallisco,"1ha plot pallisco2, tag 337",9983,IRD plot,569,337,pallisco2
IMG_8032.JPG,68500,12/11/2012,Vepris louisii G.C.C.Gilbert,3.40365,13.676,50,Pallisco,"1ha plot pallisco2, tag 337",9983,IRD plot,569,337,pallisco2
IMG_8033.JPG,68772,12/11/2012,Anthonotha cladantha (Harms) J.Léonard,3.40365,13.676,50,Pallisco,"1ha plot pallisco2, tag 344",9974,IRD plot,560,344,pallisco2
IMG_8034.JPG,68772,12/11/2012,Anthonotha cladantha (Harms) J.Léonard,3.40365,13.676,50,Pallisco,"1ha plot pallisco2, tag 344",9974,IRD plot,560,344,pallisco2
IMG_8035.JPG,68772,12/11/2012,Anthonotha cladantha (Harms) J.Léonard,3.40365,13.676,50,Pallisco,"1ha plot pallisco2, tag 344",9974,IRD plot,560,344,pallisco2
IMG_8036.JPG,68772,12/11/2012,Anthonotha cladantha (Harms) J.Léonard,3.40365,13.676,50,Pallisco,"1ha plot pallisco2, tag 344",9974,IRD plot,560,344,pallisco2
IMG_8037.JPG,68499,12/11/2012,Monodora tenuifolia Benth.,3.40365,13.676,50,Pallisco,"1ha plot pallisco2, tag 351",9982,IRD plot,568,351,pallisco2
IMG_8038.JPG,68499,12/11/2012,Monodora tenuifolia Benth.,3.40365,13.676,50,Pallisco,"1ha plot pallisco2, tag 351",9982,IRD plot,568,351,pallisco2
IMG_8039.JPG,68499,12/11/2012,Monodora tenuifolia Benth.,3.40365,13.676,50,Pallisco,"1ha plot pallisco2, tag 351",9982,IRD plot,568,351,pallisco2
IMG_8045.JPG,68499,12/11/2012,Monodora tenuifolia Benth.,3.40365,13.676,50,Pallisco,"1ha plot pallisco2, tag 351",9982,IRD plot,568,351,pallisco2
IMG_8046.JPG,68499,12/11/2012,Monodora tenuifolia Benth.,3.40365,13.676,50,Pallisco,"1ha plot pallisco2, tag 351",9982,IRD plot,568,351,pallisco2
IMG_8047.JPG,68499,12/11/2012,Monodora tenuifolia Benth.,3.40365,13.676,50,Pallisco,"1ha plot pallisco2, tag 351",9982,IRD plot,568,351,pallisco2
IMG_8048.JPG,68499,12/11/2012,Monodora tenuifolia Benth.,3.40365,13.676,50,Pallisco,"1ha plot pallisco2, tag 351",9982,IRD plot,568,351,pallisco2
IMG_8049.JPG,68499,12/11/2012,Monodora tenuifolia Benth.,3.40365,13.676,50,Pallisco,"1ha plot pallisco2, tag 351",9982,IRD plot,568,351,pallisco2
IMG_8050.JPG,68949,12/11/2012,Chrysophyllum lacourtianum De Wild.,3.40365,13.676,50,Pallisco,"1ha plot pallisco2, tag 61",10024,IRD plot,610,61,pallisco2
IMG_8051.JPG,68949,12/11/2012,Chrysophyllum lacourtianum De Wild.,3.40365,13.676,50,Pallisco,"1ha plot pallisco2, tag 61",10024,IRD plot,610,61,pallisco2
IMG_8052.JPG,68949,12/11/2012,Chrysophyllum lacourtianum De Wild.,3.40365,13.676,50,Pallisco,"1ha plot pallisco2, tag 61",10024,IRD plot,610,61,pallisco2
IMG_8053.JPG,68949,12/11/2012,Chrysophyllum lacourtianum De Wild.,3.40365,13.676,50,Pallisco,"1ha plot pallisco2, tag 61",10024,IRD plot,610,61,pallisco2
IMG_8055.JPG,68949,12/11/2012,Chrysophyllum lacourtianum De Wild.,3.40365,13.676,50,Pallisco,"1ha plot pallisco2, tag 61",10024,IRD plot,610,61,pallisco2
IMG_8056.JPG,68949,12/11/2012,Chrysophyllum lacourtianum De Wild.,3.40365,13.676,50,Pallisco,"1ha plot pallisco2, tag 61",10024,IRD plot,610,61,pallisco2
IMG_8056_stitch.jpg,68949,12/11/2012,Chrysophyllum lacourtianum De Wild.,3.40365,13.676,50,Pallisco,"1ha plot pallisco2, tag 61",10024,IRD plot,610,61,pallisco2
IMG_8057.JPG,68949,12/11/2012,Chrysophyllum lacourtianum De Wild.,3.40365,13.676,50,Pallisco,"1ha plot pallisco2, tag 61",10024,IRD plot,610,61,pallisco2
IMG_8060.JPG,68498,12/11/2012,Corynanthe pachyceras K.Schum.,3.40365,13.676,50,Pallisco,"1ha plot pallisco2, tag 358",9987,IRD plot,573,358,pallisco2
IMG_8061.JPG,68498,12/11/2012,Corynanthe pachyceras K.Schum.,3.40365,13.676,50,Pallisco,"1ha plot pallisco2, tag 358",9987,IRD plot,573,358,pallisco2
IMG_8062.JPG,68498,12/11/2012,Corynanthe pachyceras K.Schum.,3.40365,13.676,50,Pallisco,"1ha plot pallisco2, tag 358",9987,IRD plot,573,358,pallisco2
IMG_8063.JPG,68498,12/11/2012,Corynanthe pachyceras K.Schum.,3.40365,13.676,50,Pallisco,"1ha plot pallisco2, tag 358",9987,IRD plot,573,358,pallisco2
IMG_8064.JPG,68498,12/11/2012,Corynanthe pachyceras K.Schum.,3.40365,13.676,50,Pallisco,"1ha plot pallisco2, tag 358",9987,IRD plot,573,358,pallisco2
IMG_8065.JPG,68498,12/11/2012,Corynanthe pachyceras K.Schum.,3.40365,13.676,50,Pallisco,"1ha plot pallisco2, tag 358",9987,IRD plot,573,358,pallisco2
IMG_8066.JPG,68498,12/11/2012,Corynanthe pachyceras K.Schum.,3.40365,13.676,50,Pallisco,"1ha plot pallisco2, tag 358",9987,IRD plot,573,358,pallisco2
IMG_8067.JPG,68498,12/11/2012,Corynanthe pachyceras K.Schum.,3.40365,13.676,50,Pallisco,"1ha plot pallisco2, tag 358",9987,IRD plot,573,358,pallisco2
IMG_8068.JPG,68835,12/11/2012,Vepris louisii G.C.C.Gilbert,3.40365,13.676,50,Pallisco,"1ha plot pallisco2, tag 370",9983,IRD plot,569,370,pallisco2
IMG_8069.JPG,68835,12/11/2012,Vepris louisii G.C.C.Gilbert,3.40365,13.676,50,Pallisco,"1ha plot pallisco2, tag 370",9983,IRD plot,569,370,pallisco2
IMG_8070.JPG,68835,12/11/2012,Vepris louisii G.C.C.Gilbert,3.40365,13.676,50,Pallisco,"1ha plot pallisco2, tag 370",9983,IRD plot,569,370,pallisco2
IMG_8071.JPG,68497,12/11/2012,NA,3.40365,13.676,50,Pallisco,"1ha plot pallisco2, tag 371",9981,IRD plot,567,371,pallisco2
IMG_8075.JPG,68497,12/11/2012,NA,3.40365,13.676,50,Pallisco,"1ha plot pallisco2, tag 371",9981,IRD plot,567,371,pallisco2
IMG_8076.JPG,68497,12/11/2012,NA,3.40365,13.676,50,Pallisco,"1ha plot pallisco2, tag 371",9981,IRD plot,567,371,pallisco2
IMG_8077.JPG,68497,12/11/2012,NA,3.40365,13.676,50,Pallisco,"1ha plot pallisco2, tag 371",9981,IRD plot,567,371,pallisco2
IMG_8078.JPG,68497,12/11/2012,NA,3.40365,13.676,50,Pallisco,"1ha plot pallisco2, tag 371",9981,IRD plot,567,371,pallisco2
IMG_8079.JPG,68497,12/11/2012,NA,3.40365,13.676,50,Pallisco,"1ha plot pallisco2, tag 371",9981,IRD plot,567,371,pallisco2
IMG_8080.JPG,68497,12/11/2012,NA,3.40365,13.676,50,Pallisco,"1ha plot pallisco2, tag 371",9981,IRD plot,567,371,pallisco2
IMG_8081.JPG,68497,12/11/2012,NA,3.40365,13.676,50,Pallisco,"1ha plot pallisco2, tag 371",9981,IRD plot,567,371,pallisco2
IMG_8083.JPG,68497,12/11/2012,NA,3.40365,13.676,50,Pallisco,"1ha plot pallisco2, tag 371",9981,IRD plot,567,371,pallisco2
IMG_8084.JPG,68497,12/11/2012,NA,3.40365,13.676,50,Pallisco,"1ha plot pallisco2, tag 371",9981,IRD plot,567,371,pallisco2
IMG_8086.JPG,68496,12/11/2012,Massularia acuminata (G.Don) Bullock ex Hoyle,3.40365,13.676,50,Pallisco,"1ha plot pallisco2, tag 374",9986,IRD plot,572,374,pallisco2
IMG_8087.JPG,68496,12/11/2012,Massularia acuminata (G.Don) Bullock ex Hoyle,3.40365,13.676,50,Pallisco,"1ha plot pallisco2, tag 374",9986,IRD plot,572,374,pallisco2
IMG_8088.JPG,68496,12/11/2012,Massularia acuminata (G.Don) Bullock ex Hoyle,3.40365,13.676,50,Pallisco,"1ha plot pallisco2, tag 374",9986,IRD plot,572,374,pallisco2
IMG_8089.JPG,68496,12/11/2012,Massularia acuminata (G.Don) Bullock ex Hoyle,3.40365,13.676,50,Pallisco,"1ha plot pallisco2, tag 374",9986,IRD plot,572,374,pallisco2
IMG_8090.JPG,68496,12/11/2012,Massularia acuminata (G.Don) Bullock ex Hoyle,3.40365,13.676,50,Pallisco,"1ha plot pallisco2, tag 374",9986,IRD plot,572,374,pallisco2
IMG_8091.JPG,68496,12/11/2012,Massularia acuminata (G.Don) Bullock ex Hoyle,3.40365,13.676,50,Pallisco,"1ha plot pallisco2, tag 374",9986,IRD plot,572,374,pallisco2
IMG_8092.JPG,68496,12/11/2012,Massularia acuminata (G.Don) Bullock ex Hoyle,3.40365,13.676,50,Pallisco,"1ha plot pallisco2, tag 374",9986,IRD plot,572,374,pallisco2
IMG_8093.JPG,68496,12/11/2012,Massularia acuminata (G.Don) Bullock ex Hoyle,3.40365,13.676,50,Pallisco,"1ha plot pallisco2, tag 374",9986,IRD plot,572,374,pallisco2
IMG_8094.JPG,68496,12/11/2012,Massularia acuminata (G.Don) Bullock ex Hoyle,3.40365,13.676,50,Pallisco,"1ha plot pallisco2, tag 374",9986,IRD plot,572,374,pallisco2
IMG_8095.JPG,69685,12/11/2012,Panda oleosa Pierre,3.40365,13.676,50,Pallisco,"1ha plot pallisco2, tag 387",NA,NA,NA,387,pallisco2
IMG_8096.JPG,69685,12/11/2012,Panda oleosa Pierre,3.40365,13.676,50,Pallisco,"1ha plot pallisco2, tag 387",NA,NA,NA,387,pallisco2
IMG_8097.JPG,69685,12/11/2012,Panda oleosa Pierre,3.40365,13.676,50,Pallisco,"1ha plot pallisco2, tag 387",NA,NA,NA,387,pallisco2
IMG_8098.JPG,68495,12/11/2012,Brieya fasciculatum De Wild.,3.40365,13.676,50,Pallisco,"1ha plot pallisco2, tag 396",9980,IRD plot,566,396,pallisco2
IMG_8099.JPG,68495,12/11/2012,Brieya fasciculatum De Wild.,3.40365,13.676,50,Pallisco,"1ha plot pallisco2, tag 396",9980,IRD plot,566,396,pallisco2
IMG_8100.JPG,68495,12/11/2012,Brieya fasciculatum De Wild.,3.40365,13.676,50,Pallisco,"1ha plot pallisco2, tag 396",9980,IRD plot,566,396,pallisco2
IMG_8101.JPG,68495,12/11/2012,Brieya fasciculatum De Wild.,3.40365,13.676,50,Pallisco,"1ha plot pallisco2, tag 396",9980,IRD plot,566,396,pallisco2
IMG_8102.JPG,68495,12/11/2012,Brieya fasciculatum De Wild.,3.40365,13.676,50,Pallisco,"1ha plot pallisco2, tag 396",9980,IRD plot,566,396,pallisco2
IMG_8103.JPG,68495,12/11/2012,Brieya fasciculatum De Wild.,3.40365,13.676,50,Pallisco,"1ha plot pallisco2, tag 396",9980,IRD plot,566,396,pallisco2
IMG_8104.JPG,68495,12/11/2012,Brieya fasciculatum De Wild.,3.40365,13.676,50,Pallisco,"1ha plot pallisco2, tag 396",9980,IRD plot,566,396,pallisco2
IMG_8120.JPG,69188,15/11/2012,Antrocaryon klaineanum Pierre,3.38008,13.6611,50,Pallisco,"1ha plot pallisco3, tag 153",NA,NA,NA,153,pallisco3
IMG_8121.JPG,69188,15/11/2012,Antrocaryon klaineanum Pierre,3.38008,13.6611,50,Pallisco,"1ha plot pallisco3, tag 153",NA,NA,NA,153,pallisco3
IMG_8122.JPG,69188,15/11/2012,Antrocaryon klaineanum Pierre,3.38008,13.6611,50,Pallisco,"1ha plot pallisco3, tag 153",NA,NA,NA,153,pallisco3
IMG_8123.JPG,69188,15/11/2012,Antrocaryon klaineanum Pierre,3.38008,13.6611,50,Pallisco,"1ha plot pallisco3, tag 153",NA,NA,NA,153,pallisco3
IMG_8124.JPG,69188,15/11/2012,Antrocaryon klaineanum Pierre,3.38008,13.6611,50,Pallisco,"1ha plot pallisco3, tag 153",NA,NA,NA,153,pallisco3
IMG_8125.JPG,69188,15/11/2012,Antrocaryon klaineanum Pierre,3.38008,13.6611,50,Pallisco,"1ha plot pallisco3, tag 153",NA,NA,NA,153,pallisco3
IMG_8126.JPG,69188,15/11/2012,Antrocaryon klaineanum Pierre,3.38008,13.6611,50,Pallisco,"1ha plot pallisco3, tag 153",NA,NA,NA,153,pallisco3
IMG_8127.JPG,69186,15/11/2012,Antidesma laciniatum Müll.Arg.,3.38008,13.6611,50,Pallisco,"1ha plot pallisco3, tag 160",NA,NA,NA,160,pallisco3
IMG_8128.JPG,69186,15/11/2012,Antidesma laciniatum Müll.Arg.,3.38008,13.6611,50,Pallisco,"1ha plot pallisco3, tag 160",NA,NA,NA,160,pallisco3
IMG_8129.JPG,68618,15/11/2012,NA,3.38008,13.6611,50,Pallisco,"1ha plot pallisco3, tag 164",9995,IRD plot,581,164,pallisco3
IMG_8130.JPG,68618,15/11/2012,NA,3.38008,13.6611,50,Pallisco,"1ha plot pallisco3, tag 164",9995,IRD plot,581,164,pallisco3
IMG_8131.JPG,68618,15/11/2012,NA,3.38008,13.6611,50,Pallisco,"1ha plot pallisco3, tag 164",9995,IRD plot,581,164,pallisco3
IMG_8138.JPG,69186,15/11/2012,Antidesma laciniatum Müll.Arg.,3.38008,13.6611,50,Pallisco,"1ha plot pallisco3, tag 160",NA,NA,NA,160,pallisco3
IMG_8139.JPG,69186,15/11/2012,Antidesma laciniatum Müll.Arg.,3.38008,13.6611,50,Pallisco,"1ha plot pallisco3, tag 160",NA,NA,NA,160,pallisco3
IMG_8140.JPG,69186,15/11/2012,Antidesma laciniatum Müll.Arg.,3.38008,13.6611,50,Pallisco,"1ha plot pallisco3, tag 160",NA,NA,NA,160,pallisco3
IMG_8141.JPG,69186,15/11/2012,Antidesma laciniatum Müll.Arg.,3.38008,13.6611,50,Pallisco,"1ha plot pallisco3, tag 160",NA,NA,NA,160,pallisco3
IMG_8142.JPG,68486,15/11/2012,Tridesmostemon omphalocarpoides Engl.,3.38008,13.6611,50,Pallisco,"1ha plot pallisco3, tag 178",10002,IRD plot,588,178,pallisco3
IMG_8143.JPG,68486,15/11/2012,Tridesmostemon omphalocarpoides Engl.,3.38008,13.6611,50,Pallisco,"1ha plot pallisco3, tag 178",10002,IRD plot,588,178,pallisco3
IMG_8144.JPG,68486,15/11/2012,Tridesmostemon omphalocarpoides Engl.,3.38008,13.6611,50,Pallisco,"1ha plot pallisco3, tag 178",10002,IRD plot,588,178,pallisco3
IMG_8145.JPG,68486,15/11/2012,Tridesmostemon omphalocarpoides Engl.,3.38008,13.6611,50,Pallisco,"1ha plot pallisco3, tag 178",10002,IRD plot,588,178,pallisco3
IMG_8146.JPG,68486,15/11/2012,Tridesmostemon omphalocarpoides Engl.,3.38008,13.6611,50,Pallisco,"1ha plot pallisco3, tag 178",10002,IRD plot,588,178,pallisco3
IMG_8151.JPG,68483,15/11/2012,Irvingia gabonensis (Aubry-Lecomte ex O'Rorke) Baill.,3.38008,13.6611,50,Pallisco,"1ha plot pallisco3, tag 185",10001,IRD plot,587,185,pallisco3
IMG_8152.JPG,68483,15/11/2012,Irvingia gabonensis (Aubry-Lecomte ex O'Rorke) Baill.,3.38008,13.6611,50,Pallisco,"1ha plot pallisco3, tag 185",10001,IRD plot,587,185,pallisco3
IMG_8153.JPG,68483,15/11/2012,Irvingia gabonensis (Aubry-Lecomte ex O'Rorke) Baill.,3.38008,13.6611,50,Pallisco,"1ha plot pallisco3, tag 185",10001,IRD plot,587,185,pallisco3
IMG_8154.JPG,68483,15/11/2012,Irvingia gabonensis (Aubry-Lecomte ex O'Rorke) Baill.,3.38008,13.6611,50,Pallisco,"1ha plot pallisco3, tag 185",10001,IRD plot,587,185,pallisco3
IMG_8155.JPG,68483,15/11/2012,Irvingia gabonensis (Aubry-Lecomte ex O'Rorke) Baill.,3.38008,13.6611,50,Pallisco,"1ha plot pallisco3, tag 185",10001,IRD plot,587,185,pallisco3
IMG_8156.JPG,68574,15/11/2012,Erythrophleum suaveolens (Guill. & Perr.) Brenan,3.38008,13.6611,50,Pallisco,"1ha plot pallisco3, tag 213",10021,IRD plot,607,213,pallisco3
IMG_8157.JPG,68574,15/11/2012,Erythrophleum suaveolens (Guill. & Perr.) Brenan,3.38008,13.6611,50,Pallisco,"1ha plot pallisco3, tag 213",10021,IRD plot,607,213,pallisco3
IMG_8158.JPG,68574,15/11/2012,Erythrophleum suaveolens (Guill. & Perr.) Brenan,3.38008,13.6611,50,Pallisco,"1ha plot pallisco3, tag 213",10021,IRD plot,607,213,pallisco3
IMG_8159.JPG,68761,15/11/2012,Lasiodiscus marmoratus C.H.Wright,3.38008,13.6611,50,Pallisco,"1ha plot pallisco3, tag 241",9967,IRD plot,553,241,pallisco3
IMG_8160.JPG,68761,15/11/2012,Lasiodiscus marmoratus C.H.Wright,3.38008,13.6611,50,Pallisco,"1ha plot pallisco3, tag 241",9967,IRD plot,553,241,pallisco3
IMG_8161.JPG,68761,15/11/2012,Lasiodiscus marmoratus C.H.Wright,3.38008,13.6611,50,Pallisco,"1ha plot pallisco3, tag 241",9967,IRD plot,553,241,pallisco3
IMG_8162.JPG,68761,15/11/2012,Lasiodiscus marmoratus C.H.Wright,3.38008,13.6611,50,Pallisco,"1ha plot pallisco3, tag 241",9967,IRD plot,553,241,pallisco3
IMG_8162_stitch.jpg,68761,15/11/2012,Lasiodiscus marmoratus C.H.Wright,3.38008,13.6611,50,Pallisco,"1ha plot pallisco3, tag 241",9967,IRD plot,553,241,pallisco3
IMG_8163.JPG,68761,15/11/2012,Lasiodiscus marmoratus C.H.Wright,3.38008,13.6611,50,Pallisco,"1ha plot pallisco3, tag 241",9967,IRD plot,553,241,pallisco3
IMG_8164.JPG,68761,15/11/2012,Lasiodiscus marmoratus C.H.Wright,3.38008,13.6611,50,Pallisco,"1ha plot pallisco3, tag 241",9967,IRD plot,553,241,pallisco3
IMG_8165.JPG,69445,15/11/2012,Leplaea cedrata (A.Chev.) E.J.M.Koenen & J.J.de Wilde,3.38008,13.6611,50,Pallisco,"1ha plot pallisco3, tag 271",NA,NA,NA,271,pallisco3
IMG_8166.JPG,69445,15/11/2012,Leplaea cedrata (A.Chev.) E.J.M.Koenen & J.J.de Wilde,3.38008,13.6611,50,Pallisco,"1ha plot pallisco3, tag 271",NA,NA,NA,271,pallisco3
IMG_8167.JPG,69476,15/11/2012,NA,3.38008,13.6611,50,Pallisco,"1ha plot pallisco3, tag 397",NA,NA,NA,397,pallisco3
IMG_8168.JPG,69476,15/11/2012,NA,3.38008,13.6611,50,Pallisco,"1ha plot pallisco3, tag 397",NA,NA,NA,397,pallisco3
IMG_8169.JPG,69476,15/11/2012,NA,3.38008,13.6611,50,Pallisco,"1ha plot pallisco3, tag 397",NA,NA,NA,397,pallisco3
IMG_8170.JPG,68476,15/11/2012,Mammea africana Sabine,3.38008,13.6611,50,Pallisco,"1ha plot pallisco3, tag 409",9999,IRD plot,585,409,pallisco3
IMG_8171.JPG,68476,15/11/2012,Mammea africana Sabine,3.38008,13.6611,50,Pallisco,"1ha plot pallisco3, tag 409",9999,IRD plot,585,409,pallisco3
IMG_8172.JPG,68476,15/11/2012,Mammea africana Sabine,3.38008,13.6611,50,Pallisco,"1ha plot pallisco3, tag 409",9999,IRD plot,585,409,pallisco3
IMG_8173.JPG,68476,15/11/2012,Mammea africana Sabine,3.38008,13.6611,50,Pallisco,"1ha plot pallisco3, tag 409",9999,IRD plot,585,409,pallisco3
IMG_8174.JPG,68476,15/11/2012,Mammea africana Sabine,3.38008,13.6611,50,Pallisco,"1ha plot pallisco3, tag 409",9999,IRD plot,585,409,pallisco3
IMG_8175.JPG,68472,15/11/2012,Macaranga paxii Prain,3.38008,13.6611,50,Pallisco,"1ha plot pallisco3, tag 441",10005,IRD plot,591,441,pallisco3
IMG_8176.JPG,68472,15/11/2012,Macaranga paxii Prain,3.38008,13.6611,50,Pallisco,"1ha plot pallisco3, tag 441",10005,IRD plot,591,441,pallisco3
IMG_8177.JPG,68472,15/11/2012,Macaranga paxii Prain,3.38008,13.6611,50,Pallisco,"1ha plot pallisco3, tag 441",10005,IRD plot,591,441,pallisco3
IMG_8178.JPG,68472,15/11/2012,Macaranga paxii Prain,3.38008,13.6611,50,Pallisco,"1ha plot pallisco3, tag 441",10005,IRD plot,591,441,pallisco3
IMG_8179.JPG,68472,15/11/2012,Macaranga paxii Prain,3.38008,13.6611,50,Pallisco,"1ha plot pallisco3, tag 441",10005,IRD plot,591,441,pallisco3
IMG_8180.JPG,68472,15/11/2012,Macaranga paxii Prain,3.38008,13.6611,50,Pallisco,"1ha plot pallisco3, tag 441",10005,IRD plot,591,441,pallisco3
IMG_8181.JPG,69494,15/11/2012,NA,3.38008,13.6611,50,Pallisco,"1ha plot pallisco3, tag 463",NA,NA,NA,463,pallisco3
IMG_8182.JPG,69494,15/11/2012,NA,3.38008,13.6611,50,Pallisco,"1ha plot pallisco3, tag 463",NA,NA,NA,463,pallisco3
IMG_8183.JPG,69494,15/11/2012,NA,3.38008,13.6611,50,Pallisco,"1ha plot pallisco3, tag 463",NA,NA,NA,463,pallisco3
IMG_8184.JPG,68894,15/11/2012,Oncoba crepiniana De Wild. & T.Durand,3.38008,13.6611,50,Pallisco,"1ha plot pallisco3, tag 470",9919,IRD plot,505,470,pallisco3
IMG_8185.JPG,68894,15/11/2012,Oncoba crepiniana De Wild. & T.Durand,3.38008,13.6611,50,Pallisco,"1ha plot pallisco3, tag 470",9919,IRD plot,505,470,pallisco3
IMG_8186.JPG,68894,15/11/2012,Oncoba crepiniana De Wild. & T.Durand,3.38008,13.6611,50,Pallisco,"1ha plot pallisco3, tag 470",9919,IRD plot,505,470,pallisco3
IMG_8187.JPG,68894,15/11/2012,Oncoba crepiniana De Wild. & T.Durand,3.38008,13.6611,50,Pallisco,"1ha plot pallisco3, tag 470",9919,IRD plot,505,470,pallisco3
IMG_8188.JPG,68894,15/11/2012,Oncoba crepiniana De Wild. & T.Durand,3.38008,13.6611,50,Pallisco,"1ha plot pallisco3, tag 470",9919,IRD plot,505,470,pallisco3
IMG_8189.JPG,68462,20/11/2012,Zanthoxylum gilletii (De Wild.) P.G.Waterman,3.38401,13.6733,50,Pallisco,"1ha plot pallisco4, tag 2",10009,IRD plot,595,2,pallisco4
IMG_8190.JPG,68462,20/11/2012,Zanthoxylum gilletii (De Wild.) P.G.Waterman,3.38401,13.6733,50,Pallisco,"1ha plot pallisco4, tag 2",10009,IRD plot,595,2,pallisco4
IMG_8191.JPG,68462,20/11/2012,Zanthoxylum gilletii (De Wild.) P.G.Waterman,3.38401,13.6733,50,Pallisco,"1ha plot pallisco4, tag 2",10009,IRD plot,595,2,pallisco4
IMG_8192.JPG,68462,20/11/2012,Zanthoxylum gilletii (De Wild.) P.G.Waterman,3.38401,13.6733,50,Pallisco,"1ha plot pallisco4, tag 2",10009,IRD plot,595,2,pallisco4
IMG_8193.JPG,68462,20/11/2012,Zanthoxylum gilletii (De Wild.) P.G.Waterman,3.38401,13.6733,50,Pallisco,"1ha plot pallisco4, tag 2",10009,IRD plot,595,2,pallisco4
IMG_8194.JPG,68462,20/11/2012,Zanthoxylum gilletii (De Wild.) P.G.Waterman,3.38401,13.6733,50,Pallisco,"1ha plot pallisco4, tag 2",10009,IRD plot,595,2,pallisco4
IMG_8195.JPG,68462,20/11/2012,Zanthoxylum gilletii (De Wild.) P.G.Waterman,3.38401,13.6733,50,Pallisco,"1ha plot pallisco4, tag 2",10009,IRD plot,595,2,pallisco4
IMG_8196.JPG,68462,20/11/2012,Zanthoxylum gilletii (De Wild.) P.G.Waterman,3.38401,13.6733,50,Pallisco,"1ha plot pallisco4, tag 2",10009,IRD plot,595,2,pallisco4
IMG_8197.JPG,68566,20/11/2012,Maesobotrya klaineana (Pierre) J.Léonard,3.38401,13.6733,50,Pallisco,"1ha plot pallisco4, tag 13",10014,IRD plot,600,13,pallisco4
IMG_8198.JPG,68566,20/11/2012,Maesobotrya klaineana (Pierre) J.Léonard,3.38401,13.6733,50,Pallisco,"1ha plot pallisco4, tag 13",10014,IRD plot,600,13,pallisco4
IMG_8199.JPG,68566,20/11/2012,Maesobotrya klaineana (Pierre) J.Léonard,3.38401,13.6733,50,Pallisco,"1ha plot pallisco4, tag 13",10014,IRD plot,600,13,pallisco4
IMG_8200.JPG,68566,20/11/2012,Maesobotrya klaineana (Pierre) J.Léonard,3.38401,13.6733,50,Pallisco,"1ha plot pallisco4, tag 13",10014,IRD plot,600,13,pallisco4
IMG_8201.JPG,68566,20/11/2012,Maesobotrya klaineana (Pierre) J.Léonard,3.38401,13.6733,50,Pallisco,"1ha plot pallisco4, tag 13",10014,IRD plot,600,13,pallisco4
IMG_8202.JPG,68566,20/11/2012,Maesobotrya klaineana (Pierre) J.Léonard,3.38401,13.6733,50,Pallisco,"1ha plot pallisco4, tag 13",10014,IRD plot,600,13,pallisco4
IMG_8203.JPG,69395,20/11/2012,Drypetes gossweileri S.Moore,3.38401,13.6733,50,Pallisco,"1ha plot pallisco4, tag 20",NA,NA,NA,20,pallisco4
IMG_8204.JPG,69395,20/11/2012,Drypetes gossweileri S.Moore,3.38401,13.6733,50,Pallisco,"1ha plot pallisco4, tag 20",NA,NA,NA,20,pallisco4
IMG_8205.JPG,68455,20/11/2012,Corynanthe pachyceras K.Schum.,3.38401,13.6733,50,Pallisco,"1ha plot pallisco4, tag 34",10008,IRD plot,594,34,pallisco4
IMG_8206.JPG,68455,20/11/2012,Corynanthe pachyceras K.Schum.,3.38401,13.6733,50,Pallisco,"1ha plot pallisco4, tag 34",10008,IRD plot,594,34,pallisco4
IMG_8207.JPG,68455,20/11/2012,Corynanthe pachyceras K.Schum.,3.38401,13.6733,50,Pallisco,"1ha plot pallisco4, tag 34",10008,IRD plot,594,34,pallisco4
IMG_8208.JPG,68455,20/11/2012,Corynanthe pachyceras K.Schum.,3.38401,13.6733,50,Pallisco,"1ha plot pallisco4, tag 34",10008,IRD plot,594,34,pallisco4
IMG_8209.JPG,68455,20/11/2012,Corynanthe pachyceras K.Schum.,3.38401,13.6733,50,Pallisco,"1ha plot pallisco4, tag 34",10008,IRD plot,594,34,pallisco4
IMG_8210.JPG,68455,20/11/2012,Corynanthe pachyceras K.Schum.,3.38401,13.6733,50,Pallisco,"1ha plot pallisco4, tag 34",10008,IRD plot,594,34,pallisco4
IMG_8211.JPG,68455,20/11/2012,Corynanthe pachyceras K.Schum.,3.38401,13.6733,50,Pallisco,"1ha plot pallisco4, tag 34",10008,IRD plot,594,34,pallisco4
IMG_8212.JPG,68450,20/11/2012,Psychotria gilletii De Wild.,3.38401,13.6733,50,Pallisco,"1ha plot pallisco4, tag 63",10010,IRD plot,596,63,pallisco4
IMG_8213.JPG,68450,20/11/2012,Psychotria gilletii De Wild.,3.38401,13.6733,50,Pallisco,"1ha plot pallisco4, tag 63",10010,IRD plot,596,63,pallisco4
IMG_8214.JPG,68450,20/11/2012,Psychotria gilletii De Wild.,3.38401,13.6733,50,Pallisco,"1ha plot pallisco4, tag 63",10010,IRD plot,596,63,pallisco4
IMG_8215.JPG,68450,20/11/2012,Psychotria gilletii De Wild.,3.38401,13.6733,50,Pallisco,"1ha plot pallisco4, tag 63",10010,IRD plot,596,63,pallisco4
IMG_8216.JPG,68450,20/11/2012,Psychotria gilletii De Wild.,3.38401,13.6733,50,Pallisco,"1ha plot pallisco4, tag 63",10010,IRD plot,596,63,pallisco4
IMG_8217.JPG,68450,20/11/2012,Psychotria gilletii De Wild.,3.38401,13.6733,50,Pallisco,"1ha plot pallisco4, tag 63",10010,IRD plot,596,63,pallisco4
IMG_8218.JPG,68449,20/11/2012,Vernonia conferta Benth.,3.38401,13.6733,50,Pallisco,"1ha plot pallisco4, tag 68",10011,IRD plot,597,68,pallisco4
IMG_8219.JPG,68449,20/11/2012,Vernonia conferta Benth.,3.38401,13.6733,50,Pallisco,"1ha plot pallisco4, tag 68",10011,IRD plot,597,68,pallisco4
IMG_8220.JPG,68449,20/11/2012,Vernonia conferta Benth.,3.38401,13.6733,50,Pallisco,"1ha plot pallisco4, tag 68",10011,IRD plot,597,68,pallisco4
IMG_8221.JPG,68449,20/11/2012,Vernonia conferta Benth.,3.38401,13.6733,50,Pallisco,"1ha plot pallisco4, tag 68",10011,IRD plot,597,68,pallisco4
IMG_8222.JPG,68449,20/11/2012,Vernonia conferta Benth.,3.38401,13.6733,50,Pallisco,"1ha plot pallisco4, tag 68",10011,IRD plot,597,68,pallisco4
IMG_8223.JPG,68449,20/11/2012,Vernonia conferta Benth.,3.38401,13.6733,50,Pallisco,"1ha plot pallisco4, tag 68",10011,IRD plot,597,68,pallisco4
IMG_8224.JPG,68449,20/11/2012,Vernonia conferta Benth.,3.38401,13.6733,50,Pallisco,"1ha plot pallisco4, tag 68",10011,IRD plot,597,68,pallisco4
IMG_8225.JPG,68448,20/11/2012,NA,3.38401,13.6733,50,Pallisco,"1ha plot pallisco4, tag 85",10013,IRD plot,599,85,pallisco4
IMG_8226.JPG,68448,20/11/2012,NA,3.38401,13.6733,50,Pallisco,"1ha plot pallisco4, tag 85",10013,IRD plot,599,85,pallisco4
IMG_8227.JPG,68448,20/11/2012,NA,3.38401,13.6733,50,Pallisco,"1ha plot pallisco4, tag 85",10013,IRD plot,599,85,pallisco4
IMG_8228.JPG,68448,20/11/2012,NA,3.38401,13.6733,50,Pallisco,"1ha plot pallisco4, tag 85",10013,IRD plot,599,85,pallisco4
IMG_8229.JPG,68448,20/11/2012,NA,3.38401,13.6733,50,Pallisco,"1ha plot pallisco4, tag 85",10013,IRD plot,599,85,pallisco4
IMG_8230.JPG,68448,20/11/2012,NA,3.38401,13.6733,50,Pallisco,"1ha plot pallisco4, tag 85",10013,IRD plot,599,85,pallisco4
IMG_8236.JPG,68464,20/11/2012,Zanthoxylum rubescens Planch. ex Hook.f.,3.38401,13.6733,50,Pallisco,"1ha plot pallisco4, tag 107",10007,IRD plot,593,107,pallisco4
IMG_8237.JPG,68464,20/11/2012,Zanthoxylum rubescens Planch. ex Hook.f.,3.38401,13.6733,50,Pallisco,"1ha plot pallisco4, tag 107",10007,IRD plot,593,107,pallisco4
IMG_8238.JPG,68464,20/11/2012,Zanthoxylum rubescens Planch. ex Hook.f.,3.38401,13.6733,50,Pallisco,"1ha plot pallisco4, tag 107",10007,IRD plot,593,107,pallisco4
IMG_8239.JPG,68464,20/11/2012,Zanthoxylum rubescens Planch. ex Hook.f.,3.38401,13.6733,50,Pallisco,"1ha plot pallisco4, tag 107",10007,IRD plot,593,107,pallisco4
IMG_8240.JPG,68464,20/11/2012,Zanthoxylum rubescens Planch. ex Hook.f.,3.38401,13.6733,50,Pallisco,"1ha plot pallisco4, tag 107",10007,IRD plot,593,107,pallisco4
IMG_8241.JPG,68464,20/11/2012,Zanthoxylum rubescens Planch. ex Hook.f.,3.38401,13.6733,50,Pallisco,"1ha plot pallisco4, tag 107",10007,IRD plot,593,107,pallisco4
IMG_8242.JPG,68464,20/11/2012,Zanthoxylum rubescens Planch. ex Hook.f.,3.38401,13.6733,50,Pallisco,"1ha plot pallisco4, tag 107",10007,IRD plot,593,107,pallisco4
IMG_8243.JPG,68464,20/11/2012,Zanthoxylum rubescens Planch. ex Hook.f.,3.38401,13.6733,50,Pallisco,"1ha plot pallisco4, tag 107",10007,IRD plot,593,107,pallisco4
IMG_8244.JPG,68463,20/11/2012,NA,3.38401,13.6733,50,Pallisco,"1ha plot pallisco4, tag 110",10012,IRD plot,598,110,pallisco4
IMG_8245.JPG,68463,20/11/2012,NA,3.38401,13.6733,50,Pallisco,"1ha plot pallisco4, tag 110",10012,IRD plot,598,110,pallisco4
IMG_8246.JPG,68463,20/11/2012,NA,3.38401,13.6733,50,Pallisco,"1ha plot pallisco4, tag 110",10012,IRD plot,598,110,pallisco4
IMG_8247.JPG,68463,20/11/2012,NA,3.38401,13.6733,50,Pallisco,"1ha plot pallisco4, tag 110",10012,IRD plot,598,110,pallisco4
IMG_8248.JPG,68463,20/11/2012,NA,3.38401,13.6733,50,Pallisco,"1ha plot pallisco4, tag 110",10012,IRD plot,598,110,pallisco4
IMG_8249.JPG,68463,20/11/2012,NA,3.38401,13.6733,50,Pallisco,"1ha plot pallisco4, tag 110",10012,IRD plot,598,110,pallisco4
IMG_8250.JPG,68463,20/11/2012,NA,3.38401,13.6733,50,Pallisco,"1ha plot pallisco4, tag 110",10012,IRD plot,598,110,pallisco4
IMG_8251.JPG,68463,20/11/2012,NA,3.38401,13.6733,50,Pallisco,"1ha plot pallisco4, tag 110",10012,IRD plot,598,110,pallisco4
IMG_8252.JPG,68463,20/11/2012,NA,3.38401,13.6733,50,Pallisco,"1ha plot pallisco4, tag 110",10012,IRD plot,598,110,pallisco4
IMG_8258.JPG,69496,20/11/2012,NA,3.38401,13.6733,50,Pallisco,"1ha plot pallisco4, tag 180",NA,NA,NA,180,pallisco4
IMG_8259.JPG,69496,20/11/2012,NA,3.38401,13.6733,50,Pallisco,"1ha plot pallisco4, tag 180",NA,NA,NA,180,pallisco4
IMG_8260.JPG,69496,20/11/2012,NA,3.38401,13.6733,50,Pallisco,"1ha plot pallisco4, tag 180",NA,NA,NA,180,pallisco4
IMG_8261.JPG,69496,20/11/2012,NA,3.38401,13.6733,50,Pallisco,"1ha plot pallisco4, tag 180",NA,NA,NA,180,pallisco4
IMG_8262.JPG,69496,20/11/2012,NA,3.38401,13.6733,50,Pallisco,"1ha plot pallisco4, tag 180",NA,NA,NA,180,pallisco4
IMG_8263.JPG,69496,20/11/2012,NA,3.38401,13.6733,50,Pallisco,"1ha plot pallisco4, tag 180",NA,NA,NA,180,pallisco4
IMG_8264.JPG,69496,20/11/2012,NA,3.38401,13.6733,50,Pallisco,"1ha plot pallisco4, tag 180",NA,NA,NA,180,pallisco4
IMG_1084.JPG,80472,NA/3/2011,Mansonia altissima (A.Chev.) A.Chev.,2.43329,13.5188,50,Mintom,"1ha plot mintom003, tag 275",NA,NA,NA,275,mintom003
IMG_1085.JPG,80472,NA/3/2011,Mansonia altissima (A.Chev.) A.Chev.,2.43329,13.5188,50,Mintom,"1ha plot mintom003, tag 275",NA,NA,NA,275,mintom003
IMG_1086.JPG,80472,NA/3/2011,Mansonia altissima (A.Chev.) A.Chev.,2.43329,13.5188,50,Mintom,"1ha plot mintom003, tag 275",NA,NA,NA,275,mintom003
IMG_1088.JPG,80472,NA/3/2011,Mansonia altissima (A.Chev.) A.Chev.,2.43329,13.5188,50,Mintom,"1ha plot mintom003, tag 275",NA,NA,NA,275,mintom003
IMG_1089.JPG,79006,NA/3/2011,Duguetia staudtii (Engl. & Diels) Chatrou,2.43329,13.5188,50,Mintom,"1ha plot mintom003, tag 288",NA,NA,NA,288,mintom003
IMG_1090.JPG,79006,NA/3/2011,Duguetia staudtii (Engl. & Diels) Chatrou,2.43329,13.5188,50,Mintom,"1ha plot mintom003, tag 288",NA,NA,NA,288,mintom003
IMG_1091.JPG,79006,NA/3/2011,Duguetia staudtii (Engl. & Diels) Chatrou,2.43329,13.5188,50,Mintom,"1ha plot mintom003, tag 288",NA,NA,NA,288,mintom003
IMG_1092.JPG,79006,NA/3/2011,Duguetia staudtii (Engl. & Diels) Chatrou,2.43329,13.5188,50,Mintom,"1ha plot mintom003, tag 288",NA,NA,NA,288,mintom003
IMG_1093.JPG,82211,NA/3/2011,Klainedoxa gabonensis Pierre,2.43329,13.5188,50,Mintom,"1ha plot mintom003, tag 290",NA,NA,NA,290,mintom003
IMG_1094.JPG,82211,NA/3/2011,Klainedoxa gabonensis Pierre,2.43329,13.5188,50,Mintom,"1ha plot mintom003, tag 290",NA,NA,NA,290,mintom003
IMG_1095.JPG,82211,NA/3/2011,Klainedoxa gabonensis Pierre,2.43329,13.5188,50,Mintom,"1ha plot mintom003, tag 290",NA,NA,NA,290,mintom003
IMG_1096.JPG,82211,NA/3/2011,Klainedoxa gabonensis Pierre,2.43329,13.5188,50,Mintom,"1ha plot mintom003, tag 290",NA,NA,NA,290,mintom003
IMG_1097.JPG,82211,NA/3/2011,Klainedoxa gabonensis Pierre,2.43329,13.5188,50,Mintom,"1ha plot mintom003, tag 290",NA,NA,NA,290,mintom003
IMG_1098.JPG,82158,NA/3/2011,Mansonia altissima (A.Chev.) A.Chev.,2.43329,13.5188,50,Mintom,"1ha plot mintom003, tag 300",NA,NA,NA,300,mintom003
IMG_1099.JPG,82158,NA/3/2011,Mansonia altissima (A.Chev.) A.Chev.,2.43329,13.5188,50,Mintom,"1ha plot mintom003, tag 300",NA,NA,NA,300,mintom003
IMG_1100.JPG,82158,NA/3/2011,Mansonia altissima (A.Chev.) A.Chev.,2.43329,13.5188,50,Mintom,"1ha plot mintom003, tag 300",NA,NA,NA,300,mintom003
IMG_1101.JPG,82158,NA/3/2011,Mansonia altissima (A.Chev.) A.Chev.,2.43329,13.5188,50,Mintom,"1ha plot mintom003, tag 300",NA,NA,NA,300,mintom003
IMG_1102.JPG,82158,NA/3/2011,Mansonia altissima (A.Chev.) A.Chev.,2.43329,13.5188,50,Mintom,"1ha plot mintom003, tag 300",NA,NA,NA,300,mintom003
IMG_1103.JPG,82158,NA/3/2011,Mansonia altissima (A.Chev.) A.Chev.,2.43329,13.5188,50,Mintom,"1ha plot mintom003, tag 300",NA,NA,NA,300,mintom003
IMG_1104.JPG,82158,NA/3/2011,Mansonia altissima (A.Chev.) A.Chev.,2.43329,13.5188,50,Mintom,"1ha plot mintom003, tag 300",NA,NA,NA,300,mintom003
IMG_1118.JPG,82073,NA/3/2011,Petersianthus macrocarpus (P.Beauv.) Liben,2.43329,13.5188,50,Mintom,"1ha plot mintom003, tag 314",NA,NA,NA,314,mintom003
IMG_1119.JPG,82073,NA/3/2011,Petersianthus macrocarpus (P.Beauv.) Liben,2.43329,13.5188,50,Mintom,"1ha plot mintom003, tag 314",NA,NA,NA,314,mintom003
IMG_1120.JPG,82073,NA/3/2011,Petersianthus macrocarpus (P.Beauv.) Liben,2.43329,13.5188,50,Mintom,"1ha plot mintom003, tag 314",NA,NA,NA,314,mintom003
IMG_1121.JPG,82073,NA/3/2011,Petersianthus macrocarpus (P.Beauv.) Liben,2.43329,13.5188,50,Mintom,"1ha plot mintom003, tag 314",NA,NA,NA,314,mintom003
IMG_1200.JPG,82618,NA/3/2011,NA,2.43329,13.5188,50,Mintom,"1ha plot mintom003, tag 372",NA,NA,NA,372,mintom003
IMG_1201.JPG,82618,NA/3/2011,NA,2.43329,13.5188,50,Mintom,"1ha plot mintom003, tag 372",NA,NA,NA,372,mintom003
IMG_1202.JPG,82618,NA/3/2011,NA,2.43329,13.5188,50,Mintom,"1ha plot mintom003, tag 372",NA,NA,NA,372,mintom003
IMG_1203.JPG,74602,NA/3/2011,NA,2.43329,13.5188,50,Mintom,"1ha plot mintom003, tag 373",NA,NA,NA,373,mintom003
IMG_1204.JPG,74602,NA/3/2011,NA,2.43329,13.5188,50,Mintom,"1ha plot mintom003, tag 373",NA,NA,NA,373,mintom003
IMG_1205.JPG,74602,NA/3/2011,NA,2.43329,13.5188,50,Mintom,"1ha plot mintom003, tag 373",NA,NA,NA,373,mintom003
IMG_1206.JPG,74602,NA/3/2011,NA,2.43329,13.5188,50,Mintom,"1ha plot mintom003, tag 373",NA,NA,NA,373,mintom003
IMG_0508.JPG,129422,NA/8/2012,Pterocarpus soyauxii Taub.,2.63991,14.1424,50,Ngoila,"1ha plot ngoila002, tag 7",10371,IRD plot,429,7,ngoila002
IMG_0509.JPG,129422,NA/8/2012,Pterocarpus soyauxii Taub.,2.63991,14.1424,50,Ngoila,"1ha plot ngoila002, tag 7",10371,IRD plot,429,7,ngoila002
IMG_0510.JPG,129422,NA/8/2012,Pterocarpus soyauxii Taub.,2.63991,14.1424,50,Ngoila,"1ha plot ngoila002, tag 7",10371,IRD plot,429,7,ngoila002
IMG_0511.JPG,129422,NA/8/2012,Pterocarpus soyauxii Taub.,2.63991,14.1424,50,Ngoila,"1ha plot ngoila002, tag 7",10371,IRD plot,429,7,ngoila002
IMG_0512.JPG,129754,NA/8/2012,Pouteria altissima (A.Chev.) Baehni,2.63991,14.1424,50,Ngoila,"1ha plot ngoila002, tag 336",10390,IRD plot,448,336,ngoila002
IMG_0513.JPG,129754,NA/8/2012,Pouteria altissima (A.Chev.) Baehni,2.63991,14.1424,50,Ngoila,"1ha plot ngoila002, tag 336",10390,IRD plot,448,336,ngoila002
IMG_0514.JPG,129754,NA/8/2012,Pouteria altissima (A.Chev.) Baehni,2.63991,14.1424,50,Ngoila,"1ha plot ngoila002, tag 336",10390,IRD plot,448,336,ngoila002
IMG_0515.JPG,129754,NA/8/2012,Pouteria altissima (A.Chev.) Baehni,2.63991,14.1424,50,Ngoila,"1ha plot ngoila002, tag 336",10390,IRD plot,448,336,ngoila002
IMG_0516.JPG,129426,NA/8/2012,Drypetes polyantha Pax & K.Hoffm.,2.63991,14.1424,50,Ngoila,"1ha plot ngoila002, tag 11",10373,IRD plot,431,11,ngoila002
IMG_0517.JPG,129426,NA/8/2012,Drypetes polyantha Pax & K.Hoffm.,2.63991,14.1424,50,Ngoila,"1ha plot ngoila002, tag 11",10373,IRD plot,431,11,ngoila002
IMG_0518.JPG,129426,NA/8/2012,Drypetes polyantha Pax & K.Hoffm.,2.63991,14.1424,50,Ngoila,"1ha plot ngoila002, tag 11",10373,IRD plot,431,11,ngoila002
IMG_0519.JPG,129426,NA/8/2012,Drypetes polyantha Pax & K.Hoffm.,2.63991,14.1424,50,Ngoila,"1ha plot ngoila002, tag 11",10373,IRD plot,431,11,ngoila002
IMG_0520.JPG,129460,NA/8/2012,Diospyros hoyleana F.White,2.63991,14.1424,50,Ngoila,"1ha plot ngoila002, tag 45",10377,IRD plot,435,45,ngoila002
IMG_0521.JPG,129460,NA/8/2012,Diospyros hoyleana F.White,2.63991,14.1424,50,Ngoila,"1ha plot ngoila002, tag 45",10377,IRD plot,435,45,ngoila002
IMG_0522.JPG,129460,NA/8/2012,Diospyros hoyleana F.White,2.63991,14.1424,50,Ngoila,"1ha plot ngoila002, tag 45",10377,IRD plot,435,45,ngoila002
IMG_0523.JPG,129460,NA/8/2012,Diospyros hoyleana F.White,2.63991,14.1424,50,Ngoila,"1ha plot ngoila002, tag 45",10377,IRD plot,435,45,ngoila002
IMG_0524.JPG,129416,NA/8/2012,Drypetes occidentalis (Müll.Arg.) Hutch.,2.63991,14.1424,50,Ngoila,"1ha plot ngoila002, tag 1",10368,IRD plot,426,1,ngoila002
IMG_0525.JPG,129416,NA/8/2012,Drypetes occidentalis (Müll.Arg.) Hutch.,2.63991,14.1424,50,Ngoila,"1ha plot ngoila002, tag 1",10368,IRD plot,426,1,ngoila002
IMG_0526.JPG,129416,NA/8/2012,Drypetes occidentalis (Müll.Arg.) Hutch.,2.63991,14.1424,50,Ngoila,"1ha plot ngoila002, tag 1",10368,IRD plot,426,1,ngoila002
IMG_0527.JPG,129416,NA/8/2012,Drypetes occidentalis (Müll.Arg.) Hutch.,2.63991,14.1424,50,Ngoila,"1ha plot ngoila002, tag 1",10368,IRD plot,426,1,ngoila002
IMG_0528.JPG,129416,NA/8/2012,Drypetes occidentalis (Müll.Arg.) Hutch.,2.63991,14.1424,50,Ngoila,"1ha plot ngoila002, tag 1",10368,IRD plot,426,1,ngoila002
IMG_0529.JPG,129762,NA/8/2012,Diospyros physocalycina Gürke,2.63991,14.1424,50,Ngoila,"1ha plot ngoila002, tag 344",10391,IRD plot,449,344,ngoila002
IMG_0530.JPG,129762,NA/8/2012,Diospyros physocalycina Gürke,2.63991,14.1424,50,Ngoila,"1ha plot ngoila002, tag 344",10391,IRD plot,449,344,ngoila002
IMG_0531.JPG,129762,NA/8/2012,Diospyros physocalycina Gürke,2.63991,14.1424,50,Ngoila,"1ha plot ngoila002, tag 344",10391,IRD plot,449,344,ngoila002
IMG_0532.JPG,129762,NA/8/2012,Diospyros physocalycina Gürke,2.63991,14.1424,50,Ngoila,"1ha plot ngoila002, tag 344",10391,IRD plot,449,344,ngoila002
IMG_0533.JPG,129762,NA/8/2012,Diospyros physocalycina Gürke,2.63991,14.1424,50,Ngoila,"1ha plot ngoila002, tag 344",10391,IRD plot,449,344,ngoila002
IMG_0534.JPG,129764,NA/8/2012,Rothmannia longiflora Salisb.,2.63991,14.1424,50,Ngoila,"1ha plot ngoila002, tag 346",NA,NA,NA,346,ngoila002
IMG_0535.JPG,129764,NA/8/2012,Rothmannia longiflora Salisb.,2.63991,14.1424,50,Ngoila,"1ha plot ngoila002, tag 346",NA,NA,NA,346,ngoila002
IMG_0536.JPG,129764,NA/8/2012,Rothmannia longiflora Salisb.,2.63991,14.1424,50,Ngoila,"1ha plot ngoila002, tag 346",NA,NA,NA,346,ngoila002
IMG_0537.JPG,129764,NA/8/2012,Rothmannia longiflora Salisb.,2.63991,14.1424,50,Ngoila,"1ha plot ngoila002, tag 346",NA,NA,NA,346,ngoila002
IMG_0538.JPG,129740,NA/8/2012,Trichilia monadelpha (Thonn.) J.J.de Wilde,2.63991,14.1424,50,Ngoila,"1ha plot ngoila002, tag 322",10389,IRD plot,447,322,ngoila002
IMG_0539.JPG,129740,NA/8/2012,Trichilia monadelpha (Thonn.) J.J.de Wilde,2.63991,14.1424,50,Ngoila,"1ha plot ngoila002, tag 322",10389,IRD plot,447,322,ngoila002
IMG_0540.JPG,129740,NA/8/2012,Trichilia monadelpha (Thonn.) J.J.de Wilde,2.63991,14.1424,50,Ngoila,"1ha plot ngoila002, tag 322",10389,IRD plot,447,322,ngoila002
IMG_0541.JPG,129740,NA/8/2012,Trichilia monadelpha (Thonn.) J.J.de Wilde,2.63991,14.1424,50,Ngoila,"1ha plot ngoila002, tag 322",10389,IRD plot,447,322,ngoila002
IMG_0542.JPG,129681,NA/8/2012,Panda oleosa Pierre,2.63991,14.1424,50,Ngoila,"1ha plot ngoila002, tag 263",10388,IRD plot,446,263,ngoila002
IMG_0543.JPG,129681,NA/8/2012,Panda oleosa Pierre,2.63991,14.1424,50,Ngoila,"1ha plot ngoila002, tag 263",10388,IRD plot,446,263,ngoila002
IMG_0544.JPG,129681,NA/8/2012,Panda oleosa Pierre,2.63991,14.1424,50,Ngoila,"1ha plot ngoila002, tag 263",10388,IRD plot,446,263,ngoila002
IMG_0545.JPG,129763,NA/8/2012,Corynanthe pachyceras K.Schum.,2.63991,14.1424,50,Ngoila,"1ha plot ngoila002, tag 345",10392,IRD plot,450,345,ngoila002
IMG_0546.JPG,129763,NA/8/2012,Corynanthe pachyceras K.Schum.,2.63991,14.1424,50,Ngoila,"1ha plot ngoila002, tag 345",10392,IRD plot,450,345,ngoila002
IMG_0547.JPG,129763,NA/8/2012,Corynanthe pachyceras K.Schum.,2.63991,14.1424,50,Ngoila,"1ha plot ngoila002, tag 345",10392,IRD plot,450,345,ngoila002
IMG_0548.JPG,129763,NA/8/2012,Corynanthe pachyceras K.Schum.,2.63991,14.1424,50,Ngoila,"1ha plot ngoila002, tag 345",10392,IRD plot,450,345,ngoila002
IMG_0549.JPG,129763,NA/8/2012,Corynanthe pachyceras K.Schum.,2.63991,14.1424,50,Ngoila,"1ha plot ngoila002, tag 345",10392,IRD plot,450,345,ngoila002
IMG_0550.JPG,129417,NA/8/2012,Millettia sanagana Harms,2.63991,14.1424,50,Ngoila,"1ha plot ngoila002, tag 2",10369,IRD plot,427,2,ngoila002
IMG_0551.JPG,129417,NA/8/2012,Millettia sanagana Harms,2.63991,14.1424,50,Ngoila,"1ha plot ngoila002, tag 2",10369,IRD plot,427,2,ngoila002
IMG_0552.JPG,129417,NA/8/2012,Millettia sanagana Harms,2.63991,14.1424,50,Ngoila,"1ha plot ngoila002, tag 2",10369,IRD plot,427,2,ngoila002
IMG_0553.JPG,129417,NA/8/2012,Millettia sanagana Harms,2.63991,14.1424,50,Ngoila,"1ha plot ngoila002, tag 2",10369,IRD plot,427,2,ngoila002
IMG_0554.JPG,129423,NA/8/2012,Greenwayodendron suaveolens (Engl. & Diels) Verdc.,2.63991,14.1424,50,Ngoila,"1ha plot ngoila002, tag 8",10372,IRD plot,430,8,ngoila002
IMG_0555.JPG,129423,NA/8/2012,Greenwayodendron suaveolens (Engl. & Diels) Verdc.,2.63991,14.1424,50,Ngoila,"1ha plot ngoila002, tag 8",10372,IRD plot,430,8,ngoila002
IMG_0556.JPG,129423,NA/8/2012,Greenwayodendron suaveolens (Engl. & Diels) Verdc.,2.63991,14.1424,50,Ngoila,"1ha plot ngoila002, tag 8",10372,IRD plot,430,8,ngoila002
IMG_0557.JPG,129423,NA/8/2012,Greenwayodendron suaveolens (Engl. & Diels) Verdc.,2.63991,14.1424,50,Ngoila,"1ha plot ngoila002, tag 8",10372,IRD plot,430,8,ngoila002
IMG_0558.JPG,129421,NA/8/2012,Strombosia pustulata Oliv.,2.63991,14.1424,50,Ngoila,"1ha plot ngoila002, tag 6",10370,IRD plot,428,6,ngoila002
IMG_0559.JPG,129421,NA/8/2012,Strombosia pustulata Oliv.,2.63991,14.1424,50,Ngoila,"1ha plot ngoila002, tag 6",10370,IRD plot,428,6,ngoila002
IMG_0560.JPG,129421,NA/8/2012,Strombosia pustulata Oliv.,2.63991,14.1424,50,Ngoila,"1ha plot ngoila002, tag 6",10370,IRD plot,428,6,ngoila002
IMG_0561.JPG,129421,NA/8/2012,Strombosia pustulata Oliv.,2.63991,14.1424,50,Ngoila,"1ha plot ngoila002, tag 6",10370,IRD plot,428,6,ngoila002
IMG_0562.JPG,129421,NA/8/2012,Strombosia pustulata Oliv.,2.63991,14.1424,50,Ngoila,"1ha plot ngoila002, tag 6",10370,IRD plot,428,6,ngoila002
IMG_0563.JPG,129681,NA/8/2012,Panda oleosa Pierre,2.63991,14.1424,50,Ngoila,"1ha plot ngoila002, tag 263",10388,IRD plot,446,263,ngoila002
IMG_0564.JPG,129681,NA/8/2012,Panda oleosa Pierre,2.63991,14.1424,50,Ngoila,"1ha plot ngoila002, tag 263",10388,IRD plot,446,263,ngoila002
IMG_0565.JPG,129681,NA/8/2012,Panda oleosa Pierre,2.63991,14.1424,50,Ngoila,"1ha plot ngoila002, tag 263",10388,IRD plot,446,263,ngoila002
IMG_0566.JPG,129681,NA/8/2012,Panda oleosa Pierre,2.63991,14.1424,50,Ngoila,"1ha plot ngoila002, tag 263",10388,IRD plot,446,263,ngoila002
IMG_0567.JPG,129674,NA/8/2012,Anthonotha macrophylla P.Beauv.,2.63991,14.1424,50,Ngoila,"1ha plot ngoila002, tag 256",10387,IRD plot,445,256,ngoila002
IMG_0568.JPG,129674,NA/8/2012,Anthonotha macrophylla P.Beauv.,2.63991,14.1424,50,Ngoila,"1ha plot ngoila002, tag 256",10387,IRD plot,445,256,ngoila002
IMG_0569.JPG,129674,NA/8/2012,Anthonotha macrophylla P.Beauv.,2.63991,14.1424,50,Ngoila,"1ha plot ngoila002, tag 256",10387,IRD plot,445,256,ngoila002
IMG_0570.JPG,129674,NA/8/2012,Anthonotha macrophylla P.Beauv.,2.63991,14.1424,50,Ngoila,"1ha plot ngoila002, tag 256",10387,IRD plot,445,256,ngoila002
IMG_0571.JPG,129423,NA/8/2012,Greenwayodendron suaveolens (Engl. & Diels) Verdc.,2.63991,14.1424,50,Ngoila,"1ha plot ngoila002, tag 8",10372,IRD plot,430,8,ngoila002
IMG_0572.JPG,129423,NA/8/2012,Greenwayodendron suaveolens (Engl. & Diels) Verdc.,2.63991,14.1424,50,Ngoila,"1ha plot ngoila002, tag 8",10372,IRD plot,430,8,ngoila002
IMG_0573.JPG,129423,NA/8/2012,Greenwayodendron suaveolens (Engl. & Diels) Verdc.,2.63991,14.1424,50,Ngoila,"1ha plot ngoila002, tag 8",10372,IRD plot,430,8,ngoila002
IMG_0574.JPG,129423,NA/8/2012,Greenwayodendron suaveolens (Engl. & Diels) Verdc.,2.63991,14.1424,50,Ngoila,"1ha plot ngoila002, tag 8",10372,IRD plot,430,8,ngoila002
IMG_0575.JPG,129654,NA/8/2012,NA,2.63991,14.1424,50,Ngoila,"1ha plot ngoila002, tag 237.1",10386,IRD plot,444,237.1,ngoila002
IMG_0576.JPG,129654,NA/8/2012,NA,2.63991,14.1424,50,Ngoila,"1ha plot ngoila002, tag 237.1",10386,IRD plot,444,237.1,ngoila002
IMG_0577.JPG,129654,NA/8/2012,NA,2.63991,14.1424,50,Ngoila,"1ha plot ngoila002, tag 237.1",10386,IRD plot,444,237.1,ngoila002
IMG_0578.JPG,129654,NA/8/2012,NA,2.63991,14.1424,50,Ngoila,"1ha plot ngoila002, tag 237.1",10386,IRD plot,444,237.1,ngoila002
IMG_0579.JPG,129653,NA/8/2012,Desplatsia chrysochlamys (Mildbr. & Burret) Mildbr. & Burret,2.63991,14.1424,50,Ngoila,"1ha plot ngoila002, tag 237",10385,IRD plot,443,237,ngoila002
IMG_0580.JPG,129653,NA/8/2012,Desplatsia chrysochlamys (Mildbr. & Burret) Mildbr. & Burret,2.63991,14.1424,50,Ngoila,"1ha plot ngoila002, tag 237",10385,IRD plot,443,237,ngoila002
IMG_0581.JPG,129653,NA/8/2012,Desplatsia chrysochlamys (Mildbr. & Burret) Mildbr. & Burret,2.63991,14.1424,50,Ngoila,"1ha plot ngoila002, tag 237",10385,IRD plot,443,237,ngoila002
IMG_0582.JPG,129653,NA/8/2012,Desplatsia chrysochlamys (Mildbr. & Burret) Mildbr. & Burret,2.63991,14.1424,50,Ngoila,"1ha plot ngoila002, tag 237",10385,IRD plot,443,237,ngoila002
IMG_0583.JPG,129653,NA/8/2012,Desplatsia chrysochlamys (Mildbr. & Burret) Mildbr. & Burret,2.63991,14.1424,50,Ngoila,"1ha plot ngoila002, tag 237",10385,IRD plot,443,237,ngoila002
IMG_0584.JPG,129653,NA/8/2012,Desplatsia chrysochlamys (Mildbr. & Burret) Mildbr. & Burret,2.63991,14.1424,50,Ngoila,"1ha plot ngoila002, tag 237",10385,IRD plot,443,237,ngoila002
IMG_0585.JPG,129653,NA/8/2012,Desplatsia chrysochlamys (Mildbr. & Burret) Mildbr. & Burret,2.63991,14.1424,50,Ngoila,"1ha plot ngoila002, tag 237",10385,IRD plot,443,237,ngoila002
IMG_0586.JPG,129653,NA/8/2012,Desplatsia chrysochlamys (Mildbr. & Burret) Mildbr. & Burret,2.63991,14.1424,50,Ngoila,"1ha plot ngoila002, tag 237",10385,IRD plot,443,237,ngoila002
IMG_0587.JPG,129692,NA/8/2012,Pauridiantha floribunda (K.Schum. & K.Krause) Bremek.,2.63991,14.1424,50,Ngoila,"1ha plot ngoila002, tag 274",NA,NA,NA,274,ngoila002
IMG_0588.JPG,129692,NA/8/2012,Pauridiantha floribunda (K.Schum. & K.Krause) Bremek.,2.63991,14.1424,50,Ngoila,"1ha plot ngoila002, tag 274",NA,NA,NA,274,ngoila002
IMG_0589.JPG,129692,NA/8/2012,Pauridiantha floribunda (K.Schum. & K.Krause) Bremek.,2.63991,14.1424,50,Ngoila,"1ha plot ngoila002, tag 274",NA,NA,NA,274,ngoila002
IMG_0590.JPG,129692,NA/8/2012,Pauridiantha floribunda (K.Schum. & K.Krause) Bremek.,2.63991,14.1424,50,Ngoila,"1ha plot ngoila002, tag 274",NA,NA,NA,274,ngoila002
IMG_0591.JPG,129692,NA/8/2012,Pauridiantha floribunda (K.Schum. & K.Krause) Bremek.,2.63991,14.1424,50,Ngoila,"1ha plot ngoila002, tag 274",NA,NA,NA,274,ngoila002
IMG_0592.JPG,129692,NA/8/2012,Pauridiantha floribunda (K.Schum. & K.Krause) Bremek.,2.63991,14.1424,50,Ngoila,"1ha plot ngoila002, tag 274",NA,NA,NA,274,ngoila002
IMG_0593.JPG,129650,NA/8/2012,Antidesma oblongum (Hutch.) Keay,2.63991,14.1424,50,Ngoila,"1ha plot ngoila002, tag 234",10384,IRD plot,442,234,ngoila002
IMG_0594.JPG,129650,NA/8/2012,Antidesma oblongum (Hutch.) Keay,2.63991,14.1424,50,Ngoila,"1ha plot ngoila002, tag 234",10384,IRD plot,442,234,ngoila002
IMG_0595.JPG,129650,NA/8/2012,Antidesma oblongum (Hutch.) Keay,2.63991,14.1424,50,Ngoila,"1ha plot ngoila002, tag 234",10384,IRD plot,442,234,ngoila002
IMG_0596.JPG,129650,NA/8/2012,Antidesma oblongum (Hutch.) Keay,2.63991,14.1424,50,Ngoila,"1ha plot ngoila002, tag 234",10384,IRD plot,442,234,ngoila002
IMG_0597.JPG,129557,NA/8/2012,Strombosiopsis tetrandra Engl.,2.63991,14.1424,50,Ngoila,"1ha plot ngoila002, tag 142",10381,IRD plot,439,142,ngoila002
IMG_0598.JPG,129557,NA/8/2012,Strombosiopsis tetrandra Engl.,2.63991,14.1424,50,Ngoila,"1ha plot ngoila002, tag 142",10381,IRD plot,439,142,ngoila002
IMG_0599.JPG,129557,NA/8/2012,Strombosiopsis tetrandra Engl.,2.63991,14.1424,50,Ngoila,"1ha plot ngoila002, tag 142",10381,IRD plot,439,142,ngoila002
IMG_0600.JPG,129557,NA/8/2012,Strombosiopsis tetrandra Engl.,2.63991,14.1424,50,Ngoila,"1ha plot ngoila002, tag 142",10381,IRD plot,439,142,ngoila002
IMG_0601.JPG,129557,NA/8/2012,Strombosiopsis tetrandra Engl.,2.63991,14.1424,50,Ngoila,"1ha plot ngoila002, tag 142",10381,IRD plot,439,142,ngoila002
IMG_0602.JPG,129463,NA/8/2012,Garcinia mannii Oliv.,2.63991,14.1424,50,Ngoila,"1ha plot ngoila002, tag 48",10380,IRD plot,438,48,ngoila002
IMG_0603.JPG,129463,NA/8/2012,Garcinia mannii Oliv.,2.63991,14.1424,50,Ngoila,"1ha plot ngoila002, tag 48",10380,IRD plot,438,48,ngoila002
IMG_0604.JPG,129463,NA/8/2012,Garcinia mannii Oliv.,2.63991,14.1424,50,Ngoila,"1ha plot ngoila002, tag 48",10380,IRD plot,438,48,ngoila002
IMG_0605.JPG,129463,NA/8/2012,Garcinia mannii Oliv.,2.63991,14.1424,50,Ngoila,"1ha plot ngoila002, tag 48",10380,IRD plot,438,48,ngoila002
IMG_0610.JPG,129448,NA/8/2012,Trichoscypha patens (Oliv.) Engl.,2.63991,14.1424,50,Ngoila,"1ha plot ngoila002, tag 33",10375,IRD plot,433,33,ngoila002
IMG_0611.JPG,129448,NA/8/2012,Trichoscypha patens (Oliv.) Engl.,2.63991,14.1424,50,Ngoila,"1ha plot ngoila002, tag 33",10375,IRD plot,433,33,ngoila002
IMG_0612.JPG,129448,NA/8/2012,Trichoscypha patens (Oliv.) Engl.,2.63991,14.1424,50,Ngoila,"1ha plot ngoila002, tag 33",10375,IRD plot,433,33,ngoila002
IMG_0613.JPG,129448,NA/8/2012,Trichoscypha patens (Oliv.) Engl.,2.63991,14.1424,50,Ngoila,"1ha plot ngoila002, tag 33",10375,IRD plot,433,33,ngoila002
IMG_0614.JPG,129448,NA/8/2012,Trichoscypha patens (Oliv.) Engl.,2.63991,14.1424,50,Ngoila,"1ha plot ngoila002, tag 33",10375,IRD plot,433,33,ngoila002
IMG_0615.JPG,129566,NA/8/2012,Strombosiopsis tetrandra Engl.,2.63991,14.1424,50,Ngoila,"1ha plot ngoila002, tag 151",10393,IRD plot,439,151,ngoila002
IMG_0616.JPG,129566,NA/8/2012,Strombosiopsis tetrandra Engl.,2.63991,14.1424,50,Ngoila,"1ha plot ngoila002, tag 151",10393,IRD plot,439,151,ngoila002
IMG_0617.JPG,129566,NA/8/2012,Strombosiopsis tetrandra Engl.,2.63991,14.1424,50,Ngoila,"1ha plot ngoila002, tag 151",10393,IRD plot,439,151,ngoila002
IMG_0618.JPG,129566,NA/8/2012,Strombosiopsis tetrandra Engl.,2.63991,14.1424,50,Ngoila,"1ha plot ngoila002, tag 151",10393,IRD plot,439,151,ngoila002
IMG_0619.JPG,129566,NA/8/2012,Strombosiopsis tetrandra Engl.,2.63991,14.1424,50,Ngoila,"1ha plot ngoila002, tag 151",10393,IRD plot,439,151,ngoila002
IMG_0620.JPG,129650,NA/8/2012,Antidesma oblongum (Hutch.) Keay,2.63991,14.1424,50,Ngoila,"1ha plot ngoila002, tag 234",10384,IRD plot,442,234,ngoila002
IMG_0621.JPG,129650,NA/8/2012,Antidesma oblongum (Hutch.) Keay,2.63991,14.1424,50,Ngoila,"1ha plot ngoila002, tag 234",10384,IRD plot,442,234,ngoila002
IMG_0622.JPG,129650,NA/8/2012,Antidesma oblongum (Hutch.) Keay,2.63991,14.1424,50,Ngoila,"1ha plot ngoila002, tag 234",10384,IRD plot,442,234,ngoila002
IMG_0623.JPG,129650,NA/8/2012,Antidesma oblongum (Hutch.) Keay,2.63991,14.1424,50,Ngoila,"1ha plot ngoila002, tag 234",10384,IRD plot,442,234,ngoila002
IMG_0624.JPG,129582,NA/8/2012,Synsepalum bequaertii De Wild.,2.63991,14.1424,50,Ngoila,"1ha plot ngoila002, tag 167",10383,IRD plot,441,167,ngoila002
IMG_0625.JPG,129582,NA/8/2012,Synsepalum bequaertii De Wild.,2.63991,14.1424,50,Ngoila,"1ha plot ngoila002, tag 167",10383,IRD plot,441,167,ngoila002
IMG_0626.JPG,129582,NA/8/2012,Synsepalum bequaertii De Wild.,2.63991,14.1424,50,Ngoila,"1ha plot ngoila002, tag 167",10383,IRD plot,441,167,ngoila002
IMG_0627.JPG,129582,NA/8/2012,Synsepalum bequaertii De Wild.,2.63991,14.1424,50,Ngoila,"1ha plot ngoila002, tag 167",10383,IRD plot,441,167,ngoila002
IMG_0628.JPG,129582,NA/8/2012,Synsepalum bequaertii De Wild.,2.63991,14.1424,50,Ngoila,"1ha plot ngoila002, tag 167",10383,IRD plot,441,167,ngoila002
IMG_0629.JPG,129582,NA/8/2012,Synsepalum bequaertii De Wild.,2.63991,14.1424,50,Ngoila,"1ha plot ngoila002, tag 167",10383,IRD plot,441,167,ngoila002
IMG_0630.JPG,129582,NA/8/2012,Synsepalum bequaertii De Wild.,2.63991,14.1424,50,Ngoila,"1ha plot ngoila002, tag 167",10383,IRD plot,441,167,ngoila002
IMG_0631.JPG,129580,NA/8/2012,Strombosia pustulata Oliv.,2.63991,14.1424,50,Ngoila,"1ha plot ngoila002, tag 165",10382,IRD plot,440,165,ngoila002
IMG_0632.JPG,129580,NA/8/2012,Strombosia pustulata Oliv.,2.63991,14.1424,50,Ngoila,"1ha plot ngoila002, tag 165",10382,IRD plot,440,165,ngoila002
IMG_0633.JPG,129580,NA/8/2012,Strombosia pustulata Oliv.,2.63991,14.1424,50,Ngoila,"1ha plot ngoila002, tag 165",10382,IRD plot,440,165,ngoila002
IMG_0634.JPG,129580,NA/8/2012,Strombosia pustulata Oliv.,2.63991,14.1424,50,Ngoila,"1ha plot ngoila002, tag 165",10382,IRD plot,440,165,ngoila002
IMG_0635.JPG,129453,NA/8/2012,Drypetes polyantha Pax & K.Hoffm.,2.63991,14.1424,50,Ngoila,"1ha plot ngoila002, tag 38",10376,IRD plot,434,38,ngoila002
IMG_0636.JPG,129453,NA/8/2012,Drypetes polyantha Pax & K.Hoffm.,2.63991,14.1424,50,Ngoila,"1ha plot ngoila002, tag 38",10376,IRD plot,434,38,ngoila002
IMG_0637.JPG,129453,NA/8/2012,Drypetes polyantha Pax & K.Hoffm.,2.63991,14.1424,50,Ngoila,"1ha plot ngoila002, tag 38",10376,IRD plot,434,38,ngoila002
IMG_0638.JPG,129453,NA/8/2012,Drypetes polyantha Pax & K.Hoffm.,2.63991,14.1424,50,Ngoila,"1ha plot ngoila002, tag 38",10376,IRD plot,434,38,ngoila002
IMG_0639.JPG,129453,NA/8/2012,Drypetes polyantha Pax & K.Hoffm.,2.63991,14.1424,50,Ngoila,"1ha plot ngoila002, tag 38",10376,IRD plot,434,38,ngoila002
IMG_0640.JPG,129453,NA/8/2012,Drypetes polyantha Pax & K.Hoffm.,2.63991,14.1424,50,Ngoila,"1ha plot ngoila002, tag 38",10376,IRD plot,434,38,ngoila002
IMG_0641.JPG,129568,NA/8/2012,Annickia affinis (Exell) Versteegh & Sosef,2.63991,14.1424,50,Ngoila,"1ha plot ngoila002, tag 153",10360,IRD plot,418,153,ngoila002
IMG_0642.JPG,129568,NA/8/2012,Annickia affinis (Exell) Versteegh & Sosef,2.63991,14.1424,50,Ngoila,"1ha plot ngoila002, tag 153",10360,IRD plot,418,153,ngoila002
IMG_0643.JPG,129568,NA/8/2012,Annickia affinis (Exell) Versteegh & Sosef,2.63991,14.1424,50,Ngoila,"1ha plot ngoila002, tag 153",10360,IRD plot,418,153,ngoila002
IMG_0644.JPG,129568,NA/8/2012,Annickia affinis (Exell) Versteegh & Sosef,2.63991,14.1424,50,Ngoila,"1ha plot ngoila002, tag 153",10360,IRD plot,418,153,ngoila002
IMG_0645.JPG,129461,NA/8/2012,Diospyros physocalycina Gürke,2.63991,14.1424,50,Ngoila,"1ha plot ngoila002, tag 46",10378,IRD plot,436,46,ngoila002
IMG_0646.JPG,129461,NA/8/2012,Diospyros physocalycina Gürke,2.63991,14.1424,50,Ngoila,"1ha plot ngoila002, tag 46",10378,IRD plot,436,46,ngoila002
IMG_0647.JPG,129461,NA/8/2012,Diospyros physocalycina Gürke,2.63991,14.1424,50,Ngoila,"1ha plot ngoila002, tag 46",10378,IRD plot,436,46,ngoila002
IMG_0648.JPG,129461,NA/8/2012,Diospyros physocalycina Gürke,2.63991,14.1424,50,Ngoila,"1ha plot ngoila002, tag 46",10378,IRD plot,436,46,ngoila002
IMG_0649.JPG,129566,NA/8/2012,Strombosiopsis tetrandra Engl.,2.63991,14.1424,50,Ngoila,"1ha plot ngoila002, tag 151",10393,IRD plot,439,151,ngoila002
IMG_0650.JPG,129566,NA/8/2012,Strombosiopsis tetrandra Engl.,2.63991,14.1424,50,Ngoila,"1ha plot ngoila002, tag 151",10393,IRD plot,439,151,ngoila002
IMG_0651.JPG,129566,NA/8/2012,Strombosiopsis tetrandra Engl.,2.63991,14.1424,50,Ngoila,"1ha plot ngoila002, tag 151",10393,IRD plot,439,151,ngoila002
IMG_0652.JPG,129566,NA/8/2012,Strombosiopsis tetrandra Engl.,2.63991,14.1424,50,Ngoila,"1ha plot ngoila002, tag 151",10393,IRD plot,439,151,ngoila002
IMG_0653.JPG,129566,NA/8/2012,Strombosiopsis tetrandra Engl.,2.63991,14.1424,50,Ngoila,"1ha plot ngoila002, tag 151",10393,IRD plot,439,151,ngoila002
IMG_0654.JPG,129447,NA/8/2012,Desbordesia glaucescens (Engl.) Tiegh.,2.63991,14.1424,50,Ngoila,"1ha plot ngoila002, tag 32",10374,IRD plot,432,32,ngoila002
IMG_0655.JPG,129447,NA/8/2012,Desbordesia glaucescens (Engl.) Tiegh.,2.63991,14.1424,50,Ngoila,"1ha plot ngoila002, tag 32",10374,IRD plot,432,32,ngoila002
IMG_0656.JPG,129447,NA/8/2012,Desbordesia glaucescens (Engl.) Tiegh.,2.63991,14.1424,50,Ngoila,"1ha plot ngoila002, tag 32",10374,IRD plot,432,32,ngoila002
IMG_0657.JPG,129447,NA/8/2012,Desbordesia glaucescens (Engl.) Tiegh.,2.63991,14.1424,50,Ngoila,"1ha plot ngoila002, tag 32",10374,IRD plot,432,32,ngoila002
IMG_0658.JPG,129447,NA/8/2012,Desbordesia glaucescens (Engl.) Tiegh.,2.63991,14.1424,50,Ngoila,"1ha plot ngoila002, tag 32",10374,IRD plot,432,32,ngoila002
IMG_0659.JPG,129447,NA/8/2012,Desbordesia glaucescens (Engl.) Tiegh.,2.63991,14.1424,50,Ngoila,"1ha plot ngoila002, tag 32",10374,IRD plot,432,32,ngoila002
IMG_0660.JPG,129447,NA/8/2012,Desbordesia glaucescens (Engl.) Tiegh.,2.63991,14.1424,50,Ngoila,"1ha plot ngoila002, tag 32",10374,IRD plot,432,32,ngoila002
IMG_0661.JPG,129447,NA/8/2012,Desbordesia glaucescens (Engl.) Tiegh.,2.63991,14.1424,50,Ngoila,"1ha plot ngoila002, tag 32",10374,IRD plot,432,32,ngoila002
IMG_0662.JPG,129466,NA/8/2012,NA,2.63991,14.1424,50,Ngoila,"1ha plot ngoila002, tag 51",NA,NA,NA,51,ngoila002
IMG_0663.JPG,129466,NA/8/2012,NA,2.63991,14.1424,50,Ngoila,"1ha plot ngoila002, tag 51",NA,NA,NA,51,ngoila002
IMG_0664.JPG,129466,NA/8/2012,NA,2.63991,14.1424,50,Ngoila,"1ha plot ngoila002, tag 51",NA,NA,NA,51,ngoila002
IMG_0665.JPG,129466,NA/8/2012,NA,2.63991,14.1424,50,Ngoila,"1ha plot ngoila002, tag 51",NA,NA,NA,51,ngoila002
IMG_0666.JPG,129466,NA/8/2012,NA,2.63991,14.1424,50,Ngoila,"1ha plot ngoila002, tag 51",NA,NA,NA,51,ngoila002
IMG_0667.JPG,129466,NA/8/2012,NA,2.63991,14.1424,50,Ngoila,"1ha plot ngoila002, tag 51",NA,NA,NA,51,ngoila002
IMG_0668.JPG,129462,NA/8/2012,Anonidium mannii (Oliv.) Engl. & Diels,2.63991,14.1424,50,Ngoila,"1ha plot ngoila002, tag 47",10379,IRD plot,437,47,ngoila002
IMG_0669.JPG,129462,NA/8/2012,Anonidium mannii (Oliv.) Engl. & Diels,2.63991,14.1424,50,Ngoila,"1ha plot ngoila002, tag 47",10379,IRD plot,437,47,ngoila002
IMG_0670.JPG,129462,NA/8/2012,Anonidium mannii (Oliv.) Engl. & Diels,2.63991,14.1424,50,Ngoila,"1ha plot ngoila002, tag 47",10379,IRD plot,437,47,ngoila002
IMG_0671.JPG,129462,NA/8/2012,Anonidium mannii (Oliv.) Engl. & Diels,2.63991,14.1424,50,Ngoila,"1ha plot ngoila002, tag 47",10379,IRD plot,437,47,ngoila002
IMG_0672.JPG,129462,NA/8/2012,Anonidium mannii (Oliv.) Engl. & Diels,2.63991,14.1424,50,Ngoila,"1ha plot ngoila002, tag 47",10379,IRD plot,437,47,ngoila002
IMG_0673.JPG,129462,NA/8/2012,Anonidium mannii (Oliv.) Engl. & Diels,2.63991,14.1424,50,Ngoila,"1ha plot ngoila002, tag 47",10379,IRD plot,437,47,ngoila002
IMG_0674.JPG,129462,NA/8/2012,Anonidium mannii (Oliv.) Engl. & Diels,2.63991,14.1424,50,Ngoila,"1ha plot ngoila002, tag 47",10379,IRD plot,437,47,ngoila002
IMG_0982.JPG,128959,NA/8/2012,Trichilia rubescens Oliv.,2.63894,14.1355,50,Ngoila,"1ha plot ngoila001, tag 11",10350,IRD plot,408,11,ngoila001
IMG_0983.JPG,128959,NA/8/2012,Trichilia rubescens Oliv.,2.63894,14.1355,50,Ngoila,"1ha plot ngoila001, tag 11",10350,IRD plot,408,11,ngoila001
IMG_0984.JPG,128959,NA/8/2012,Trichilia rubescens Oliv.,2.63894,14.1355,50,Ngoila,"1ha plot ngoila001, tag 11",10350,IRD plot,408,11,ngoila001
IMG_0985.JPG,128959,NA/8/2012,Trichilia rubescens Oliv.,2.63894,14.1355,50,Ngoila,"1ha plot ngoila001, tag 11",10350,IRD plot,408,11,ngoila001
IMG_0986.JPG,128959,NA/8/2012,Trichilia rubescens Oliv.,2.63894,14.1355,50,Ngoila,"1ha plot ngoila001, tag 11",10350,IRD plot,408,11,ngoila001
IMG_0987.JPG,128961,NA/8/2012,Millettia sanagana Harms,2.63894,14.1355,50,Ngoila,"1ha plot ngoila001, tag 12",10351,IRD plot,409,12,ngoila001
IMG_0988.JPG,128961,NA/8/2012,Millettia sanagana Harms,2.63894,14.1355,50,Ngoila,"1ha plot ngoila001, tag 12",10351,IRD plot,409,12,ngoila001
IMG_0989.JPG,128961,NA/8/2012,Millettia sanagana Harms,2.63894,14.1355,50,Ngoila,"1ha plot ngoila001, tag 12",10351,IRD plot,409,12,ngoila001
IMG_0990.JPG,128961,NA/8/2012,Millettia sanagana Harms,2.63894,14.1355,50,Ngoila,"1ha plot ngoila001, tag 12",10351,IRD plot,409,12,ngoila001
IMG_0991.JPG,128961,NA/8/2012,Millettia sanagana Harms,2.63894,14.1355,50,Ngoila,"1ha plot ngoila001, tag 12",10351,IRD plot,409,12,ngoila001
IMG_0992.JPG,128961,NA/8/2012,Millettia sanagana Harms,2.63894,14.1355,50,Ngoila,"1ha plot ngoila001, tag 12",10351,IRD plot,409,12,ngoila001
IMG_0993.JPG,128961,NA/8/2012,Millettia sanagana Harms,2.63894,14.1355,50,Ngoila,"1ha plot ngoila001, tag 12",10351,IRD plot,409,12,ngoila001
IMG_0994.JPG,129116,NA/8/2012,NA,2.63894,14.1355,50,Ngoila,"1ha plot ngoila001, tag 163",10361,IRD plot,419,163,ngoila001
IMG_0995.JPG,129116,NA/8/2012,NA,2.63894,14.1355,50,Ngoila,"1ha plot ngoila001, tag 163",10361,IRD plot,419,163,ngoila001
IMG_0996.JPG,129116,NA/8/2012,NA,2.63894,14.1355,50,Ngoila,"1ha plot ngoila001, tag 163",10361,IRD plot,419,163,ngoila001
IMG_0997.JPG,129116,NA/8/2012,NA,2.63894,14.1355,50,Ngoila,"1ha plot ngoila001, tag 163",10361,IRD plot,419,163,ngoila001
IMG_0998.JPG,129116,NA/8/2012,NA,2.63894,14.1355,50,Ngoila,"1ha plot ngoila001, tag 163",10361,IRD plot,419,163,ngoila001
IMG_0999.JPG,129116,NA/8/2012,NA,2.63894,14.1355,50,Ngoila,"1ha plot ngoila001, tag 163",10361,IRD plot,419,163,ngoila001
IMG_1000.JPG,129116,NA/8/2012,NA,2.63894,14.1355,50,Ngoila,"1ha plot ngoila001, tag 163",10361,IRD plot,419,163,ngoila001
IMG_1001.JPG,128967,NA/8/2012,Greenwayodendron suaveolens (Engl. & Diels) Verdc.,2.63894,14.1355,50,Ngoila,"1ha plot ngoila001, tag 18",10352,IRD plot,410,18,ngoila001
IMG_1002.JPG,128967,NA/8/2012,Greenwayodendron suaveolens (Engl. & Diels) Verdc.,2.63894,14.1355,50,Ngoila,"1ha plot ngoila001, tag 18",10352,IRD plot,410,18,ngoila001
IMG_1003.JPG,128967,NA/8/2012,Greenwayodendron suaveolens (Engl. & Diels) Verdc.,2.63894,14.1355,50,Ngoila,"1ha plot ngoila001, tag 18",10352,IRD plot,410,18,ngoila001
IMG_1004.JPG,128967,NA/8/2012,Greenwayodendron suaveolens (Engl. & Diels) Verdc.,2.63894,14.1355,50,Ngoila,"1ha plot ngoila001, tag 18",10352,IRD plot,410,18,ngoila001
IMG_1005.JPG,128967,NA/8/2012,Greenwayodendron suaveolens (Engl. & Diels) Verdc.,2.63894,14.1355,50,Ngoila,"1ha plot ngoila001, tag 18",10352,IRD plot,410,18,ngoila001
IMG_1006.JPG,128974,NA/8/2012,Khaya anthotheca (Welw.) C.DC.,2.63894,14.1355,50,Ngoila,"1ha plot ngoila001, tag 25",10353,IRD plot,411,25,ngoila001
IMG_1007.JPG,128974,NA/8/2012,Khaya anthotheca (Welw.) C.DC.,2.63894,14.1355,50,Ngoila,"1ha plot ngoila001, tag 25",10353,IRD plot,411,25,ngoila001
IMG_1008.JPG,128974,NA/8/2012,Khaya anthotheca (Welw.) C.DC.,2.63894,14.1355,50,Ngoila,"1ha plot ngoila001, tag 25",10353,IRD plot,411,25,ngoila001
IMG_1009.JPG,128974,NA/8/2012,Khaya anthotheca (Welw.) C.DC.,2.63894,14.1355,50,Ngoila,"1ha plot ngoila001, tag 25",10353,IRD plot,411,25,ngoila001
IMG_1010.JPG,128974,NA/8/2012,Khaya anthotheca (Welw.) C.DC.,2.63894,14.1355,50,Ngoila,"1ha plot ngoila001, tag 25",10353,IRD plot,411,25,ngoila001
IMG_1011.JPG,128974,NA/8/2012,Khaya anthotheca (Welw.) C.DC.,2.63894,14.1355,50,Ngoila,"1ha plot ngoila001, tag 25",10353,IRD plot,411,25,ngoila001
IMG_1012.JPG,129013,NA/8/2012,Rinorea dentata (P.Beauv.) Kuntze,2.63894,14.1355,50,Ngoila,"1ha plot ngoila001, tag 62",10355,IRD plot,413,62,ngoila001
IMG_1013.JPG,129013,NA/8/2012,Rinorea dentata (P.Beauv.) Kuntze,2.63894,14.1355,50,Ngoila,"1ha plot ngoila001, tag 62",10355,IRD plot,413,62,ngoila001
IMG_1014.JPG,129013,NA/8/2012,Rinorea dentata (P.Beauv.) Kuntze,2.63894,14.1355,50,Ngoila,"1ha plot ngoila001, tag 62",10355,IRD plot,413,62,ngoila001
IMG_1015.JPG,129013,NA/8/2012,Rinorea dentata (P.Beauv.) Kuntze,2.63894,14.1355,50,Ngoila,"1ha plot ngoila001, tag 62",10355,IRD plot,413,62,ngoila001
IMG_1016.JPG,129013,NA/8/2012,Rinorea dentata (P.Beauv.) Kuntze,2.63894,14.1355,50,Ngoila,"1ha plot ngoila001, tag 62",10355,IRD plot,413,62,ngoila001
IMG_1017.JPG,129013,NA/8/2012,Rinorea dentata (P.Beauv.) Kuntze,2.63894,14.1355,50,Ngoila,"1ha plot ngoila001, tag 62",10355,IRD plot,413,62,ngoila001
IMG_1018.JPG,129104,NA/8/2012,Newbouldia laevis (P.Beauv.) Seem.,2.63894,14.1355,50,Ngoila,"1ha plot ngoila001, tag 151",10359,IRD plot,417,151,ngoila001
IMG_1019.JPG,129104,NA/8/2012,Newbouldia laevis (P.Beauv.) Seem.,2.63894,14.1355,50,Ngoila,"1ha plot ngoila001, tag 151",10359,IRD plot,417,151,ngoila001
IMG_1020.JPG,129104,NA/8/2012,Newbouldia laevis (P.Beauv.) Seem.,2.63894,14.1355,50,Ngoila,"1ha plot ngoila001, tag 151",10359,IRD plot,417,151,ngoila001
IMG_1021.JPG,129104,NA/8/2012,Newbouldia laevis (P.Beauv.) Seem.,2.63894,14.1355,50,Ngoila,"1ha plot ngoila001, tag 151",10359,IRD plot,417,151,ngoila001
IMG_1022.JPG,129104,NA/8/2012,Newbouldia laevis (P.Beauv.) Seem.,2.63894,14.1355,50,Ngoila,"1ha plot ngoila001, tag 151",10359,IRD plot,417,151,ngoila001
IMG_1023.JPG,129104,NA/8/2012,Newbouldia laevis (P.Beauv.) Seem.,2.63894,14.1355,50,Ngoila,"1ha plot ngoila001, tag 151",10359,IRD plot,417,151,ngoila001
IMG_1024.JPG,129017,NA/8/2012,Brieya fasciculatum De Wild.,2.63894,14.1355,50,Ngoila,"1ha plot ngoila001, tag 66",10356,IRD plot,414,66,ngoila001
IMG_1025.JPG,129017,NA/8/2012,Brieya fasciculatum De Wild.,2.63894,14.1355,50,Ngoila,"1ha plot ngoila001, tag 66",10356,IRD plot,414,66,ngoila001
IMG_1026.JPG,129017,NA/8/2012,Brieya fasciculatum De Wild.,2.63894,14.1355,50,Ngoila,"1ha plot ngoila001, tag 66",10356,IRD plot,414,66,ngoila001
IMG_1027.JPG,129017,NA/8/2012,Brieya fasciculatum De Wild.,2.63894,14.1355,50,Ngoila,"1ha plot ngoila001, tag 66",10356,IRD plot,414,66,ngoila001
IMG_1028.JPG,129017,NA/8/2012,Brieya fasciculatum De Wild.,2.63894,14.1355,50,Ngoila,"1ha plot ngoila001, tag 66",10356,IRD plot,414,66,ngoila001
IMG_1029.JPG,129017,NA/8/2012,Brieya fasciculatum De Wild.,2.63894,14.1355,50,Ngoila,"1ha plot ngoila001, tag 66",10356,IRD plot,414,66,ngoila001
IMG_1030.JPG,129051,NA/8/2012,Duguetia barteri (Benth.) Chatrou,2.63894,14.1355,50,Ngoila,"1ha plot ngoila001, tag 98",10358,IRD plot,416,98,ngoila001
IMG_1031.JPG,129051,NA/8/2012,Duguetia barteri (Benth.) Chatrou,2.63894,14.1355,50,Ngoila,"1ha plot ngoila001, tag 98",10358,IRD plot,416,98,ngoila001
IMG_1032.JPG,129051,NA/8/2012,Duguetia barteri (Benth.) Chatrou,2.63894,14.1355,50,Ngoila,"1ha plot ngoila001, tag 98",10358,IRD plot,416,98,ngoila001
IMG_1033.JPG,129051,NA/8/2012,Duguetia barteri (Benth.) Chatrou,2.63894,14.1355,50,Ngoila,"1ha plot ngoila001, tag 98",10358,IRD plot,416,98,ngoila001
IMG_1034.JPG,129051,NA/8/2012,Duguetia barteri (Benth.) Chatrou,2.63894,14.1355,50,Ngoila,"1ha plot ngoila001, tag 98",10358,IRD plot,416,98,ngoila001
IMG_1035.JPG,129051,NA/8/2012,Duguetia barteri (Benth.) Chatrou,2.63894,14.1355,50,Ngoila,"1ha plot ngoila001, tag 98",10358,IRD plot,416,98,ngoila001
IMG_1036.JPG,129051,NA/8/2012,Duguetia barteri (Benth.) Chatrou,2.63894,14.1355,50,Ngoila,"1ha plot ngoila001, tag 98",10358,IRD plot,416,98,ngoila001
IMG_1037.JPG,129314,NA/8/2012,Myrianthus arboreus P.Beauv.,2.63894,14.1355,50,Ngoila,"1ha plot ngoila001, tag 282",10362,IRD plot,420,282,ngoila001
IMG_1038.JPG,129314,NA/8/2012,Myrianthus arboreus P.Beauv.,2.63894,14.1355,50,Ngoila,"1ha plot ngoila001, tag 282",10362,IRD plot,420,282,ngoila001
IMG_1039.JPG,129314,NA/8/2012,Myrianthus arboreus P.Beauv.,2.63894,14.1355,50,Ngoila,"1ha plot ngoila001, tag 282",10362,IRD plot,420,282,ngoila001
IMG_1040.JPG,129314,NA/8/2012,Myrianthus arboreus P.Beauv.,2.63894,14.1355,50,Ngoila,"1ha plot ngoila001, tag 282",10362,IRD plot,420,282,ngoila001
IMG_1041.JPG,129314,NA/8/2012,Myrianthus arboreus P.Beauv.,2.63894,14.1355,50,Ngoila,"1ha plot ngoila001, tag 282",10362,IRD plot,420,282,ngoila001
IMG_1042.JPG,129314,NA/8/2012,Myrianthus arboreus P.Beauv.,2.63894,14.1355,50,Ngoila,"1ha plot ngoila001, tag 282",10362,IRD plot,420,282,ngoila001
IMG_1043.JPG,129314,NA/8/2012,Myrianthus arboreus P.Beauv.,2.63894,14.1355,50,Ngoila,"1ha plot ngoila001, tag 282",10362,IRD plot,420,282,ngoila001
IMG_1044.JPG,129339,NA/8/2012,Antidesma membranaceum Müll.Arg.,2.63894,14.1355,50,Ngoila,"1ha plot ngoila001, tag 306",10364,IRD plot,422,306,ngoila001
IMG_1045.JPG,129339,NA/8/2012,Antidesma membranaceum Müll.Arg.,2.63894,14.1355,50,Ngoila,"1ha plot ngoila001, tag 306",10364,IRD plot,422,306,ngoila001
IMG_1046.JPG,129339,NA/8/2012,Antidesma membranaceum Müll.Arg.,2.63894,14.1355,50,Ngoila,"1ha plot ngoila001, tag 306",10364,IRD plot,422,306,ngoila001
IMG_1047.JPG,129339,NA/8/2012,Antidesma membranaceum Müll.Arg.,2.63894,14.1355,50,Ngoila,"1ha plot ngoila001, tag 306",10364,IRD plot,422,306,ngoila001
IMG_1048.JPG,129339,NA/8/2012,Antidesma membranaceum Müll.Arg.,2.63894,14.1355,50,Ngoila,"1ha plot ngoila001, tag 306",10364,IRD plot,422,306,ngoila001
IMG_1049.JPG,129339,NA/8/2012,Antidesma membranaceum Müll.Arg.,2.63894,14.1355,50,Ngoila,"1ha plot ngoila001, tag 306",10364,IRD plot,422,306,ngoila001
IMG_1050.JPG,129339,NA/8/2012,Antidesma membranaceum Müll.Arg.,2.63894,14.1355,50,Ngoila,"1ha plot ngoila001, tag 306",10364,IRD plot,422,306,ngoila001
IMG_1051.JPG,129033,NA/8/2012,Hexalobus crispiflorus A.Rich.,2.63894,14.1355,50,Ngoila,"1ha plot ngoila001, tag 80",10357,IRD plot,415,80,ngoila001
IMG_1052.JPG,129033,NA/8/2012,Hexalobus crispiflorus A.Rich.,2.63894,14.1355,50,Ngoila,"1ha plot ngoila001, tag 80",10357,IRD plot,415,80,ngoila001
IMG_1053.JPG,129033,NA/8/2012,Hexalobus crispiflorus A.Rich.,2.63894,14.1355,50,Ngoila,"1ha plot ngoila001, tag 80",10357,IRD plot,415,80,ngoila001
IMG_1054.JPG,129033,NA/8/2012,Hexalobus crispiflorus A.Rich.,2.63894,14.1355,50,Ngoila,"1ha plot ngoila001, tag 80",10357,IRD plot,415,80,ngoila001
IMG_1055.JPG,129033,NA/8/2012,Hexalobus crispiflorus A.Rich.,2.63894,14.1355,50,Ngoila,"1ha plot ngoila001, tag 80",10357,IRD plot,415,80,ngoila001
IMG_1056.JPG,129331,NA/8/2012,Diospyros monbuttensis Gürke,2.63894,14.1355,50,Ngoila,"1ha plot ngoila001, tag 298",10363,IRD plot,421,298,ngoila001
IMG_1057.JPG,129331,NA/8/2012,Diospyros monbuttensis Gürke,2.63894,14.1355,50,Ngoila,"1ha plot ngoila001, tag 298",10363,IRD plot,421,298,ngoila001
IMG_1058.JPG,129331,NA/8/2012,Diospyros monbuttensis Gürke,2.63894,14.1355,50,Ngoila,"1ha plot ngoila001, tag 298",10363,IRD plot,421,298,ngoila001
IMG_1059.JPG,129331,NA/8/2012,Diospyros monbuttensis Gürke,2.63894,14.1355,50,Ngoila,"1ha plot ngoila001, tag 298",10363,IRD plot,421,298,ngoila001
IMG_1060.JPG,129331,NA/8/2012,Diospyros monbuttensis Gürke,2.63894,14.1355,50,Ngoila,"1ha plot ngoila001, tag 298",10363,IRD plot,421,298,ngoila001
IMG_1061.JPG,129331,NA/8/2012,Diospyros monbuttensis Gürke,2.63894,14.1355,50,Ngoila,"1ha plot ngoila001, tag 298",10363,IRD plot,421,298,ngoila001
IMG_1062.JPG,129398,NA/8/2012,Xylopia quintasii Pierre ex Engl. & Diels,2.63894,14.1355,50,Ngoila,"1ha plot ngoila001, tag 435.1",10321,IRD plot,379,435.1,ngoila001
IMG_1063.JPG,129398,NA/8/2012,Xylopia quintasii Pierre ex Engl. & Diels,2.63894,14.1355,50,Ngoila,"1ha plot ngoila001, tag 435.1",10321,IRD plot,379,435.1,ngoila001
IMG_1064.JPG,129398,NA/8/2012,Xylopia quintasii Pierre ex Engl. & Diels,2.63894,14.1355,50,Ngoila,"1ha plot ngoila001, tag 435.1",10321,IRD plot,379,435.1,ngoila001
IMG_1065.JPG,129398,NA/8/2012,Xylopia quintasii Pierre ex Engl. & Diels,2.63894,14.1355,50,Ngoila,"1ha plot ngoila001, tag 435.1",10321,IRD plot,379,435.1,ngoila001
IMG_1066.JPG,129398,NA/8/2012,Xylopia quintasii Pierre ex Engl. & Diels,2.63894,14.1355,50,Ngoila,"1ha plot ngoila001, tag 435.1",10321,IRD plot,379,435.1,ngoila001
IMG_1067.JPG,129398,NA/8/2012,Xylopia quintasii Pierre ex Engl. & Diels,2.63894,14.1355,50,Ngoila,"1ha plot ngoila001, tag 435.1",10321,IRD plot,379,435.1,ngoila001
IMG_1068.JPG,129309,NA/8/2012,Triplochiton scleroxylon K.Schum.,2.63894,14.1355,50,Ngoila,"1ha plot ngoila001, tag 418",10366,IRD plot,424,418,ngoila001
IMG_1069.JPG,129309,NA/8/2012,Triplochiton scleroxylon K.Schum.,2.63894,14.1355,50,Ngoila,"1ha plot ngoila001, tag 418",10366,IRD plot,424,418,ngoila001
IMG_1070.JPG,129309,NA/8/2012,Triplochiton scleroxylon K.Schum.,2.63894,14.1355,50,Ngoila,"1ha plot ngoila001, tag 418",10366,IRD plot,424,418,ngoila001
IMG_1071.JPG,129309,NA/8/2012,Triplochiton scleroxylon K.Schum.,2.63894,14.1355,50,Ngoila,"1ha plot ngoila001, tag 418",10366,IRD plot,424,418,ngoila001
IMG_1072.JPG,129309,NA/8/2012,Triplochiton scleroxylon K.Schum.,2.63894,14.1355,50,Ngoila,"1ha plot ngoila001, tag 418",10366,IRD plot,424,418,ngoila001
IMG_1073.JPG,129311,NA/8/2012,Drypetes principum (Müll.Arg.) Hutch.,2.63894,14.1355,50,Ngoila,"1ha plot ngoila001, tag 420",10367,IRD plot,425,420,ngoila001
IMG_1074.JPG,129311,NA/8/2012,Drypetes principum (Müll.Arg.) Hutch.,2.63894,14.1355,50,Ngoila,"1ha plot ngoila001, tag 420",10367,IRD plot,425,420,ngoila001
IMG_1075.JPG,129311,NA/8/2012,Drypetes principum (Müll.Arg.) Hutch.,2.63894,14.1355,50,Ngoila,"1ha plot ngoila001, tag 420",10367,IRD plot,425,420,ngoila001
IMG_1076.JPG,129311,NA/8/2012,Drypetes principum (Müll.Arg.) Hutch.,2.63894,14.1355,50,Ngoila,"1ha plot ngoila001, tag 420",10367,IRD plot,425,420,ngoila001
IMG_1077.JPG,129311,NA/8/2012,Drypetes principum (Müll.Arg.) Hutch.,2.63894,14.1355,50,Ngoila,"1ha plot ngoila001, tag 420",10367,IRD plot,425,420,ngoila001
IMG_1078.JPG,129311,NA/8/2012,Drypetes principum (Müll.Arg.) Hutch.,2.63894,14.1355,50,Ngoila,"1ha plot ngoila001, tag 420",10367,IRD plot,425,420,ngoila001
IMG_1079.JPG,129255,NA/8/2012,Celtis prantlii Priemer ex Engl.,2.63894,14.1355,50,Ngoila,"1ha plot ngoila001, tag 365",10365,IRD plot,423,365,ngoila001
IMG_1080.JPG,129255,NA/8/2012,Celtis prantlii Priemer ex Engl.,2.63894,14.1355,50,Ngoila,"1ha plot ngoila001, tag 365",10365,IRD plot,423,365,ngoila001
IMG_1081.JPG,129255,NA/8/2012,Celtis prantlii Priemer ex Engl.,2.63894,14.1355,50,Ngoila,"1ha plot ngoila001, tag 365",10365,IRD plot,423,365,ngoila001
IMG_1082.JPG,129255,NA/8/2012,Celtis prantlii Priemer ex Engl.,2.63894,14.1355,50,Ngoila,"1ha plot ngoila001, tag 365",10365,IRD plot,423,365,ngoila001
IMG_1083.JPG,129255,NA/8/2012,Celtis prantlii Priemer ex Engl.,2.63894,14.1355,50,Ngoila,"1ha plot ngoila001, tag 365",10365,IRD plot,423,365,ngoila001
IMG_1084.JPG,129255,NA/8/2012,Celtis prantlii Priemer ex Engl.,2.63894,14.1355,50,Ngoila,"1ha plot ngoila001, tag 365",10365,IRD plot,423,365,ngoila001
IMG_1085.JPG,128950,NA/8/2012,Strombosiopsis tetrandra Engl.,2.63894,14.1355,50,Ngoila,"1ha plot ngoila001, tag 2.1",10349,IRD plot,407,2.1,ngoila001
IMG_1086.JPG,128950,NA/8/2012,Strombosiopsis tetrandra Engl.,2.63894,14.1355,50,Ngoila,"1ha plot ngoila001, tag 2.1",10349,IRD plot,407,2.1,ngoila001
IMG_1087.JPG,128950,NA/8/2012,Strombosiopsis tetrandra Engl.,2.63894,14.1355,50,Ngoila,"1ha plot ngoila001, tag 2.1",10349,IRD plot,407,2.1,ngoila001
IMG_1088.JPG,128950,NA/8/2012,Strombosiopsis tetrandra Engl.,2.63894,14.1355,50,Ngoila,"1ha plot ngoila001, tag 2.1",10349,IRD plot,407,2.1,ngoila001
IMG_1089.JPG,128950,NA/8/2012,Strombosiopsis tetrandra Engl.,2.63894,14.1355,50,Ngoila,"1ha plot ngoila001, tag 2.1",10349,IRD plot,407,2.1,ngoila001
IMG_1090.JPG,128950,NA/8/2012,Strombosiopsis tetrandra Engl.,2.63894,14.1355,50,Ngoila,"1ha plot ngoila001, tag 2.1",10349,IRD plot,407,2.1,ngoila001
IMG_0804.JPG,129062,NA/8/2012,Brieya fasciculatum De Wild.,2.63894,14.1355,50,Ngoila,"1ha plot ngoila001, tag 109",10356,IRD plot,414,109,ngoila001
IMG_0805.JPG,129062,NA/8/2012,Brieya fasciculatum De Wild.,2.63894,14.1355,50,Ngoila,"1ha plot ngoila001, tag 109",10356,IRD plot,414,109,ngoila001
IMG_0807.JPG,129065,NA/8/2012,Funtumia elastica (P.Preuss) Stapf,2.63894,14.1355,50,Ngoila,"1ha plot ngoila001, tag 112",NA,NA,NA,112,ngoila001
IMG_0808.JPG,129065,NA/8/2012,Funtumia elastica (P.Preuss) Stapf,2.63894,14.1355,50,Ngoila,"1ha plot ngoila001, tag 112",NA,NA,NA,112,ngoila001
IMG_0809.JPG,129065,NA/8/2012,Funtumia elastica (P.Preuss) Stapf,2.63894,14.1355,50,Ngoila,"1ha plot ngoila001, tag 112",NA,NA,NA,112,ngoila001
IMG_0815.JPG,129072,NA/8/2012,Newbouldia laevis (P.Beauv.) Seem.,2.63894,14.1355,50,Ngoila,"1ha plot ngoila001, tag 119",10359,IRD plot,417,119,ngoila001
IMG_0817.JPG,129076,NA/8/2012,Newbouldia laevis (P.Beauv.) Seem.,2.63894,14.1355,50,Ngoila,"1ha plot ngoila001, tag 123",10359,IRD plot,417,123,ngoila001
IMG_0818.JPG,129076,NA/8/2012,Newbouldia laevis (P.Beauv.) Seem.,2.63894,14.1355,50,Ngoila,"1ha plot ngoila001, tag 123",10359,IRD plot,417,123,ngoila001
IMG_0819.JPG,129076,NA/8/2012,Newbouldia laevis (P.Beauv.) Seem.,2.63894,14.1355,50,Ngoila,"1ha plot ngoila001, tag 123",10359,IRD plot,417,123,ngoila001
IMG_0820.JPG,129076,NA/8/2012,Newbouldia laevis (P.Beauv.) Seem.,2.63894,14.1355,50,Ngoila,"1ha plot ngoila001, tag 123",10359,IRD plot,417,123,ngoila001
IMG_0823.JPG,129079,NA/8/2012,Margaritaria discoidea (Baill.) G.L.Webster,2.63894,14.1355,50,Ngoila,"1ha plot ngoila001, tag 126",NA,NA,NA,126,ngoila001
IMG_0824.JPG,129079,NA/8/2012,Margaritaria discoidea (Baill.) G.L.Webster,2.63894,14.1355,50,Ngoila,"1ha plot ngoila001, tag 126",NA,NA,NA,126,ngoila001
IMG_0826.JPG,129079,NA/8/2012,Margaritaria discoidea (Baill.) G.L.Webster,2.63894,14.1355,50,Ngoila,"1ha plot ngoila001, tag 126",NA,NA,NA,126,ngoila001
IMG_0829.JPG,129082,NA/8/2012,Antidesma membranaceum Müll.Arg.,2.63894,14.1355,50,Ngoila,"1ha plot ngoila001, tag 129",10364,IRD plot,422,129,ngoila001
IMG_0830.JPG,129082,NA/8/2012,Antidesma membranaceum Müll.Arg.,2.63894,14.1355,50,Ngoila,"1ha plot ngoila001, tag 129",10364,IRD plot,422,129,ngoila001
IMG_0832.JPG,129082,NA/8/2012,Antidesma membranaceum Müll.Arg.,2.63894,14.1355,50,Ngoila,"1ha plot ngoila001, tag 129",10364,IRD plot,422,129,ngoila001
IMG_0835.JPG,129084,NA/8/2012,Erythrophleum suaveolens (Guill. & Perr.) Brenan,2.63894,14.1355,50,Ngoila,"1ha plot ngoila001, tag 131",NA,NA,NA,131,ngoila001
IMG_0836.JPG,129084,NA/8/2012,Erythrophleum suaveolens (Guill. & Perr.) Brenan,2.63894,14.1355,50,Ngoila,"1ha plot ngoila001, tag 131",NA,NA,NA,131,ngoila001
IMG_0838.JPG,129084,NA/8/2012,Erythrophleum suaveolens (Guill. & Perr.) Brenan,2.63894,14.1355,50,Ngoila,"1ha plot ngoila001, tag 131",NA,NA,NA,131,ngoila001
IMG_0839.JPG,129084,NA/8/2012,Erythrophleum suaveolens (Guill. & Perr.) Brenan,2.63894,14.1355,50,Ngoila,"1ha plot ngoila001, tag 131",NA,NA,NA,131,ngoila001
IMG_0841.JPG,129084,NA/8/2012,Erythrophleum suaveolens (Guill. & Perr.) Brenan,2.63894,14.1355,50,Ngoila,"1ha plot ngoila001, tag 131",NA,NA,NA,131,ngoila001
IMG_0849.JPG,129093,NA/8/2012,Greenwayodendron suaveolens (Engl. & Diels) Verdc.,2.63894,14.1355,50,Ngoila,"1ha plot ngoila001, tag 140",10352,IRD plot,410,140,ngoila001
IMG_0850.JPG,129093,NA/8/2012,Greenwayodendron suaveolens (Engl. & Diels) Verdc.,2.63894,14.1355,50,Ngoila,"1ha plot ngoila001, tag 140",10352,IRD plot,410,140,ngoila001
IMG_0858.JPG,129093,NA/8/2012,Greenwayodendron suaveolens (Engl. & Diels) Verdc.,2.63894,14.1355,50,Ngoila,"1ha plot ngoila001, tag 140",10352,IRD plot,410,140,ngoila001
IMG_0861.JPG,129087,NA/8/2012,Corynanthe pachyceras K.Schum.,2.63894,14.1355,50,Ngoila,"1ha plot ngoila001, tag 134",10392,IRD plot,450,134,ngoila001
IMG_0863.JPG,129087,NA/8/2012,Corynanthe pachyceras K.Schum.,2.63894,14.1355,50,Ngoila,"1ha plot ngoila001, tag 134",10392,IRD plot,450,134,ngoila001
IMG_0864.JPG,129087,NA/8/2012,Corynanthe pachyceras K.Schum.,2.63894,14.1355,50,Ngoila,"1ha plot ngoila001, tag 134",10392,IRD plot,450,134,ngoila001
IMG_0867.JPG,129100,NA/8/2012,Strombosiopsis tetrandra Engl.,2.63894,14.1355,50,Ngoila,"1ha plot ngoila001, tag 147",10381,IRD plot,439,147,ngoila001
IMG_0868.JPG,129100,NA/8/2012,Strombosiopsis tetrandra Engl.,2.63894,14.1355,50,Ngoila,"1ha plot ngoila001, tag 147",10381,IRD plot,439,147,ngoila001
IMG_0869.JPG,129100,NA/8/2012,Strombosiopsis tetrandra Engl.,2.63894,14.1355,50,Ngoila,"1ha plot ngoila001, tag 147",10381,IRD plot,439,147,ngoila001
IMG_0870.JPG,129100,NA/8/2012,Strombosiopsis tetrandra Engl.,2.63894,14.1355,50,Ngoila,"1ha plot ngoila001, tag 147",10381,IRD plot,439,147,ngoila001
IMG_0871.JPG,129101,NA/8/2012,Greenwayodendron suaveolens (Engl. & Diels) Verdc.,2.63894,14.1355,50,Ngoila,"1ha plot ngoila001, tag 148",10352,IRD plot,410,148,ngoila001
IMG_0872.JPG,129101,NA/8/2012,Greenwayodendron suaveolens (Engl. & Diels) Verdc.,2.63894,14.1355,50,Ngoila,"1ha plot ngoila001, tag 148",10352,IRD plot,410,148,ngoila001
IMG_0873.JPG,129101,NA/8/2012,Greenwayodendron suaveolens (Engl. & Diels) Verdc.,2.63894,14.1355,50,Ngoila,"1ha plot ngoila001, tag 148",10352,IRD plot,410,148,ngoila001
IMG_0874.JPG,129105,NA/8/2012,Tabernaemontana crassa Benth.,2.63894,14.1355,50,Ngoila,"1ha plot ngoila001, tag 152",NA,NA,NA,152,ngoila001
IMG_0875.JPG,129105,NA/8/2012,Tabernaemontana crassa Benth.,2.63894,14.1355,50,Ngoila,"1ha plot ngoila001, tag 152",NA,NA,NA,152,ngoila001
IMG_0876.JPG,129105,NA/8/2012,Tabernaemontana crassa Benth.,2.63894,14.1355,50,Ngoila,"1ha plot ngoila001, tag 152",NA,NA,NA,152,ngoila001
IMG_0877.JPG,129105,NA/8/2012,Tabernaemontana crassa Benth.,2.63894,14.1355,50,Ngoila,"1ha plot ngoila001, tag 152",NA,NA,NA,152,ngoila001
IMG_0882.JPG,129117,NA/8/2012,Trichilia rubescens Oliv.,2.63894,14.1355,50,Ngoila,"1ha plot ngoila001, tag 164",10350,IRD plot,408,164,ngoila001
IMG_0883.JPG,129117,NA/8/2012,Trichilia rubescens Oliv.,2.63894,14.1355,50,Ngoila,"1ha plot ngoila001, tag 164",10350,IRD plot,408,164,ngoila001
IMG_0888.JPG,129123,NA/8/2012,Celtis prantlii Priemer ex Engl.,2.63894,14.1355,50,Ngoila,"1ha plot ngoila001, tag 170",10365,IRD plot,423,170,ngoila001
IMG_0889.JPG,129123,NA/8/2012,Celtis prantlii Priemer ex Engl.,2.63894,14.1355,50,Ngoila,"1ha plot ngoila001, tag 170",10365,IRD plot,423,170,ngoila001
IMG_0890.JPG,129123,NA/8/2012,Celtis prantlii Priemer ex Engl.,2.63894,14.1355,50,Ngoila,"1ha plot ngoila001, tag 170",10365,IRD plot,423,170,ngoila001
IMG_0891.JPG,129123,NA/8/2012,Celtis prantlii Priemer ex Engl.,2.63894,14.1355,50,Ngoila,"1ha plot ngoila001, tag 170",10365,IRD plot,423,170,ngoila001
IMG_0892.JPG,129123,NA/8/2012,Celtis prantlii Priemer ex Engl.,2.63894,14.1355,50,Ngoila,"1ha plot ngoila001, tag 170",10365,IRD plot,423,170,ngoila001
IMG_0898.JPG,129123,NA/8/2012,Celtis prantlii Priemer ex Engl.,2.63894,14.1355,50,Ngoila,"1ha plot ngoila001, tag 170",10365,IRD plot,423,170,ngoila001
IMG_0900.JPG,129133,NA/8/2012,Aulacocalyx jasminiflora Hook.f.,2.63894,14.1355,50,Ngoila,"1ha plot ngoila001, tag 177",NA,NA,NA,177,ngoila001
IMG_0902.JPG,129133,NA/8/2012,Aulacocalyx jasminiflora Hook.f.,2.63894,14.1355,50,Ngoila,"1ha plot ngoila001, tag 177",NA,NA,NA,177,ngoila001
IMG_0903.JPG,129133,NA/8/2012,Aulacocalyx jasminiflora Hook.f.,2.63894,14.1355,50,Ngoila,"1ha plot ngoila001, tag 177",NA,NA,NA,177,ngoila001
IMG_0915.JPG,129136,NA/8/2012,Diospyros physocalycina Gürke,2.63894,14.1355,50,Ngoila,"1ha plot ngoila001, tag 180",10378,IRD plot,436,180,ngoila001
IMG_0919.JPG,129136,NA/8/2012,Diospyros physocalycina Gürke,2.63894,14.1355,50,Ngoila,"1ha plot ngoila001, tag 180",10378,IRD plot,436,180,ngoila001
IMG_0921.JPG,129136,NA/8/2012,Diospyros physocalycina Gürke,2.63894,14.1355,50,Ngoila,"1ha plot ngoila001, tag 180",10378,IRD plot,436,180,ngoila001
IMG_0922.JPG,129136,NA/8/2012,Diospyros physocalycina Gürke,2.63894,14.1355,50,Ngoila,"1ha plot ngoila001, tag 180",10378,IRD plot,436,180,ngoila001
IMG_0925.JPG,129136,NA/8/2012,Diospyros physocalycina Gürke,2.63894,14.1355,50,Ngoila,"1ha plot ngoila001, tag 180",10378,IRD plot,436,180,ngoila001
IMG_0927.JPG,129157,NA/8/2012,Mansonia altissima (A.Chev.) A.Chev.,2.63894,14.1355,50,Ngoila,"1ha plot ngoila001, tag 201",NA,NA,NA,201,ngoila001
IMG_0928.JPG,129157,NA/8/2012,Mansonia altissima (A.Chev.) A.Chev.,2.63894,14.1355,50,Ngoila,"1ha plot ngoila001, tag 201",NA,NA,NA,201,ngoila001
IMG_0929.JPG,129157,NA/8/2012,Mansonia altissima (A.Chev.) A.Chev.,2.63894,14.1355,50,Ngoila,"1ha plot ngoila001, tag 201",NA,NA,NA,201,ngoila001
IMG_0930.JPG,129173,NA/8/2012,Klaineanthus gabonii Pierre,2.63894,14.1355,50,Ngoila,"1ha plot ngoila001, tag 217",NA,NA,NA,217,ngoila001
IMG_0931.JPG,129173,NA/8/2012,Klaineanthus gabonii Pierre,2.63894,14.1355,50,Ngoila,"1ha plot ngoila001, tag 217",NA,NA,NA,217,ngoila001
IMG_0933.JPG,129173,NA/8/2012,Klaineanthus gabonii Pierre,2.63894,14.1355,50,Ngoila,"1ha plot ngoila001, tag 217",NA,NA,NA,217,ngoila001
IMG_0935.JPG,129173,NA/8/2012,Klaineanthus gabonii Pierre,2.63894,14.1355,50,Ngoila,"1ha plot ngoila001, tag 217",NA,NA,NA,217,ngoila001
IMG_0936.JPG,129176,NA/8/2012,NA,2.63894,14.1355,50,Ngoila,"1ha plot ngoila001, tag 219",NA,NA,NA,219,ngoila001
IMG_0939.JPG,129176,NA/8/2012,NA,2.63894,14.1355,50,Ngoila,"1ha plot ngoila001, tag 219",NA,NA,NA,219,ngoila001
IMG_0955.JPG,129204,NA/8/2012,Newbouldia laevis (P.Beauv.) Seem.,2.63894,14.1355,50,Ngoila,"1ha plot ngoila001, tag 247",10359,IRD plot,417,247,ngoila001
IMG_0956.JPG,129204,NA/8/2012,Newbouldia laevis (P.Beauv.) Seem.,2.63894,14.1355,50,Ngoila,"1ha plot ngoila001, tag 247",10359,IRD plot,417,247,ngoila001
IMG_0957.JPG,129204,NA/8/2012,Newbouldia laevis (P.Beauv.) Seem.,2.63894,14.1355,50,Ngoila,"1ha plot ngoila001, tag 247",10359,IRD plot,417,247,ngoila001
IMG_0958.JPG,129208,NA/8/2012,Xylopia aethiopica (Dunal) A.Rich.,2.63894,14.1355,50,Ngoila,"1ha plot ngoila001, tag 251",NA,NA,NA,251,ngoila001
IMG_0961.JPG,129208,NA/8/2012,Xylopia aethiopica (Dunal) A.Rich.,2.63894,14.1355,50,Ngoila,"1ha plot ngoila001, tag 251",NA,NA,NA,251,ngoila001
IMG_0962.JPG,129208,NA/8/2012,Xylopia aethiopica (Dunal) A.Rich.,2.63894,14.1355,50,Ngoila,"1ha plot ngoila001, tag 251",NA,NA,NA,251,ngoila001
IMG_0964.JPG,129217,NA/8/2012,Panda oleosa Pierre,2.63894,14.1355,50,Ngoila,"1ha plot ngoila001, tag 260",10388,IRD plot,446,260,ngoila001
IMG_0965.JPG,129217,NA/8/2012,Panda oleosa Pierre,2.63894,14.1355,50,Ngoila,"1ha plot ngoila001, tag 260",10388,IRD plot,446,260,ngoila001
IMG_0966.JPG,129217,NA/8/2012,Panda oleosa Pierre,2.63894,14.1355,50,Ngoila,"1ha plot ngoila001, tag 260",10388,IRD plot,446,260,ngoila001
IMG_0967.JPG,129221,NA/8/2012,Irvingia grandifolia (Engl.) Engl.,2.63894,14.1355,50,Ngoila,"1ha plot ngoila001, tag 264",NA,NA,NA,264,ngoila001
IMG_0968.JPG,129221,NA/8/2012,Irvingia grandifolia (Engl.) Engl.,2.63894,14.1355,50,Ngoila,"1ha plot ngoila001, tag 264",NA,NA,NA,264,ngoila001
IMG_0970.JPG,129221,NA/8/2012,Irvingia grandifolia (Engl.) Engl.,2.63894,14.1355,50,Ngoila,"1ha plot ngoila001, tag 264",NA,NA,NA,264,ngoila001
IMG_0971.JPG,129314,NA/8/2012,Myrianthus arboreus P.Beauv.,2.63894,14.1355,50,Ngoila,"1ha plot ngoila001, tag 282",10362,IRD plot,420,282,ngoila001
IMG_0972.JPG,129314,NA/8/2012,Myrianthus arboreus P.Beauv.,2.63894,14.1355,50,Ngoila,"1ha plot ngoila001, tag 282",10362,IRD plot,420,282,ngoila001
IMG_0974.JPG,129314,NA/8/2012,Myrianthus arboreus P.Beauv.,2.63894,14.1355,50,Ngoila,"1ha plot ngoila001, tag 282",10362,IRD plot,420,282,ngoila001
IMG_0975.JPG,129314,NA/8/2012,Myrianthus arboreus P.Beauv.,2.63894,14.1355,50,Ngoila,"1ha plot ngoila001, tag 282",10362,IRD plot,420,282,ngoila001
IMG_0988.JPG,129379,NA/8/2012,Xylopia quintasii Pierre ex Engl. & Diels,2.63894,14.1355,50,Ngoila,"1ha plot ngoila001, tag 344",10321,IRD plot,379,344,ngoila001
IMG_0989.JPG,129379,NA/8/2012,Xylopia quintasii Pierre ex Engl. & Diels,2.63894,14.1355,50,Ngoila,"1ha plot ngoila001, tag 344",10321,IRD plot,379,344,ngoila001
IMG_0990.JPG,129379,NA/8/2012,Xylopia quintasii Pierre ex Engl. & Diels,2.63894,14.1355,50,Ngoila,"1ha plot ngoila001, tag 344",10321,IRD plot,379,344,ngoila001
IMG_0991.JPG,129237,NA/8/2012,Strombosiopsis tetrandra Engl.,2.63894,14.1355,50,Ngoila,"1ha plot ngoila001, tag 347",10349,IRD plot,407,347,ngoila001
IMG_0992.JPG,129237,NA/8/2012,Strombosiopsis tetrandra Engl.,2.63894,14.1355,50,Ngoila,"1ha plot ngoila001, tag 347",10349,IRD plot,407,347,ngoila001
IMG_0993.JPG,129237,NA/8/2012,Strombosiopsis tetrandra Engl.,2.63894,14.1355,50,Ngoila,"1ha plot ngoila001, tag 347",10349,IRD plot,407,347,ngoila001
IMG_0994.JPG,129237,NA/8/2012,Strombosiopsis tetrandra Engl.,2.63894,14.1355,50,Ngoila,"1ha plot ngoila001, tag 347",10349,IRD plot,407,347,ngoila001
IMG_0995.JPG,129251,NA/8/2012,Trichoscypha acuminata Engl.,2.63894,14.1355,50,Ngoila,"1ha plot ngoila001, tag 361",NA,NA,NA,361,ngoila001
IMG_0996.JPG,129251,NA/8/2012,Trichoscypha acuminata Engl.,2.63894,14.1355,50,Ngoila,"1ha plot ngoila001, tag 361",NA,NA,NA,361,ngoila001
IMG_0997.JPG,129251,NA/8/2012,Trichoscypha acuminata Engl.,2.63894,14.1355,50,Ngoila,"1ha plot ngoila001, tag 361",NA,NA,NA,361,ngoila001
IMG_0998.JPG,129251,NA/8/2012,Trichoscypha acuminata Engl.,2.63894,14.1355,50,Ngoila,"1ha plot ngoila001, tag 361",NA,NA,NA,361,ngoila001
IMG_0999.JPG,129254,NA/8/2012,Celtis zenkeri Engl.,2.63894,14.1355,50,Ngoila,"1ha plot ngoila001, tag 364",NA,NA,NA,364,ngoila001
IMG_1000.JPG,129254,NA/8/2012,Celtis zenkeri Engl.,2.63894,14.1355,50,Ngoila,"1ha plot ngoila001, tag 364",NA,NA,NA,364,ngoila001
IMG_1001.JPG,129254,NA/8/2012,Celtis zenkeri Engl.,2.63894,14.1355,50,Ngoila,"1ha plot ngoila001, tag 364",NA,NA,NA,364,ngoila001
IMG_1002.JPG,129254,NA/8/2012,Celtis zenkeri Engl.,2.63894,14.1355,50,Ngoila,"1ha plot ngoila001, tag 364",NA,NA,NA,364,ngoila001
IMG_1003.JPG,129254,NA/8/2012,Celtis zenkeri Engl.,2.63894,14.1355,50,Ngoila,"1ha plot ngoila001, tag 364",NA,NA,NA,364,ngoila001
IMG_1004.JPG,129259,NA/8/2012,Canarium schweinfurthii Engl.,2.63894,14.1355,50,Ngoila,"1ha plot ngoila001, tag 369",NA,NA,NA,369,ngoila001
IMG_1005.JPG,129259,NA/8/2012,Canarium schweinfurthii Engl.,2.63894,14.1355,50,Ngoila,"1ha plot ngoila001, tag 369",NA,NA,NA,369,ngoila001
IMG_1006.JPG,129259,NA/8/2012,Canarium schweinfurthii Engl.,2.63894,14.1355,50,Ngoila,"1ha plot ngoila001, tag 369",NA,NA,NA,369,ngoila001
IMG_1007.JPG,129259,NA/8/2012,Canarium schweinfurthii Engl.,2.63894,14.1355,50,Ngoila,"1ha plot ngoila001, tag 369",NA,NA,NA,369,ngoila001
IMG_1008.JPG,129259,NA/8/2012,Canarium schweinfurthii Engl.,2.63894,14.1355,50,Ngoila,"1ha plot ngoila001, tag 369",NA,NA,NA,369,ngoila001
IMG_1009.JPG,129276,NA/8/2012,Klaineanthus gabonii Pierre,2.63894,14.1355,50,Ngoila,"1ha plot ngoila001, tag 386",NA,NA,NA,386,ngoila001
IMG_1010.JPG,129276,NA/8/2012,Klaineanthus gabonii Pierre,2.63894,14.1355,50,Ngoila,"1ha plot ngoila001, tag 386",NA,NA,NA,386,ngoila001
IMG_1011.JPG,129276,NA/8/2012,Klaineanthus gabonii Pierre,2.63894,14.1355,50,Ngoila,"1ha plot ngoila001, tag 386",NA,NA,NA,386,ngoila001
IMG_1012.JPG,129276,NA/8/2012,Klaineanthus gabonii Pierre,2.63894,14.1355,50,Ngoila,"1ha plot ngoila001, tag 386",NA,NA,NA,386,ngoila001
IMG_1013.JPG,129286,NA/8/2012,NA,2.63894,14.1355,50,Ngoila,"1ha plot ngoila001, tag 396",10361,IRD plot,419,396,ngoila001
IMG_1014.JPG,129286,NA/8/2012,NA,2.63894,14.1355,50,Ngoila,"1ha plot ngoila001, tag 396",10361,IRD plot,419,396,ngoila001
IMG_1015.JPG,129286,NA/8/2012,NA,2.63894,14.1355,50,Ngoila,"1ha plot ngoila001, tag 396",10361,IRD plot,419,396,ngoila001
IMG_1016.JPG,129286,NA/8/2012,NA,2.63894,14.1355,50,Ngoila,"1ha plot ngoila001, tag 396",10361,IRD plot,419,396,ngoila001
IMG_1017.JPG,129291,NA/8/2012,Leplaea thompsonii (Sprague & Hutch.) E.J.M.Koenen & J.J.de Wilde,2.63894,14.1355,50,Ngoila,"1ha plot ngoila001, tag 401",NA,NA,NA,401,ngoila001
IMG_1018.JPG,129291,NA/8/2012,Leplaea thompsonii (Sprague & Hutch.) E.J.M.Koenen & J.J.de Wilde,2.63894,14.1355,50,Ngoila,"1ha plot ngoila001, tag 401",NA,NA,NA,401,ngoila001
IMG_1019.JPG,129291,NA/8/2012,Leplaea thompsonii (Sprague & Hutch.) E.J.M.Koenen & J.J.de Wilde,2.63894,14.1355,50,Ngoila,"1ha plot ngoila001, tag 401",NA,NA,NA,401,ngoila001
IMG_1020.JPG,129291,NA/8/2012,Leplaea thompsonii (Sprague & Hutch.) E.J.M.Koenen & J.J.de Wilde,2.63894,14.1355,50,Ngoila,"1ha plot ngoila001, tag 401",NA,NA,NA,401,ngoila001
IMG_1021.JPG,129291,NA/8/2012,Leplaea thompsonii (Sprague & Hutch.) E.J.M.Koenen & J.J.de Wilde,2.63894,14.1355,50,Ngoila,"1ha plot ngoila001, tag 401",NA,NA,NA,401,ngoila001
IMG_1022.JPG,129296,NA/8/2012,Keayodendron bridelioides Leandri,2.63894,14.1355,50,Ngoila,"1ha plot ngoila001, tag 406",NA,NA,NA,406,ngoila001
IMG_1023.JPG,129296,NA/8/2012,Keayodendron bridelioides Leandri,2.63894,14.1355,50,Ngoila,"1ha plot ngoila001, tag 406",NA,NA,NA,406,ngoila001
IMG_1024.JPG,129296,NA/8/2012,Keayodendron bridelioides Leandri,2.63894,14.1355,50,Ngoila,"1ha plot ngoila001, tag 406",NA,NA,NA,406,ngoila001
IMG_1025.JPG,129296,NA/8/2012,Keayodendron bridelioides Leandri,2.63894,14.1355,50,Ngoila,"1ha plot ngoila001, tag 406",NA,NA,NA,406,ngoila001
IMG_1026.JPG,129296,NA/8/2012,Keayodendron bridelioides Leandri,2.63894,14.1355,50,Ngoila,"1ha plot ngoila001, tag 406",NA,NA,NA,406,ngoila001
IMG_1027.JPG,129296,NA/8/2012,Keayodendron bridelioides Leandri,2.63894,14.1355,50,Ngoila,"1ha plot ngoila001, tag 406",NA,NA,NA,406,ngoila001
IMG_1028.JPG,129388,NA/8/2012,Petersianthus macrocarpus (P.Beauv.) Liben,2.63894,14.1355,50,Ngoila,"1ha plot ngoila001, tag 426",10344,IRD plot,402,426,ngoila001
IMG_1029.JPG,129388,NA/8/2012,Petersianthus macrocarpus (P.Beauv.) Liben,2.63894,14.1355,50,Ngoila,"1ha plot ngoila001, tag 426",10344,IRD plot,402,426,ngoila001
IMG_1030.JPG,129388,NA/8/2012,Petersianthus macrocarpus (P.Beauv.) Liben,2.63894,14.1355,50,Ngoila,"1ha plot ngoila001, tag 426",10344,IRD plot,402,426,ngoila001
IMG_1038.JPG,129394,NA/8/2012,Albizia adianthifolia (Schumach.) W.Wight,2.63894,14.1355,50,Ngoila,"1ha plot ngoila001, tag 432",NA,NA,NA,432,ngoila001
IMG_1039.JPG,129394,NA/8/2012,Albizia adianthifolia (Schumach.) W.Wight,2.63894,14.1355,50,Ngoila,"1ha plot ngoila001, tag 432",NA,NA,NA,432,ngoila001
IMG_1040.JPG,129394,NA/8/2012,Albizia adianthifolia (Schumach.) W.Wight,2.63894,14.1355,50,Ngoila,"1ha plot ngoila001, tag 432",NA,NA,NA,432,ngoila001
IMG_1041.JPG,129394,NA/8/2012,Albizia adianthifolia (Schumach.) W.Wight,2.63894,14.1355,50,Ngoila,"1ha plot ngoila001, tag 432",NA,NA,NA,432,ngoila001
IMG_1042.JPG,129394,NA/8/2012,Albizia adianthifolia (Schumach.) W.Wight,2.63894,14.1355,50,Ngoila,"1ha plot ngoila001, tag 432",NA,NA,NA,432,ngoila001
IMG_1043.JPG,129404,NA/8/2012,Millettia sanagana Harms,2.63894,14.1355,50,Ngoila,"1ha plot ngoila001, tag 441",10351,IRD plot,409,441,ngoila001
IMG_1044.JPG,129404,NA/8/2012,Millettia sanagana Harms,2.63894,14.1355,50,Ngoila,"1ha plot ngoila001, tag 441",10351,IRD plot,409,441,ngoila001
IMG_1045.JPG,129404,NA/8/2012,Millettia sanagana Harms,2.63894,14.1355,50,Ngoila,"1ha plot ngoila001, tag 441",10351,IRD plot,409,441,ngoila001
IMG_1046.JPG,129404,NA/8/2012,Millettia sanagana Harms,2.63894,14.1355,50,Ngoila,"1ha plot ngoila001, tag 441",10351,IRD plot,409,441,ngoila001
IMG_1047.JPG,129404,NA/8/2012,Millettia sanagana Harms,2.63894,14.1355,50,Ngoila,"1ha plot ngoila001, tag 441",10351,IRD plot,409,441,ngoila001
IMG_1048.JPG,129404,NA/8/2012,Millettia sanagana Harms,2.63894,14.1355,50,Ngoila,"1ha plot ngoila001, tag 441",10351,IRD plot,409,441,ngoila001
IMG_1049.JPG,129407,NA/8/2012,Keayodendron bridelioides Leandri,2.63894,14.1355,50,Ngoila,"1ha plot ngoila001, tag 444",NA,NA,NA,444,ngoila001
IMG_1050.JPG,129407,NA/8/2012,Keayodendron bridelioides Leandri,2.63894,14.1355,50,Ngoila,"1ha plot ngoila001, tag 444",NA,NA,NA,444,ngoila001
IMG_1051.JPG,129415,NA/8/2012,Millettia sanagana Harms,2.63894,14.1355,50,Ngoila,"1ha plot ngoila001, tag 452",10351,IRD plot,409,452,ngoila001
IMG_1052.JPG,129415,NA/8/2012,Millettia sanagana Harms,2.63894,14.1355,50,Ngoila,"1ha plot ngoila001, tag 452",10351,IRD plot,409,452,ngoila001
IMG_1053.JPG,129415,NA/8/2012,Millettia sanagana Harms,2.63894,14.1355,50,Ngoila,"1ha plot ngoila001, tag 452",10351,IRD plot,409,452,ngoila001
IMG_1054.JPG,129415,NA/8/2012,Millettia sanagana Harms,2.63894,14.1355,50,Ngoila,"1ha plot ngoila001, tag 452",10351,IRD plot,409,452,ngoila001
IMG_1055.JPG,129415,NA/8/2012,Millettia sanagana Harms,2.63894,14.1355,50,Ngoila,"1ha plot ngoila001, tag 452",10351,IRD plot,409,452,ngoila001
IMG_1066.JPG,129259,NA/8/2012,Canarium schweinfurthii Engl.,2.63894,14.1355,50,Ngoila,"1ha plot ngoila001, tag 369",NA,NA,NA,369,ngoila001
IMG_1067.JPG,129259,NA/8/2012,Canarium schweinfurthii Engl.,2.63894,14.1355,50,Ngoila,"1ha plot ngoila001, tag 369",NA,NA,NA,369,ngoila001
IMG_1068.JPG,129259,NA/8/2012,Canarium schweinfurthii Engl.,2.63894,14.1355,50,Ngoila,"1ha plot ngoila001, tag 369",NA,NA,NA,369,ngoila001
IMG_1069.JPG,129259,NA/8/2012,Canarium schweinfurthii Engl.,2.63894,14.1355,50,Ngoila,"1ha plot ngoila001, tag 369",NA,NA,NA,369,ngoila001
IMG_1084.JPG,129033,NA/8/2012,Hexalobus crispiflorus A.Rich.,2.63894,14.1355,50,Ngoila,"1ha plot ngoila001, tag 80",10357,IRD plot,415,80,ngoila001
IMG_1085.JPG,129033,NA/8/2012,Hexalobus crispiflorus A.Rich.,2.63894,14.1355,50,Ngoila,"1ha plot ngoila001, tag 80",10357,IRD plot,415,80,ngoila001
IMG_1086.JPG,129033,NA/8/2012,Hexalobus crispiflorus A.Rich.,2.63894,14.1355,50,Ngoila,"1ha plot ngoila001, tag 80",10357,IRD plot,415,80,ngoila001
IMG_1087.JPG,129033,NA/8/2012,Hexalobus crispiflorus A.Rich.,2.63894,14.1355,50,Ngoila,"1ha plot ngoila001, tag 80",10357,IRD plot,415,80,ngoila001
IMG_0002.JPG,129563,NA/8/2012,Grewia coriacea Mast.,2.63991,14.1424,50,Ngoila,"1ha plot ngoila002, tag 148",NA,NA,NA,148,ngoila002
IMG_0003.JPG,129563,NA/8/2012,Grewia coriacea Mast.,2.63991,14.1424,50,Ngoila,"1ha plot ngoila002, tag 148",NA,NA,NA,148,ngoila002
IMG_0005.JPG,129563,NA/8/2012,Grewia coriacea Mast.,2.63991,14.1424,50,Ngoila,"1ha plot ngoila002, tag 148",NA,NA,NA,148,ngoila002
IMG_0006.JPG,129563,NA/8/2012,Grewia coriacea Mast.,2.63991,14.1424,50,Ngoila,"1ha plot ngoila002, tag 148",NA,NA,NA,148,ngoila002
IMG_0008.JPG,129571,NA/8/2012,Chrysophyllum boukokoense (Aubrév. & Pellegr.) L.Gaut.,2.63991,14.1424,50,Ngoila,"1ha plot ngoila002, tag 156",10336,IRD plot,394,156,ngoila002
IMG_0009.JPG,129571,NA/8/2012,Chrysophyllum boukokoense (Aubrév. & Pellegr.) L.Gaut.,2.63991,14.1424,50,Ngoila,"1ha plot ngoila002, tag 156",10336,IRD plot,394,156,ngoila002
IMG_0010.JPG,129582,NA/8/2012,Synsepalum bequaertii De Wild.,2.63991,14.1424,50,Ngoila,"1ha plot ngoila002, tag 167",10383,IRD plot,441,167,ngoila002
IMG_0012.JPG,129582,NA/8/2012,Synsepalum bequaertii De Wild.,2.63991,14.1424,50,Ngoila,"1ha plot ngoila002, tag 167",10383,IRD plot,441,167,ngoila002
IMG_0014.JPG,129582,NA/8/2012,Synsepalum bequaertii De Wild.,2.63991,14.1424,50,Ngoila,"1ha plot ngoila002, tag 167",10383,IRD plot,441,167,ngoila002
IMG_0015.JPG,129582,NA/8/2012,Synsepalum bequaertii De Wild.,2.63991,14.1424,50,Ngoila,"1ha plot ngoila002, tag 167",10383,IRD plot,441,167,ngoila002
IMG_0016.JPG,129588,NA/8/2012,Eriocoelum macrocarpum Gilg ex Radlk.,2.63991,14.1424,50,Ngoila,"1ha plot ngoila002, tag 173",NA,NA,NA,173,ngoila002
IMG_0018.JPG,129588,NA/8/2012,Eriocoelum macrocarpum Gilg ex Radlk.,2.63991,14.1424,50,Ngoila,"1ha plot ngoila002, tag 173",NA,NA,NA,173,ngoila002
IMG_0019.JPG,129588,NA/8/2012,Eriocoelum macrocarpum Gilg ex Radlk.,2.63991,14.1424,50,Ngoila,"1ha plot ngoila002, tag 173",NA,NA,NA,173,ngoila002
IMG_0020.JPG,129588,NA/8/2012,Eriocoelum macrocarpum Gilg ex Radlk.,2.63991,14.1424,50,Ngoila,"1ha plot ngoila002, tag 173",NA,NA,NA,173,ngoila002
IMG_0021.JPG,129597,NA/8/2012,Cleistopholis glauca Pierre ex Engl. & Diels,2.63991,14.1424,50,Ngoila,"1ha plot ngoila002, tag 182",NA,NA,NA,182,ngoila002
IMG_0026.JPG,129597,NA/8/2012,Cleistopholis glauca Pierre ex Engl. & Diels,2.63991,14.1424,50,Ngoila,"1ha plot ngoila002, tag 182",NA,NA,NA,182,ngoila002
IMG_0027.JPG,129597,NA/8/2012,Cleistopholis glauca Pierre ex Engl. & Diels,2.63991,14.1424,50,Ngoila,"1ha plot ngoila002, tag 182",NA,NA,NA,182,ngoila002
IMG_0028.JPG,129597,NA/8/2012,Cleistopholis glauca Pierre ex Engl. & Diels,2.63991,14.1424,50,Ngoila,"1ha plot ngoila002, tag 182",NA,NA,NA,182,ngoila002
IMG_0040.JPG,129627,NA/8/2012,Plagiostyles africana (Müll.Arg.) Prain,2.63991,14.1424,50,Ngoila,"1ha plot ngoila002, tag 211",NA,NA,NA,211,ngoila002
IMG_0043.JPG,129627,NA/8/2012,Plagiostyles africana (Müll.Arg.) Prain,2.63991,14.1424,50,Ngoila,"1ha plot ngoila002, tag 211",NA,NA,NA,211,ngoila002
IMG_0044.JPG,129627,NA/8/2012,Plagiostyles africana (Müll.Arg.) Prain,2.63991,14.1424,50,Ngoila,"1ha plot ngoila002, tag 211",NA,NA,NA,211,ngoila002
IMG_0045.JPG,129627,NA/8/2012,Plagiostyles africana (Müll.Arg.) Prain,2.63991,14.1424,50,Ngoila,"1ha plot ngoila002, tag 211",NA,NA,NA,211,ngoila002
IMG_0046_218.JPG,129634,NA/8/2012,Mammea africana Sabine,2.63991,14.1424,50,Ngoila,"1ha plot ngoila002, tag 218",NA,NA,NA,218,ngoila002
IMG_0047.JPG,129634,NA/8/2012,Mammea africana Sabine,2.63991,14.1424,50,Ngoila,"1ha plot ngoila002, tag 218",NA,NA,NA,218,ngoila002
IMG_0049.JPG,129634,NA/8/2012,Mammea africana Sabine,2.63991,14.1424,50,Ngoila,"1ha plot ngoila002, tag 218",NA,NA,NA,218,ngoila002
IMG_0074.JPG,129657,NA/8/2012,Desplatsia chrysochlamys (Mildbr. & Burret) Mildbr. & Burret,2.63991,14.1424,50,Ngoila,"1ha plot ngoila002, tag 240",10385,IRD plot,443,240,ngoila002
IMG_0076.JPG,129657,NA/8/2012,Desplatsia chrysochlamys (Mildbr. & Burret) Mildbr. & Burret,2.63991,14.1424,50,Ngoila,"1ha plot ngoila002, tag 240",10385,IRD plot,443,240,ngoila002
IMG_0077.JPG,129657,NA/8/2012,Desplatsia chrysochlamys (Mildbr. & Burret) Mildbr. & Burret,2.63991,14.1424,50,Ngoila,"1ha plot ngoila002, tag 240",10385,IRD plot,443,240,ngoila002
IMG_0078.JPG,129657,NA/8/2012,Desplatsia chrysochlamys (Mildbr. & Burret) Mildbr. & Burret,2.63991,14.1424,50,Ngoila,"1ha plot ngoila002, tag 240",10385,IRD plot,443,240,ngoila002
IMG_0080.JPG,129668,NA/8/2012,Diospyros physocalycina Gürke,2.63991,14.1424,50,Ngoila,"1ha plot ngoila002, tag 250",10391,IRD plot,449,250,ngoila002
IMG_0082.JPG,129668,NA/8/2012,Diospyros physocalycina Gürke,2.63991,14.1424,50,Ngoila,"1ha plot ngoila002, tag 250",10391,IRD plot,449,250,ngoila002
IMG_0084.JPG,129668,NA/8/2012,Diospyros physocalycina Gürke,2.63991,14.1424,50,Ngoila,"1ha plot ngoila002, tag 250",10391,IRD plot,449,250,ngoila002
IMG_0085.JPG,129668,NA/8/2012,Diospyros physocalycina Gürke,2.63991,14.1424,50,Ngoila,"1ha plot ngoila002, tag 250",10391,IRD plot,449,250,ngoila002
IMG_0086.JPG,129687,NA/8/2012,Dracaena arborea (Willd.) Link,2.63991,14.1424,50,Ngoila,"1ha plot ngoila002, tag 269",NA,NA,NA,269,ngoila002
IMG_0087.JPG,129687,NA/8/2012,Dracaena arborea (Willd.) Link,2.63991,14.1424,50,Ngoila,"1ha plot ngoila002, tag 269",NA,NA,NA,269,ngoila002
IMG_0090.JPG,129687,NA/8/2012,Dracaena arborea (Willd.) Link,2.63991,14.1424,50,Ngoila,"1ha plot ngoila002, tag 269",NA,NA,NA,269,ngoila002
IMG_0092.JPG,129687,NA/8/2012,Dracaena arborea (Willd.) Link,2.63991,14.1424,50,Ngoila,"1ha plot ngoila002, tag 269",NA,NA,NA,269,ngoila002
IMG_0093.JPG,129687,NA/8/2012,Dracaena arborea (Willd.) Link,2.63991,14.1424,50,Ngoila,"1ha plot ngoila002, tag 269",NA,NA,NA,269,ngoila002
IMG_0094.JPG,129693,NA/8/2012,Maesopsis eminii Engl.,2.63991,14.1424,50,Ngoila,"1ha plot ngoila002, tag 275",NA,NA,NA,275,ngoila002
IMG_0097.JPG,129693,NA/8/2012,Maesopsis eminii Engl.,2.63991,14.1424,50,Ngoila,"1ha plot ngoila002, tag 275",NA,NA,NA,275,ngoila002
IMG_0098.JPG,129693,NA/8/2012,Maesopsis eminii Engl.,2.63991,14.1424,50,Ngoila,"1ha plot ngoila002, tag 275",NA,NA,NA,275,ngoila002
IMG_0099.JPG,129693,NA/8/2012,Maesopsis eminii Engl.,2.63991,14.1424,50,Ngoila,"1ha plot ngoila002, tag 275",NA,NA,NA,275,ngoila002
IMG_0100.JPG,129700,NA/8/2012,Irvingia gabonensis (Aubry-Lecomte ex O'Rorke) Baill.,2.63991,14.1424,50,Ngoila,"1ha plot ngoila002, tag 282",10323,IRD plot,381,282,ngoila002
IMG_0101.JPG,129700,NA/8/2012,Irvingia gabonensis (Aubry-Lecomte ex O'Rorke) Baill.,2.63991,14.1424,50,Ngoila,"1ha plot ngoila002, tag 282",10323,IRD plot,381,282,ngoila002
IMG_0103.JPG,129700,NA/8/2012,Irvingia gabonensis (Aubry-Lecomte ex O'Rorke) Baill.,2.63991,14.1424,50,Ngoila,"1ha plot ngoila002, tag 282",10323,IRD plot,381,282,ngoila002
IMG_0104.JPG,129700,NA/8/2012,Irvingia gabonensis (Aubry-Lecomte ex O'Rorke) Baill.,2.63991,14.1424,50,Ngoila,"1ha plot ngoila002, tag 282",10323,IRD plot,381,282,ngoila002
IMG_0113.JPG,129713,NA/8/2012,Uapaca guineensis Müll.Arg.,2.63991,14.1424,50,Ngoila,"1ha plot ngoila002, tag 296",NA,NA,NA,296,ngoila002
IMG_0114.JPG,129713,NA/8/2012,Uapaca guineensis Müll.Arg.,2.63991,14.1424,50,Ngoila,"1ha plot ngoila002, tag 296",NA,NA,NA,296,ngoila002
IMG_0116.JPG,129713,NA/8/2012,Uapaca guineensis Müll.Arg.,2.63991,14.1424,50,Ngoila,"1ha plot ngoila002, tag 296",NA,NA,NA,296,ngoila002
IMG_0117.JPG,129713,NA/8/2012,Uapaca guineensis Müll.Arg.,2.63991,14.1424,50,Ngoila,"1ha plot ngoila002, tag 296",NA,NA,NA,296,ngoila002
IMG_0119.JPG,129726,NA/8/2012,Strombosia zenkeri Engl.,2.63991,14.1424,50,Ngoila,"1ha plot ngoila002, tag 308",NA,NA,NA,308,ngoila002
IMG_0121.JPG,129726,NA/8/2012,Strombosia zenkeri Engl.,2.63991,14.1424,50,Ngoila,"1ha plot ngoila002, tag 308",NA,NA,NA,308,ngoila002
IMG_0122.JPG,129726,NA/8/2012,Strombosia zenkeri Engl.,2.63991,14.1424,50,Ngoila,"1ha plot ngoila002, tag 308",NA,NA,NA,308,ngoila002
IMG_0124.JPG,129726,NA/8/2012,Strombosia zenkeri Engl.,2.63991,14.1424,50,Ngoila,"1ha plot ngoila002, tag 308",NA,NA,NA,308,ngoila002
IMG_0125.JPG,129728,NA/8/2012,Petersianthus macrocarpus (P.Beauv.) Liben,2.63991,14.1424,50,Ngoila,"1ha plot ngoila002, tag 310",10344,IRD plot,402,310,ngoila002
IMG_0127.JPG,129728,NA/8/2012,Petersianthus macrocarpus (P.Beauv.) Liben,2.63991,14.1424,50,Ngoila,"1ha plot ngoila002, tag 310",10344,IRD plot,402,310,ngoila002
IMG_0128.JPG,129728,NA/8/2012,Petersianthus macrocarpus (P.Beauv.) Liben,2.63991,14.1424,50,Ngoila,"1ha plot ngoila002, tag 310",10344,IRD plot,402,310,ngoila002
IMG_0129.JPG,129728,NA/8/2012,Petersianthus macrocarpus (P.Beauv.) Liben,2.63991,14.1424,50,Ngoila,"1ha plot ngoila002, tag 310",10344,IRD plot,402,310,ngoila002
IMG_0130.JPG,129730,NA/8/2012,NA,2.63991,14.1424,50,Ngoila,"1ha plot ngoila002, tag 312",10361,IRD plot,419,312,ngoila002
IMG_0132.JPG,129730,NA/8/2012,NA,2.63991,14.1424,50,Ngoila,"1ha plot ngoila002, tag 312",10361,IRD plot,419,312,ngoila002
IMG_0133.JPG,129730,NA/8/2012,NA,2.63991,14.1424,50,Ngoila,"1ha plot ngoila002, tag 312",10361,IRD plot,419,312,ngoila002
IMG_0134.JPG,129730,NA/8/2012,NA,2.63991,14.1424,50,Ngoila,"1ha plot ngoila002, tag 312",10361,IRD plot,419,312,ngoila002
IMG_0146.JPG,129809,NA/8/2012,Duguetia barteri (Benth.) Chatrou,2.63991,14.1424,50,Ngoila,"1ha plot ngoila002, tag 389",10358,IRD plot,416,389,ngoila002
IMG_0147.JPG,129809,NA/8/2012,Duguetia barteri (Benth.) Chatrou,2.63991,14.1424,50,Ngoila,"1ha plot ngoila002, tag 389",10358,IRD plot,416,389,ngoila002
IMG_0148.JPG,129809,NA/8/2012,Duguetia barteri (Benth.) Chatrou,2.63991,14.1424,50,Ngoila,"1ha plot ngoila002, tag 389",10358,IRD plot,416,389,ngoila002
IMG_0149.JPG,129809,NA/8/2012,Duguetia barteri (Benth.) Chatrou,2.63991,14.1424,50,Ngoila,"1ha plot ngoila002, tag 389",10358,IRD plot,416,389,ngoila002
IMG_0150.JPG,129840,NA/8/2012,Diospyros hoyleana F.White,2.63991,14.1424,50,Ngoila,"1ha plot ngoila002, tag 420",10377,IRD plot,435,420,ngoila002
IMG_0152.JPG,129840,NA/8/2012,Diospyros hoyleana F.White,2.63991,14.1424,50,Ngoila,"1ha plot ngoila002, tag 420",10377,IRD plot,435,420,ngoila002
IMG_0153.JPG,129840,NA/8/2012,Diospyros hoyleana F.White,2.63991,14.1424,50,Ngoila,"1ha plot ngoila002, tag 420",10377,IRD plot,435,420,ngoila002
IMG_0155.JPG,129840,NA/8/2012,Diospyros hoyleana F.White,2.63991,14.1424,50,Ngoila,"1ha plot ngoila002, tag 420",10377,IRD plot,435,420,ngoila002
IMG_0158.JPG,129846,NA/8/2012,Bombax brevicuspe Sprague,2.63991,14.1424,50,Ngoila,"1ha plot ngoila002, tag 426",10326,IRD plot,384,426,ngoila002
IMG_0159.JPG,129846,NA/8/2012,Bombax brevicuspe Sprague,2.63991,14.1424,50,Ngoila,"1ha plot ngoila002, tag 426",10326,IRD plot,384,426,ngoila002
IMG_0161.JPG,129846,NA/8/2012,Bombax brevicuspe Sprague,2.63991,14.1424,50,Ngoila,"1ha plot ngoila002, tag 426",10326,IRD plot,384,426,ngoila002
IMG_0162.JPG,129846,NA/8/2012,Bombax brevicuspe Sprague,2.63991,14.1424,50,Ngoila,"1ha plot ngoila002, tag 426",10326,IRD plot,384,426,ngoila002
IMG_0163.JPG,129846,NA/8/2012,Bombax brevicuspe Sprague,2.63991,14.1424,50,Ngoila,"1ha plot ngoila002, tag 426",10326,IRD plot,384,426,ngoila002
IMG_0178.JPG,129883,NA/8/2012,Pericopsis elata (Harms) Meeuwen,2.63991,14.1424,50,Ngoila,"1ha plot ngoila002, tag 462",NA,NA,NA,462,ngoila002
IMG_0179.JPG,129883,NA/8/2012,Pericopsis elata (Harms) Meeuwen,2.63991,14.1424,50,Ngoila,"1ha plot ngoila002, tag 462",NA,NA,NA,462,ngoila002
IMG_0181.JPG,129883,NA/8/2012,Pericopsis elata (Harms) Meeuwen,2.63991,14.1424,50,Ngoila,"1ha plot ngoila002, tag 462",NA,NA,NA,462,ngoila002
IMG_0182.JPG,129883,NA/8/2012,Pericopsis elata (Harms) Meeuwen,2.63991,14.1424,50,Ngoila,"1ha plot ngoila002, tag 462",NA,NA,NA,462,ngoila002
IMG_0187_478.JPG,129900,NA/8/2012,Celtis tessmannii Rendle,2.63991,14.1424,50,Ngoila,"1ha plot ngoila002, tag 478",NA,NA,NA,478,ngoila002
IMG_0190.JPG,129900,NA/8/2012,Celtis tessmannii Rendle,2.63991,14.1424,50,Ngoila,"1ha plot ngoila002, tag 478",NA,NA,NA,478,ngoila002
IMG_0191.JPG,129900,NA/8/2012,Celtis tessmannii Rendle,2.63991,14.1424,50,Ngoila,"1ha plot ngoila002, tag 478",NA,NA,NA,478,ngoila002
IMG_0194.JPG,129903,NA/8/2012,Bombax brevicuspe Sprague,2.63991,14.1424,50,Ngoila,"1ha plot ngoila002, tag 481",10326,IRD plot,384,481,ngoila002
IMG_0197.JPG,129903,NA/8/2012,Bombax brevicuspe Sprague,2.63991,14.1424,50,Ngoila,"1ha plot ngoila002, tag 481",10326,IRD plot,384,481,ngoila002
IMG_0198.JPG,129903,NA/8/2012,Bombax brevicuspe Sprague,2.63991,14.1424,50,Ngoila,"1ha plot ngoila002, tag 481",10326,IRD plot,384,481,ngoila002
IMG_0199.JPG,129905,NA/8/2012,Amphimas pterocarpoides Harms,2.63991,14.1424,50,Ngoila,"1ha plot ngoila002, tag 483",NA,NA,NA,483,ngoila002
IMG_0202.JPG,129905,NA/8/2012,Amphimas pterocarpoides Harms,2.63991,14.1424,50,Ngoila,"1ha plot ngoila002, tag 483",NA,NA,NA,483,ngoila002
IMG_0203.JPG,129905,NA/8/2012,Amphimas pterocarpoides Harms,2.63991,14.1424,50,Ngoila,"1ha plot ngoila002, tag 483",NA,NA,NA,483,ngoila002
IMG_0204.JPG,129935,NA/8/2012,Strombosia grandifolia Hook.f.,2.63991,14.1424,50,Ngoila,"1ha plot ngoila002, tag 512",NA,NA,NA,512,ngoila002
IMG_0207.JPG,129935,NA/8/2012,Strombosia grandifolia Hook.f.,2.63991,14.1424,50,Ngoila,"1ha plot ngoila002, tag 512",NA,NA,NA,512,ngoila002
IMG_0208.JPG,129935,NA/8/2012,Strombosia grandifolia Hook.f.,2.63991,14.1424,50,Ngoila,"1ha plot ngoila002, tag 512",NA,NA,NA,512,ngoila002
IMG_0209.JPG,129935,NA/8/2012,Strombosia grandifolia Hook.f.,2.63991,14.1424,50,Ngoila,"1ha plot ngoila002, tag 512",NA,NA,NA,512,ngoila002
IMG_1133.JPG,129425,NA/8/2012,Entandrophragma cylindricum (Sprague) Sprague,2.63991,14.1424,50,Ngoila,"1ha plot ngoila002, tag 10",NA,NA,NA,10,ngoila002
IMG_1134.JPG,129425,NA/8/2012,Entandrophragma cylindricum (Sprague) Sprague,2.63991,14.1424,50,Ngoila,"1ha plot ngoila002, tag 10",NA,NA,NA,10,ngoila002
IMG_1135.JPG,129425,NA/8/2012,Entandrophragma cylindricum (Sprague) Sprague,2.63991,14.1424,50,Ngoila,"1ha plot ngoila002, tag 10",NA,NA,NA,10,ngoila002
IMG_1136.JPG,129425,NA/8/2012,Entandrophragma cylindricum (Sprague) Sprague,2.63991,14.1424,50,Ngoila,"1ha plot ngoila002, tag 10",NA,NA,NA,10,ngoila002
IMG_1137.JPG,129425,NA/8/2012,Entandrophragma cylindricum (Sprague) Sprague,2.63991,14.1424,50,Ngoila,"1ha plot ngoila002, tag 10",NA,NA,NA,10,ngoila002
IMG_1138.JPG,129421,NA/8/2012,Strombosia pustulata Oliv.,2.63991,14.1424,50,Ngoila,"1ha plot ngoila002, tag 6",10370,IRD plot,428,6,ngoila002
IMG_1139.JPG,129421,NA/8/2012,Strombosia pustulata Oliv.,2.63991,14.1424,50,Ngoila,"1ha plot ngoila002, tag 6",10370,IRD plot,428,6,ngoila002
IMG_1140.JPG,129421,NA/8/2012,Strombosia pustulata Oliv.,2.63991,14.1424,50,Ngoila,"1ha plot ngoila002, tag 6",10370,IRD plot,428,6,ngoila002
IMG_1141.JPG,129419,NA/8/2012,Piptadeniastrum africanum (Hook.f.) Brenan,2.63991,14.1424,50,Ngoila,"1ha plot ngoila002, tag 4",NA,NA,NA,4,ngoila002
IMG_1142.JPG,129419,NA/8/2012,Piptadeniastrum africanum (Hook.f.) Brenan,2.63991,14.1424,50,Ngoila,"1ha plot ngoila002, tag 4",NA,NA,NA,4,ngoila002
IMG_1143.JPG,129420,NA/8/2012,Duboscia macrocarpa Bocq.,2.63991,14.1424,50,Ngoila,"1ha plot ngoila002, tag 5",NA,NA,NA,5,ngoila002
IMG_1144.JPG,129420,NA/8/2012,Duboscia macrocarpa Bocq.,2.63991,14.1424,50,Ngoila,"1ha plot ngoila002, tag 5",NA,NA,NA,5,ngoila002
IMG_1145.JPG,129428,NA/8/2012,Pterocarpus mildbraedii Harms,2.63991,14.1424,50,Ngoila,"1ha plot ngoila002, tag 13",NA,NA,NA,13,ngoila002
IMG_1146.JPG,129428,NA/8/2012,Pterocarpus mildbraedii Harms,2.63991,14.1424,50,Ngoila,"1ha plot ngoila002, tag 13",NA,NA,NA,13,ngoila002
IMG_1147.JPG,129428,NA/8/2012,Pterocarpus mildbraedii Harms,2.63991,14.1424,50,Ngoila,"1ha plot ngoila002, tag 13",NA,NA,NA,13,ngoila002
IMG_1148.JPG,129428,NA/8/2012,Pterocarpus mildbraedii Harms,2.63991,14.1424,50,Ngoila,"1ha plot ngoila002, tag 13",NA,NA,NA,13,ngoila002
IMG_1149.JPG,129438,NA/8/2012,Afrostyrax lepidophyllus Mildbr.,2.63991,14.1424,50,Ngoila,"1ha plot ngoila002, tag 23",NA,NA,NA,23,ngoila002
IMG_1150.JPG,129438,NA/8/2012,Afrostyrax lepidophyllus Mildbr.,2.63991,14.1424,50,Ngoila,"1ha plot ngoila002, tag 23",NA,NA,NA,23,ngoila002
IMG_1151.JPG,129438,NA/8/2012,Afrostyrax lepidophyllus Mildbr.,2.63991,14.1424,50,Ngoila,"1ha plot ngoila002, tag 23",NA,NA,NA,23,ngoila002
IMG_1152.JPG,129438,NA/8/2012,Afrostyrax lepidophyllus Mildbr.,2.63991,14.1424,50,Ngoila,"1ha plot ngoila002, tag 23",NA,NA,NA,23,ngoila002
IMG_1153.JPG,129438,NA/8/2012,Afrostyrax lepidophyllus Mildbr.,2.63991,14.1424,50,Ngoila,"1ha plot ngoila002, tag 23",NA,NA,NA,23,ngoila002
IMG_1154.JPG,129443,NA/8/2012,Klainedoxa gabonensis Pierre,2.63991,14.1424,50,Ngoila,"1ha plot ngoila002, tag 28",10331,IRD plot,389,28,ngoila002
IMG_1155.JPG,129443,NA/8/2012,Klainedoxa gabonensis Pierre,2.63991,14.1424,50,Ngoila,"1ha plot ngoila002, tag 28",10331,IRD plot,389,28,ngoila002
IMG_1156.JPG,129443,NA/8/2012,Klainedoxa gabonensis Pierre,2.63991,14.1424,50,Ngoila,"1ha plot ngoila002, tag 28",10331,IRD plot,389,28,ngoila002
IMG_1157.JPG,129443,NA/8/2012,Klainedoxa gabonensis Pierre,2.63991,14.1424,50,Ngoila,"1ha plot ngoila002, tag 28",10331,IRD plot,389,28,ngoila002
IMG_1158.JPG,129443,NA/8/2012,Klainedoxa gabonensis Pierre,2.63991,14.1424,50,Ngoila,"1ha plot ngoila002, tag 28",10331,IRD plot,389,28,ngoila002
IMG_1159.JPG,129443,NA/8/2012,Klainedoxa gabonensis Pierre,2.63991,14.1424,50,Ngoila,"1ha plot ngoila002, tag 28",10331,IRD plot,389,28,ngoila002
IMG_1160.JPG,129443,NA/8/2012,Klainedoxa gabonensis Pierre,2.63991,14.1424,50,Ngoila,"1ha plot ngoila002, tag 28",10331,IRD plot,389,28,ngoila002
IMG_1161.JPG,129448,NA/8/2012,Trichoscypha patens (Oliv.) Engl.,2.63991,14.1424,50,Ngoila,"1ha plot ngoila002, tag 33",10375,IRD plot,433,33,ngoila002
IMG_1162.JPG,129448,NA/8/2012,Trichoscypha patens (Oliv.) Engl.,2.63991,14.1424,50,Ngoila,"1ha plot ngoila002, tag 33",10375,IRD plot,433,33,ngoila002
IMG_1163.JPG,129448,NA/8/2012,Trichoscypha patens (Oliv.) Engl.,2.63991,14.1424,50,Ngoila,"1ha plot ngoila002, tag 33",10375,IRD plot,433,33,ngoila002
IMG_1164.JPG,129448,NA/8/2012,Trichoscypha patens (Oliv.) Engl.,2.63991,14.1424,50,Ngoila,"1ha plot ngoila002, tag 33",10375,IRD plot,433,33,ngoila002
IMG_1165.JPG,129448,NA/8/2012,Trichoscypha patens (Oliv.) Engl.,2.63991,14.1424,50,Ngoila,"1ha plot ngoila002, tag 33",10375,IRD plot,433,33,ngoila002
IMG_1166.JPG,129448,NA/8/2012,Trichoscypha patens (Oliv.) Engl.,2.63991,14.1424,50,Ngoila,"1ha plot ngoila002, tag 33",10375,IRD plot,433,33,ngoila002
IMG_1167.JPG,129454,NA/8/2012,Annickia affinis (Exell) Versteegh & Sosef,2.63991,14.1424,50,Ngoila,"1ha plot ngoila002, tag 39",10360,IRD plot,418,39,ngoila002
IMG_1168.JPG,129454,NA/8/2012,Annickia affinis (Exell) Versteegh & Sosef,2.63991,14.1424,50,Ngoila,"1ha plot ngoila002, tag 39",10360,IRD plot,418,39,ngoila002
IMG_1169.JPG,129454,NA/8/2012,Annickia affinis (Exell) Versteegh & Sosef,2.63991,14.1424,50,Ngoila,"1ha plot ngoila002, tag 39",10360,IRD plot,418,39,ngoila002
IMG_1171.JPG,129454,NA/8/2012,Annickia affinis (Exell) Versteegh & Sosef,2.63991,14.1424,50,Ngoila,"1ha plot ngoila002, tag 39",10360,IRD plot,418,39,ngoila002
IMG_1172.JPG,129454,NA/8/2012,Annickia affinis (Exell) Versteegh & Sosef,2.63991,14.1424,50,Ngoila,"1ha plot ngoila002, tag 39",10360,IRD plot,418,39,ngoila002
IMG_1173.JPG,129454,NA/8/2012,Annickia affinis (Exell) Versteegh & Sosef,2.63991,14.1424,50,Ngoila,"1ha plot ngoila002, tag 39",10360,IRD plot,418,39,ngoila002
IMG_1174.JPG,129462,NA/8/2012,Anonidium mannii (Oliv.) Engl. & Diels,2.63991,14.1424,50,Ngoila,"1ha plot ngoila002, tag 47",10379,IRD plot,437,47,ngoila002
IMG_1175.JPG,129462,NA/8/2012,Anonidium mannii (Oliv.) Engl. & Diels,2.63991,14.1424,50,Ngoila,"1ha plot ngoila002, tag 47",10379,IRD plot,437,47,ngoila002
IMG_1176.JPG,129462,NA/8/2012,Anonidium mannii (Oliv.) Engl. & Diels,2.63991,14.1424,50,Ngoila,"1ha plot ngoila002, tag 47",10379,IRD plot,437,47,ngoila002
IMG_1177.JPG,129462,NA/8/2012,Anonidium mannii (Oliv.) Engl. & Diels,2.63991,14.1424,50,Ngoila,"1ha plot ngoila002, tag 47",10379,IRD plot,437,47,ngoila002
IMG_1178.JPG,129462,NA/8/2012,Anonidium mannii (Oliv.) Engl. & Diels,2.63991,14.1424,50,Ngoila,"1ha plot ngoila002, tag 47",10379,IRD plot,437,47,ngoila002
IMG_1179.JPG,129462,NA/8/2012,Anonidium mannii (Oliv.) Engl. & Diels,2.63991,14.1424,50,Ngoila,"1ha plot ngoila002, tag 47",10379,IRD plot,437,47,ngoila002
IMG_1180.JPG,129462,NA/8/2012,Anonidium mannii (Oliv.) Engl. & Diels,2.63991,14.1424,50,Ngoila,"1ha plot ngoila002, tag 47",10379,IRD plot,437,47,ngoila002
IMG_1181.JPG,129463,NA/8/2012,Garcinia mannii Oliv.,2.63991,14.1424,50,Ngoila,"1ha plot ngoila002, tag 48",10380,IRD plot,438,48,ngoila002
IMG_1182.JPG,129463,NA/8/2012,Garcinia mannii Oliv.,2.63991,14.1424,50,Ngoila,"1ha plot ngoila002, tag 48",10380,IRD plot,438,48,ngoila002
IMG_1183.JPG,129463,NA/8/2012,Garcinia mannii Oliv.,2.63991,14.1424,50,Ngoila,"1ha plot ngoila002, tag 48",10380,IRD plot,438,48,ngoila002
IMG_1184.JPG,129463,NA/8/2012,Garcinia mannii Oliv.,2.63991,14.1424,50,Ngoila,"1ha plot ngoila002, tag 48",10380,IRD plot,438,48,ngoila002
IMG_1185.JPG,129463,NA/8/2012,Garcinia mannii Oliv.,2.63991,14.1424,50,Ngoila,"1ha plot ngoila002, tag 48",10380,IRD plot,438,48,ngoila002
IMG_1186.JPG,129470,NA/8/2012,NA,2.63991,14.1424,50,Ngoila,"1ha plot ngoila002, tag 55",NA,NA,NA,55,ngoila002
IMG_1187.JPG,129470,NA/8/2012,NA,2.63991,14.1424,50,Ngoila,"1ha plot ngoila002, tag 55",NA,NA,NA,55,ngoila002
IMG_1188.JPG,129470,NA/8/2012,NA,2.63991,14.1424,50,Ngoila,"1ha plot ngoila002, tag 55",NA,NA,NA,55,ngoila002
IMG_1189.JPG,129470,NA/8/2012,NA,2.63991,14.1424,50,Ngoila,"1ha plot ngoila002, tag 55",NA,NA,NA,55,ngoila002
IMG_1190.JPG,129470,NA/8/2012,NA,2.63991,14.1424,50,Ngoila,"1ha plot ngoila002, tag 55",NA,NA,NA,55,ngoila002
IMG_1191.JPG,129470,NA/8/2012,NA,2.63991,14.1424,50,Ngoila,"1ha plot ngoila002, tag 55",NA,NA,NA,55,ngoila002
IMG_1192.JPG,129470,NA/8/2012,NA,2.63991,14.1424,50,Ngoila,"1ha plot ngoila002, tag 55",NA,NA,NA,55,ngoila002
IMG_1199.JPG,129482,NA/8/2012,Pterocarpus soyauxii Taub.,2.63991,14.1424,50,Ngoila,"1ha plot ngoila002, tag 67",10371,IRD plot,429,67,ngoila002
IMG_1200.JPG,129482,NA/8/2012,Pterocarpus soyauxii Taub.,2.63991,14.1424,50,Ngoila,"1ha plot ngoila002, tag 67",10371,IRD plot,429,67,ngoila002
IMG_1201.JPG,129482,NA/8/2012,Pterocarpus soyauxii Taub.,2.63991,14.1424,50,Ngoila,"1ha plot ngoila002, tag 67",10371,IRD plot,429,67,ngoila002
IMG_1202.JPG,129482,NA/8/2012,Pterocarpus soyauxii Taub.,2.63991,14.1424,50,Ngoila,"1ha plot ngoila002, tag 67",10371,IRD plot,429,67,ngoila002
IMG_1203.JPG,129482,NA/8/2012,Pterocarpus soyauxii Taub.,2.63991,14.1424,50,Ngoila,"1ha plot ngoila002, tag 67",10371,IRD plot,429,67,ngoila002
IMG_1204.JPG,129482,NA/8/2012,Pterocarpus soyauxii Taub.,2.63991,14.1424,50,Ngoila,"1ha plot ngoila002, tag 67",10371,IRD plot,429,67,ngoila002
IMG_1205.JPG,129482,NA/8/2012,Pterocarpus soyauxii Taub.,2.63991,14.1424,50,Ngoila,"1ha plot ngoila002, tag 67",10371,IRD plot,429,67,ngoila002
IMG_1206.JPG,129482,NA/8/2012,Pterocarpus soyauxii Taub.,2.63991,14.1424,50,Ngoila,"1ha plot ngoila002, tag 67",10371,IRD plot,429,67,ngoila002
IMG_1207.JPG,129482,NA/8/2012,Pterocarpus soyauxii Taub.,2.63991,14.1424,50,Ngoila,"1ha plot ngoila002, tag 67",10371,IRD plot,429,67,ngoila002
IMG_1208.JPG,129488,NA/8/2012,Xylopia hypolampra Mildbr.,2.63991,14.1424,50,Ngoila,"1ha plot ngoila002, tag 73",NA,NA,NA,73,ngoila002
IMG_1209.JPG,129488,NA/8/2012,Xylopia hypolampra Mildbr.,2.63991,14.1424,50,Ngoila,"1ha plot ngoila002, tag 73",NA,NA,NA,73,ngoila002
IMG_1210.JPG,129488,NA/8/2012,Xylopia hypolampra Mildbr.,2.63991,14.1424,50,Ngoila,"1ha plot ngoila002, tag 73",NA,NA,NA,73,ngoila002
IMG_1211.JPG,129488,NA/8/2012,Xylopia hypolampra Mildbr.,2.63991,14.1424,50,Ngoila,"1ha plot ngoila002, tag 73",NA,NA,NA,73,ngoila002
IMG_1212.JPG,129488,NA/8/2012,Xylopia hypolampra Mildbr.,2.63991,14.1424,50,Ngoila,"1ha plot ngoila002, tag 73",NA,NA,NA,73,ngoila002
IMG_1213.JPG,129488,NA/8/2012,Xylopia hypolampra Mildbr.,2.63991,14.1424,50,Ngoila,"1ha plot ngoila002, tag 73",NA,NA,NA,73,ngoila002
IMG_1214.JPG,129489,NA/8/2012,Santiria ebo (Pierre) H.J.Lam,2.63991,14.1424,50,Ngoila,"1ha plot ngoila002, tag 74",10325,IRD plot,383,74,ngoila002
IMG_1215.JPG,129489,NA/8/2012,Santiria ebo (Pierre) H.J.Lam,2.63991,14.1424,50,Ngoila,"1ha plot ngoila002, tag 74",10325,IRD plot,383,74,ngoila002
IMG_1216.JPG,129489,NA/8/2012,Santiria ebo (Pierre) H.J.Lam,2.63991,14.1424,50,Ngoila,"1ha plot ngoila002, tag 74",10325,IRD plot,383,74,ngoila002
IMG_1217.JPG,129489,NA/8/2012,Santiria ebo (Pierre) H.J.Lam,2.63991,14.1424,50,Ngoila,"1ha plot ngoila002, tag 74",10325,IRD plot,383,74,ngoila002
IMG_1218.JPG,129489,NA/8/2012,Santiria ebo (Pierre) H.J.Lam,2.63991,14.1424,50,Ngoila,"1ha plot ngoila002, tag 74",10325,IRD plot,383,74,ngoila002
IMG_1219.JPG,129489,NA/8/2012,Santiria ebo (Pierre) H.J.Lam,2.63991,14.1424,50,Ngoila,"1ha plot ngoila002, tag 74",10325,IRD plot,383,74,ngoila002
IMG_1220.JPG,129489,NA/8/2012,Santiria ebo (Pierre) H.J.Lam,2.63991,14.1424,50,Ngoila,"1ha plot ngoila002, tag 74",10325,IRD plot,383,74,ngoila002
IMG_1221.JPG,129496,NA/8/2012,Pseudospondias microcarpa (A.Rich.) Engl.,2.63991,14.1424,50,Ngoila,"1ha plot ngoila002, tag 81",NA,NA,NA,81,ngoila002
IMG_1222.JPG,129496,NA/8/2012,Pseudospondias microcarpa (A.Rich.) Engl.,2.63991,14.1424,50,Ngoila,"1ha plot ngoila002, tag 81",NA,NA,NA,81,ngoila002
IMG_1223.JPG,129496,NA/8/2012,Pseudospondias microcarpa (A.Rich.) Engl.,2.63991,14.1424,50,Ngoila,"1ha plot ngoila002, tag 81",NA,NA,NA,81,ngoila002
IMG_1224.JPG,129496,NA/8/2012,Pseudospondias microcarpa (A.Rich.) Engl.,2.63991,14.1424,50,Ngoila,"1ha plot ngoila002, tag 81",NA,NA,NA,81,ngoila002
IMG_1225.JPG,129496,NA/8/2012,Pseudospondias microcarpa (A.Rich.) Engl.,2.63991,14.1424,50,Ngoila,"1ha plot ngoila002, tag 81",NA,NA,NA,81,ngoila002
IMG_1226.JPG,129496,NA/8/2012,Pseudospondias microcarpa (A.Rich.) Engl.,2.63991,14.1424,50,Ngoila,"1ha plot ngoila002, tag 81",NA,NA,NA,81,ngoila002
IMG_1227.JPG,129496,NA/8/2012,Pseudospondias microcarpa (A.Rich.) Engl.,2.63991,14.1424,50,Ngoila,"1ha plot ngoila002, tag 81",NA,NA,NA,81,ngoila002
IMG_1228.JPG,129496,NA/8/2012,Pseudospondias microcarpa (A.Rich.) Engl.,2.63991,14.1424,50,Ngoila,"1ha plot ngoila002, tag 81",NA,NA,NA,81,ngoila002
IMG_1229.JPG,129496,NA/8/2012,Pseudospondias microcarpa (A.Rich.) Engl.,2.63991,14.1424,50,Ngoila,"1ha plot ngoila002, tag 81",NA,NA,NA,81,ngoila002
IMG_1230.JPG,129496,NA/8/2012,Pseudospondias microcarpa (A.Rich.) Engl.,2.63991,14.1424,50,Ngoila,"1ha plot ngoila002, tag 81",NA,NA,NA,81,ngoila002
IMG_1231.JPG,129496,NA/8/2012,Pseudospondias microcarpa (A.Rich.) Engl.,2.63991,14.1424,50,Ngoila,"1ha plot ngoila002, tag 81",NA,NA,NA,81,ngoila002
IMG_1232.JPG,129496,NA/8/2012,Pseudospondias microcarpa (A.Rich.) Engl.,2.63991,14.1424,50,Ngoila,"1ha plot ngoila002, tag 81",NA,NA,NA,81,ngoila002
IMG_1240.JPG,129511,NA/8/2012,Klainedoxa gabonensis Pierre,2.63991,14.1424,50,Ngoila,"1ha plot ngoila002, tag 96",10331,IRD plot,389,96,ngoila002
IMG_1241.JPG,129511,NA/8/2012,Klainedoxa gabonensis Pierre,2.63991,14.1424,50,Ngoila,"1ha plot ngoila002, tag 96",10331,IRD plot,389,96,ngoila002
IMG_1242.JPG,129511,NA/8/2012,Klainedoxa gabonensis Pierre,2.63991,14.1424,50,Ngoila,"1ha plot ngoila002, tag 96",10331,IRD plot,389,96,ngoila002
IMG_1247.JPG,129520,NA/8/2012,Khaya anthotheca (Welw.) C.DC.,2.63991,14.1424,50,Ngoila,"1ha plot ngoila002, tag 105",10353,IRD plot,411,105,ngoila002
IMG_1248.JPG,129520,NA/8/2012,Khaya anthotheca (Welw.) C.DC.,2.63991,14.1424,50,Ngoila,"1ha plot ngoila002, tag 105",10353,IRD plot,411,105,ngoila002
IMG_1249.JPG,129520,NA/8/2012,Khaya anthotheca (Welw.) C.DC.,2.63991,14.1424,50,Ngoila,"1ha plot ngoila002, tag 105",10353,IRD plot,411,105,ngoila002
IMG_1250.JPG,129520,NA/8/2012,Khaya anthotheca (Welw.) C.DC.,2.63991,14.1424,50,Ngoila,"1ha plot ngoila002, tag 105",10353,IRD plot,411,105,ngoila002
IMG_1251.JPG,129520,NA/8/2012,Khaya anthotheca (Welw.) C.DC.,2.63991,14.1424,50,Ngoila,"1ha plot ngoila002, tag 105",10353,IRD plot,411,105,ngoila002
IMG_1252.JPG,129524,NA/8/2012,Trichoscypha acuminata Engl.,2.63991,14.1424,50,Ngoila,"1ha plot ngoila002, tag 109",NA,NA,NA,109,ngoila002
IMG_1253.JPG,129524,NA/8/2012,Trichoscypha acuminata Engl.,2.63991,14.1424,50,Ngoila,"1ha plot ngoila002, tag 109",NA,NA,NA,109,ngoila002
IMG_1254.JPG,129524,NA/8/2012,Trichoscypha acuminata Engl.,2.63991,14.1424,50,Ngoila,"1ha plot ngoila002, tag 109",NA,NA,NA,109,ngoila002
IMG_1255.JPG,129524,NA/8/2012,Trichoscypha acuminata Engl.,2.63991,14.1424,50,Ngoila,"1ha plot ngoila002, tag 109",NA,NA,NA,109,ngoila002
IMG_1256.JPG,129524,NA/8/2012,Trichoscypha acuminata Engl.,2.63991,14.1424,50,Ngoila,"1ha plot ngoila002, tag 109",NA,NA,NA,109,ngoila002
IMG_1257.JPG,129524,NA/8/2012,Trichoscypha acuminata Engl.,2.63991,14.1424,50,Ngoila,"1ha plot ngoila002, tag 109",NA,NA,NA,109,ngoila002
IMG_1258.JPG,129524,NA/8/2012,Trichoscypha acuminata Engl.,2.63991,14.1424,50,Ngoila,"1ha plot ngoila002, tag 109",NA,NA,NA,109,ngoila002
IMG_1262.JPG,129546,NA/8/2012,Rinorea oblongifolia (C.H.Wright) C.Marquand ex Chipp,2.63991,14.1424,50,Ngoila,"1ha plot ngoila002, tag 131",NA,NA,NA,131,ngoila002
IMG_1263.JPG,129546,NA/8/2012,Rinorea oblongifolia (C.H.Wright) C.Marquand ex Chipp,2.63991,14.1424,50,Ngoila,"1ha plot ngoila002, tag 131",NA,NA,NA,131,ngoila002
IMG_1264.JPG,129546,NA/8/2012,Rinorea oblongifolia (C.H.Wright) C.Marquand ex Chipp,2.63991,14.1424,50,Ngoila,"1ha plot ngoila002, tag 131",NA,NA,NA,131,ngoila002
IMG_1265.JPG,129546,NA/8/2012,Rinorea oblongifolia (C.H.Wright) C.Marquand ex Chipp,2.63991,14.1424,50,Ngoila,"1ha plot ngoila002, tag 131",NA,NA,NA,131,ngoila002
IMG_1266.JPG,129546,NA/8/2012,Rinorea oblongifolia (C.H.Wright) C.Marquand ex Chipp,2.63991,14.1424,50,Ngoila,"1ha plot ngoila002, tag 131",NA,NA,NA,131,ngoila002
IMG_1267.JPG,129546,NA/8/2012,Rinorea oblongifolia (C.H.Wright) C.Marquand ex Chipp,2.63991,14.1424,50,Ngoila,"1ha plot ngoila002, tag 131",NA,NA,NA,131,ngoila002
IMG_1268.JPG,129546,NA/8/2012,Rinorea oblongifolia (C.H.Wright) C.Marquand ex Chipp,2.63991,14.1424,50,Ngoila,"1ha plot ngoila002, tag 131",NA,NA,NA,131,ngoila002
IMG_1269.JPG,129549,NA/8/2012,Celtis tessmannii Rendle,2.63991,14.1424,50,Ngoila,"1ha plot ngoila002, tag 134",NA,NA,NA,134,ngoila002
IMG_1270.JPG,129549,NA/8/2012,Celtis tessmannii Rendle,2.63991,14.1424,50,Ngoila,"1ha plot ngoila002, tag 134",NA,NA,NA,134,ngoila002
IMG_1271.JPG,129549,NA/8/2012,Celtis tessmannii Rendle,2.63991,14.1424,50,Ngoila,"1ha plot ngoila002, tag 134",NA,NA,NA,134,ngoila002
IMG_1272.JPG,129549,NA/8/2012,Celtis tessmannii Rendle,2.63991,14.1424,50,Ngoila,"1ha plot ngoila002, tag 134",NA,NA,NA,134,ngoila002
IMG_1273.JPG,129550,NA/8/2012,Pteleopsis hylodendron Mildbr.,2.63991,14.1424,50,Ngoila,"1ha plot ngoila002, tag 135",NA,NA,NA,135,ngoila002
IMG_1274.JPG,129550,NA/8/2012,Pteleopsis hylodendron Mildbr.,2.63991,14.1424,50,Ngoila,"1ha plot ngoila002, tag 135",NA,NA,NA,135,ngoila002
IMG_1275.JPG,129550,NA/8/2012,Pteleopsis hylodendron Mildbr.,2.63991,14.1424,50,Ngoila,"1ha plot ngoila002, tag 135",NA,NA,NA,135,ngoila002
IMG_1276.JPG,129550,NA/8/2012,Pteleopsis hylodendron Mildbr.,2.63991,14.1424,50,Ngoila,"1ha plot ngoila002, tag 135",NA,NA,NA,135,ngoila002
IMG_1277.JPG,129550,NA/8/2012,Pteleopsis hylodendron Mildbr.,2.63991,14.1424,50,Ngoila,"1ha plot ngoila002, tag 135",NA,NA,NA,135,ngoila002
IMG_1278.JPG,129550,NA/8/2012,Pteleopsis hylodendron Mildbr.,2.63991,14.1424,50,Ngoila,"1ha plot ngoila002, tag 135",NA,NA,NA,135,ngoila002
IMG_1126.JPG,129951,NA/8/2012,Xylopia hypolampra Mildbr.,2.63331,14.1403,50,Ngoila,"1ha plot ngoila003, tag 2",NA,NA,NA,2,ngoila003
IMG_1127.JPG,129951,NA/8/2012,Xylopia hypolampra Mildbr.,2.63331,14.1403,50,Ngoila,"1ha plot ngoila003, tag 2",NA,NA,NA,2,ngoila003
IMG_1128.JPG,129951,NA/8/2012,Xylopia hypolampra Mildbr.,2.63331,14.1403,50,Ngoila,"1ha plot ngoila003, tag 2",NA,NA,NA,2,ngoila003
IMG_1129.JPG,129951,NA/8/2012,Xylopia hypolampra Mildbr.,2.63331,14.1403,50,Ngoila,"1ha plot ngoila003, tag 2",NA,NA,NA,2,ngoila003
IMG_1130.JPG,129954,NA/8/2012,NA,2.63331,14.1403,50,Ngoila,"1ha plot ngoila003, tag 6",NA,NA,NA,6,ngoila003
IMG_1131.JPG,129954,NA/8/2012,NA,2.63331,14.1403,50,Ngoila,"1ha plot ngoila003, tag 6",NA,NA,NA,6,ngoila003
IMG_1132.JPG,129954,NA/8/2012,NA,2.63331,14.1403,50,Ngoila,"1ha plot ngoila003, tag 6",NA,NA,NA,6,ngoila003
IMG_1133.JPG,129954,NA/8/2012,NA,2.63331,14.1403,50,Ngoila,"1ha plot ngoila003, tag 6",NA,NA,NA,6,ngoila003
IMG_1134.JPG,129954,NA/8/2012,NA,2.63331,14.1403,50,Ngoila,"1ha plot ngoila003, tag 6",NA,NA,NA,6,ngoila003
IMG_1135.JPG,129955,NA/8/2012,NA,2.63331,14.1403,50,Ngoila,"1ha plot ngoila003, tag 7",10320,IRD plot,378,7,ngoila003
IMG_1136.JPG,129955,NA/8/2012,NA,2.63331,14.1403,50,Ngoila,"1ha plot ngoila003, tag 7",10320,IRD plot,378,7,ngoila003
IMG_1137.JPG,129955,NA/8/2012,NA,2.63331,14.1403,50,Ngoila,"1ha plot ngoila003, tag 7",10320,IRD plot,378,7,ngoila003
IMG_1138.JPG,129955,NA/8/2012,NA,2.63331,14.1403,50,Ngoila,"1ha plot ngoila003, tag 7",10320,IRD plot,378,7,ngoila003
IMG_1139.JPG,129955,NA/8/2012,NA,2.63331,14.1403,50,Ngoila,"1ha plot ngoila003, tag 7",10320,IRD plot,378,7,ngoila003
IMG_1140.JPG,129957,NA/8/2012,Irvingia gabonensis (Aubry-Lecomte ex O'Rorke) Baill.,2.63331,14.1403,50,Ngoila,"1ha plot ngoila003, tag 9",10323,IRD plot,381,9,ngoila003
IMG_1141.JPG,129957,NA/8/2012,Irvingia gabonensis (Aubry-Lecomte ex O'Rorke) Baill.,2.63331,14.1403,50,Ngoila,"1ha plot ngoila003, tag 9",10323,IRD plot,381,9,ngoila003
IMG_1143.JPG,129957,NA/8/2012,Irvingia gabonensis (Aubry-Lecomte ex O'Rorke) Baill.,2.63331,14.1403,50,Ngoila,"1ha plot ngoila003, tag 9",10323,IRD plot,381,9,ngoila003
IMG_1145.JPG,129958,NA/8/2012,Strombosiopsis tetrandra Engl.,2.63331,14.1403,50,Ngoila,"1ha plot ngoila003, tag 10",10381,IRD plot,439,10,ngoila003
IMG_1146.JPG,129958,NA/8/2012,Strombosiopsis tetrandra Engl.,2.63331,14.1403,50,Ngoila,"1ha plot ngoila003, tag 10",10381,IRD plot,439,10,ngoila003
IMG_1147.JPG,129958,NA/8/2012,Strombosiopsis tetrandra Engl.,2.63331,14.1403,50,Ngoila,"1ha plot ngoila003, tag 10",10381,IRD plot,439,10,ngoila003
IMG_1148.JPG,129960,NA/8/2012,Strombosiopsis tetrandra Engl.,2.63331,14.1403,50,Ngoila,"1ha plot ngoila003, tag 12",10381,IRD plot,439,12,ngoila003
IMG_1149.JPG,129960,NA/8/2012,Strombosiopsis tetrandra Engl.,2.63331,14.1403,50,Ngoila,"1ha plot ngoila003, tag 12",10381,IRD plot,439,12,ngoila003
IMG_1151.JPG,129960,NA/8/2012,Strombosiopsis tetrandra Engl.,2.63331,14.1403,50,Ngoila,"1ha plot ngoila003, tag 12",10381,IRD plot,439,12,ngoila003
IMG_1152.JPG,129963,NA/8/2012,Xylopia quintasii Pierre ex Engl. & Diels,2.63331,14.1403,50,Ngoila,"1ha plot ngoila003, tag 15",10321,IRD plot,379,15,ngoila003
IMG_1153.JPG,129963,NA/8/2012,Xylopia quintasii Pierre ex Engl. & Diels,2.63331,14.1403,50,Ngoila,"1ha plot ngoila003, tag 15",10321,IRD plot,379,15,ngoila003
IMG_1154.JPG,129963,NA/8/2012,Xylopia quintasii Pierre ex Engl. & Diels,2.63331,14.1403,50,Ngoila,"1ha plot ngoila003, tag 15",10321,IRD plot,379,15,ngoila003
IMG_1155.JPG,129961,NA/8/2012,Desbordesia glaucescens (Engl.) Tiegh.,2.63331,14.1403,50,Ngoila,"1ha plot ngoila003, tag 13",10374,IRD plot,432,13,ngoila003
IMG_1156.JPG,129961,NA/8/2012,Desbordesia glaucescens (Engl.) Tiegh.,2.63331,14.1403,50,Ngoila,"1ha plot ngoila003, tag 13",10374,IRD plot,432,13,ngoila003
IMG_1158.JPG,129961,NA/8/2012,Desbordesia glaucescens (Engl.) Tiegh.,2.63331,14.1403,50,Ngoila,"1ha plot ngoila003, tag 13",10374,IRD plot,432,13,ngoila003
IMG_1159.JPG,129967,NA/8/2012,Trichilia rubescens Oliv.,2.63331,14.1403,50,Ngoila,"1ha plot ngoila003, tag 19",10350,IRD plot,408,19,ngoila003
IMG_1160.JPG,129967,NA/8/2012,Trichilia rubescens Oliv.,2.63331,14.1403,50,Ngoila,"1ha plot ngoila003, tag 19",10350,IRD plot,408,19,ngoila003
IMG_1161.JPG,129967,NA/8/2012,Trichilia rubescens Oliv.,2.63331,14.1403,50,Ngoila,"1ha plot ngoila003, tag 19",10350,IRD plot,408,19,ngoila003
IMG_1162.JPG,129971,NA/8/2012,Amphimas pterocarpoides Harms,2.63331,14.1403,50,Ngoila,"1ha plot ngoila003, tag 23",NA,NA,NA,23,ngoila003
IMG_1165.JPG,129971,NA/8/2012,Amphimas pterocarpoides Harms,2.63331,14.1403,50,Ngoila,"1ha plot ngoila003, tag 23",NA,NA,NA,23,ngoila003
IMG_1166.JPG,129971,NA/8/2012,Amphimas pterocarpoides Harms,2.63331,14.1403,50,Ngoila,"1ha plot ngoila003, tag 23",NA,NA,NA,23,ngoila003
IMG_1167.JPG,129971,NA/8/2012,Amphimas pterocarpoides Harms,2.63331,14.1403,50,Ngoila,"1ha plot ngoila003, tag 23",NA,NA,NA,23,ngoila003
IMG_1168.JPG,129971,NA/8/2012,Amphimas pterocarpoides Harms,2.63331,14.1403,50,Ngoila,"1ha plot ngoila003, tag 23",NA,NA,NA,23,ngoila003
IMG_1169.JPG,129971,NA/8/2012,Amphimas pterocarpoides Harms,2.63331,14.1403,50,Ngoila,"1ha plot ngoila003, tag 23",NA,NA,NA,23,ngoila003
IMG_1170.JPG,129973,NA/8/2012,Entandrophragma cylindricum (Sprague) Sprague,2.63331,14.1403,50,Ngoila,"1ha plot ngoila003, tag 25",NA,NA,NA,25,ngoila003
IMG_1171.JPG,129973,NA/8/2012,Entandrophragma cylindricum (Sprague) Sprague,2.63331,14.1403,50,Ngoila,"1ha plot ngoila003, tag 25",NA,NA,NA,25,ngoila003
IMG_1172.JPG,129973,NA/8/2012,Entandrophragma cylindricum (Sprague) Sprague,2.63331,14.1403,50,Ngoila,"1ha plot ngoila003, tag 25",NA,NA,NA,25,ngoila003
IMG_1175.JPG,129974,NA/8/2012,Cola lateritia K.Schum.,2.63331,14.1403,50,Ngoila,"1ha plot ngoila003, tag 26",10322,IRD plot,380,26,ngoila003
IMG_1176.JPG,129974,NA/8/2012,Cola lateritia K.Schum.,2.63331,14.1403,50,Ngoila,"1ha plot ngoila003, tag 26",10322,IRD plot,380,26,ngoila003
IMG_1177.JPG,129974,NA/8/2012,Cola lateritia K.Schum.,2.63331,14.1403,50,Ngoila,"1ha plot ngoila003, tag 26",10322,IRD plot,380,26,ngoila003
IMG_1178.JPG,129978,NA/8/2012,Pterocarpus soyauxii Taub.,2.63331,14.1403,50,Ngoila,"1ha plot ngoila003, tag 30",10371,IRD plot,429,30,ngoila003
IMG_1179.JPG,129978,NA/8/2012,Pterocarpus soyauxii Taub.,2.63331,14.1403,50,Ngoila,"1ha plot ngoila003, tag 30",10371,IRD plot,429,30,ngoila003
IMG_1180.JPG,129978,NA/8/2012,Pterocarpus soyauxii Taub.,2.63331,14.1403,50,Ngoila,"1ha plot ngoila003, tag 30",10371,IRD plot,429,30,ngoila003
IMG_1181.JPG,129978,NA/8/2012,Pterocarpus soyauxii Taub.,2.63331,14.1403,50,Ngoila,"1ha plot ngoila003, tag 30",10371,IRD plot,429,30,ngoila003
IMG_1182.JPG,129981,NA/8/2012,Chlamydocola chlamydantha (K.Schum.) M.Bodard,2.63331,14.1403,50,Ngoila,"1ha plot ngoila003, tag 33",NA,NA,NA,33,ngoila003
IMG_1183.JPG,129981,NA/8/2012,Chlamydocola chlamydantha (K.Schum.) M.Bodard,2.63331,14.1403,50,Ngoila,"1ha plot ngoila003, tag 33",NA,NA,NA,33,ngoila003
IMG_1184.JPG,129981,NA/8/2012,Chlamydocola chlamydantha (K.Schum.) M.Bodard,2.63331,14.1403,50,Ngoila,"1ha plot ngoila003, tag 33",NA,NA,NA,33,ngoila003
IMG_1185.JPG,129982,NA/8/2012,Ongokea gore (Hua) Pierre,2.63331,14.1403,50,Ngoila,"1ha plot ngoila003, tag 34",NA,NA,NA,34,ngoila003
IMG_1186.JPG,129982,NA/8/2012,Ongokea gore (Hua) Pierre,2.63331,14.1403,50,Ngoila,"1ha plot ngoila003, tag 34",NA,NA,NA,34,ngoila003
IMG_1187.JPG,129982,NA/8/2012,Ongokea gore (Hua) Pierre,2.63331,14.1403,50,Ngoila,"1ha plot ngoila003, tag 34",NA,NA,NA,34,ngoila003
IMG_1188.JPG,129982,NA/8/2012,Ongokea gore (Hua) Pierre,2.63331,14.1403,50,Ngoila,"1ha plot ngoila003, tag 34",NA,NA,NA,34,ngoila003
IMG_1190.JPG,129984,NA/8/2012,Greenwayodendron suaveolens (Engl. & Diels) Verdc.,2.63331,14.1403,50,Ngoila,"1ha plot ngoila003, tag 36",10352,IRD plot,410,36,ngoila003
IMG_1191.JPG,129984,NA/8/2012,Greenwayodendron suaveolens (Engl. & Diels) Verdc.,2.63331,14.1403,50,Ngoila,"1ha plot ngoila003, tag 36",10352,IRD plot,410,36,ngoila003
IMG_1192.JPG,129984,NA/8/2012,Greenwayodendron suaveolens (Engl. & Diels) Verdc.,2.63331,14.1403,50,Ngoila,"1ha plot ngoila003, tag 36",10352,IRD plot,410,36,ngoila003
IMG_1193.JPG,129984,NA/8/2012,Greenwayodendron suaveolens (Engl. & Diels) Verdc.,2.63331,14.1403,50,Ngoila,"1ha plot ngoila003, tag 36",10352,IRD plot,410,36,ngoila003
IMG_1194.JPG,129989,NA/8/2012,Bombax brevicuspe Sprague,2.63331,14.1403,50,Ngoila,"1ha plot ngoila003, tag 41",10326,IRD plot,384,41,ngoila003
IMG_1196.JPG,129989,NA/8/2012,Bombax brevicuspe Sprague,2.63331,14.1403,50,Ngoila,"1ha plot ngoila003, tag 41",10326,IRD plot,384,41,ngoila003
IMG_1198.JPG,129989,NA/8/2012,Bombax brevicuspe Sprague,2.63331,14.1403,50,Ngoila,"1ha plot ngoila003, tag 41",10326,IRD plot,384,41,ngoila003
IMG_1199.JPG,129989,NA/8/2012,Bombax brevicuspe Sprague,2.63331,14.1403,50,Ngoila,"1ha plot ngoila003, tag 41",10326,IRD plot,384,41,ngoila003
IMG_1200.JPG,129989,NA/8/2012,Bombax brevicuspe Sprague,2.63331,14.1403,50,Ngoila,"1ha plot ngoila003, tag 41",10326,IRD plot,384,41,ngoila003
IMG_1203.JPG,129991,NA/8/2012,Duboscia macrocarpa Bocq.,2.63331,14.1403,50,Ngoila,"1ha plot ngoila003, tag 43",NA,NA,NA,43,ngoila003
IMG_1204.JPG,129991,NA/8/2012,Duboscia macrocarpa Bocq.,2.63331,14.1403,50,Ngoila,"1ha plot ngoila003, tag 43",NA,NA,NA,43,ngoila003
IMG_1205.JPG,129991,NA/8/2012,Duboscia macrocarpa Bocq.,2.63331,14.1403,50,Ngoila,"1ha plot ngoila003, tag 43",NA,NA,NA,43,ngoila003
IMG_1218.JPG,129997,NA/8/2012,Aoranthe cladantha (K.Schum.) Somers,2.63331,14.1403,50,Ngoila,"1ha plot ngoila003, tag 49",10337,IRD plot,395,49,ngoila003
IMG_1219.JPG,129997,NA/8/2012,Aoranthe cladantha (K.Schum.) Somers,2.63331,14.1403,50,Ngoila,"1ha plot ngoila003, tag 49",10337,IRD plot,395,49,ngoila003
IMG_1220.JPG,129997,NA/8/2012,Aoranthe cladantha (K.Schum.) Somers,2.63331,14.1403,50,Ngoila,"1ha plot ngoila003, tag 49",10337,IRD plot,395,49,ngoila003
IMG_1221.JPG,129997,NA/8/2012,Aoranthe cladantha (K.Schum.) Somers,2.63331,14.1403,50,Ngoila,"1ha plot ngoila003, tag 49",10337,IRD plot,395,49,ngoila003
IMG_1222.JPG,129998,NA/8/2012,Albizia adianthifolia (Schumach.) W.Wight,2.63331,14.1403,50,Ngoila,"1ha plot ngoila003, tag 50",NA,NA,NA,50,ngoila003
IMG_1223.JPG,129998,NA/8/2012,Albizia adianthifolia (Schumach.) W.Wight,2.63331,14.1403,50,Ngoila,"1ha plot ngoila003, tag 50",NA,NA,NA,50,ngoila003
IMG_1224.JPG,129998,NA/8/2012,Albizia adianthifolia (Schumach.) W.Wight,2.63331,14.1403,50,Ngoila,"1ha plot ngoila003, tag 50",NA,NA,NA,50,ngoila003
IMG_1225.JPG,129998,NA/8/2012,Albizia adianthifolia (Schumach.) W.Wight,2.63331,14.1403,50,Ngoila,"1ha plot ngoila003, tag 50",NA,NA,NA,50,ngoila003
IMG_1226.JPG,129998,NA/8/2012,Albizia adianthifolia (Schumach.) W.Wight,2.63331,14.1403,50,Ngoila,"1ha plot ngoila003, tag 50",NA,NA,NA,50,ngoila003
IMG_1227.JPG,130002,NA/8/2012,Xylopia quintasii Pierre ex Engl. & Diels,2.63331,14.1403,50,Ngoila,"1ha plot ngoila003, tag 54",10321,IRD plot,379,54,ngoila003
IMG_1228.JPG,130002,NA/8/2012,Xylopia quintasii Pierre ex Engl. & Diels,2.63331,14.1403,50,Ngoila,"1ha plot ngoila003, tag 54",10321,IRD plot,379,54,ngoila003
IMG_1229.JPG,130002,NA/8/2012,Xylopia quintasii Pierre ex Engl. & Diels,2.63331,14.1403,50,Ngoila,"1ha plot ngoila003, tag 54",10321,IRD plot,379,54,ngoila003
IMG_1230.JPG,130002,NA/8/2012,Xylopia quintasii Pierre ex Engl. & Diels,2.63331,14.1403,50,Ngoila,"1ha plot ngoila003, tag 54",10321,IRD plot,379,54,ngoila003
IMG_1234.JPG,130005,NA/8/2012,Desbordesia glaucescens (Engl.) Tiegh.,2.63331,14.1403,50,Ngoila,"1ha plot ngoila003, tag 57",10374,IRD plot,432,57,ngoila003
IMG_1235.JPG,130005,NA/8/2012,Desbordesia glaucescens (Engl.) Tiegh.,2.63331,14.1403,50,Ngoila,"1ha plot ngoila003, tag 57",10374,IRD plot,432,57,ngoila003
IMG_1236.JPG,130005,NA/8/2012,Desbordesia glaucescens (Engl.) Tiegh.,2.63331,14.1403,50,Ngoila,"1ha plot ngoila003, tag 57",10374,IRD plot,432,57,ngoila003
IMG_1237.JPG,130007,NA/8/2012,Klaineanthus gabonii Pierre,2.63331,14.1403,50,Ngoila,"1ha plot ngoila003, tag 59",10328,IRD plot,386,59,ngoila003
IMG_1238.JPG,130007,NA/8/2012,Klaineanthus gabonii Pierre,2.63331,14.1403,50,Ngoila,"1ha plot ngoila003, tag 59",10328,IRD plot,386,59,ngoila003
IMG_1239.JPG,130007,NA/8/2012,Klaineanthus gabonii Pierre,2.63331,14.1403,50,Ngoila,"1ha plot ngoila003, tag 59",10328,IRD plot,386,59,ngoila003
IMG_1243.JPG,130013,NA/8/2012,Quassia gabonensis Pierre,2.63331,14.1403,50,Ngoila,"1ha plot ngoila003, tag 65",10330,IRD plot,388,65,ngoila003
IMG_1244.JPG,130013,NA/8/2012,Quassia gabonensis Pierre,2.63331,14.1403,50,Ngoila,"1ha plot ngoila003, tag 65",10330,IRD plot,388,65,ngoila003
IMG_1245.JPG,130013,NA/8/2012,Quassia gabonensis Pierre,2.63331,14.1403,50,Ngoila,"1ha plot ngoila003, tag 65",10330,IRD plot,388,65,ngoila003
IMG_1246.JPG,130013,NA/8/2012,Quassia gabonensis Pierre,2.63331,14.1403,50,Ngoila,"1ha plot ngoila003, tag 65",10330,IRD plot,388,65,ngoila003
IMG_1247.JPG,130015,NA/8/2012,Chlamydocola chlamydantha (K.Schum.) M.Bodard,2.63331,14.1403,50,Ngoila,"1ha plot ngoila003, tag 67",NA,NA,NA,67,ngoila003
IMG_1248.JPG,130015,NA/8/2012,Chlamydocola chlamydantha (K.Schum.) M.Bodard,2.63331,14.1403,50,Ngoila,"1ha plot ngoila003, tag 67",NA,NA,NA,67,ngoila003
IMG_1249.JPG,130015,NA/8/2012,Chlamydocola chlamydantha (K.Schum.) M.Bodard,2.63331,14.1403,50,Ngoila,"1ha plot ngoila003, tag 67",NA,NA,NA,67,ngoila003
IMG_1250.JPG,130015,NA/8/2012,Chlamydocola chlamydantha (K.Schum.) M.Bodard,2.63331,14.1403,50,Ngoila,"1ha plot ngoila003, tag 67",NA,NA,NA,67,ngoila003
IMG_1251.JPG,130015,NA/8/2012,Chlamydocola chlamydantha (K.Schum.) M.Bodard,2.63331,14.1403,50,Ngoila,"1ha plot ngoila003, tag 67",NA,NA,NA,67,ngoila003
IMG_1252.JPG,130015,NA/8/2012,Chlamydocola chlamydantha (K.Schum.) M.Bodard,2.63331,14.1403,50,Ngoila,"1ha plot ngoila003, tag 67",NA,NA,NA,67,ngoila003
IMG_1253.JPG,130014,NA/8/2012,Aoranthe cladantha (K.Schum.) Somers,2.63331,14.1403,50,Ngoila,"1ha plot ngoila003, tag 66",10337,IRD plot,395,66,ngoila003
IMG_1254.JPG,130014,NA/8/2012,Aoranthe cladantha (K.Schum.) Somers,2.63331,14.1403,50,Ngoila,"1ha plot ngoila003, tag 66",10337,IRD plot,395,66,ngoila003
IMG_1255.JPG,130014,NA/8/2012,Aoranthe cladantha (K.Schum.) Somers,2.63331,14.1403,50,Ngoila,"1ha plot ngoila003, tag 66",10337,IRD plot,395,66,ngoila003
IMG_1256.JPG,130014,NA/8/2012,Aoranthe cladantha (K.Schum.) Somers,2.63331,14.1403,50,Ngoila,"1ha plot ngoila003, tag 66",10337,IRD plot,395,66,ngoila003
IMG_1257.JPG,130022,NA/8/2012,Klainedoxa gabonensis Pierre,2.63331,14.1403,50,Ngoila,"1ha plot ngoila003, tag 74",10331,IRD plot,389,74,ngoila003
IMG_1258.JPG,130022,NA/8/2012,Klainedoxa gabonensis Pierre,2.63331,14.1403,50,Ngoila,"1ha plot ngoila003, tag 74",10331,IRD plot,389,74,ngoila003
IMG_1259.JPG,130022,NA/8/2012,Klainedoxa gabonensis Pierre,2.63331,14.1403,50,Ngoila,"1ha plot ngoila003, tag 74",10331,IRD plot,389,74,ngoila003
IMG_1260.JPG,130022,NA/8/2012,Klainedoxa gabonensis Pierre,2.63331,14.1403,50,Ngoila,"1ha plot ngoila003, tag 74",10331,IRD plot,389,74,ngoila003
IMG_1261.JPG,130022,NA/8/2012,Klainedoxa gabonensis Pierre,2.63331,14.1403,50,Ngoila,"1ha plot ngoila003, tag 74",10331,IRD plot,389,74,ngoila003
IMG_1262.JPG,130022,NA/8/2012,Klainedoxa gabonensis Pierre,2.63331,14.1403,50,Ngoila,"1ha plot ngoila003, tag 74",10331,IRD plot,389,74,ngoila003
IMG_1263.JPG,130022,NA/8/2012,Klainedoxa gabonensis Pierre,2.63331,14.1403,50,Ngoila,"1ha plot ngoila003, tag 74",10331,IRD plot,389,74,ngoila003
IMG_1264.JPG,130022,NA/8/2012,Klainedoxa gabonensis Pierre,2.63331,14.1403,50,Ngoila,"1ha plot ngoila003, tag 74",10331,IRD plot,389,74,ngoila003
IMG_1265.JPG,130024,NA/8/2012,NA,2.63331,14.1403,50,Ngoila,"1ha plot ngoila003, tag 76",NA,NA,NA,76,ngoila003
IMG_1266.JPG,130024,NA/8/2012,NA,2.63331,14.1403,50,Ngoila,"1ha plot ngoila003, tag 76",NA,NA,NA,76,ngoila003
IMG_1267.JPG,130024,NA/8/2012,NA,2.63331,14.1403,50,Ngoila,"1ha plot ngoila003, tag 76",NA,NA,NA,76,ngoila003
IMG_1269.JPG,130024,NA/8/2012,NA,2.63331,14.1403,50,Ngoila,"1ha plot ngoila003, tag 76",NA,NA,NA,76,ngoila003
IMG_1270.JPG,130029,NA/8/2012,Zanthoxylum heitzii (Aubrév. & Pellegr.) P.G.Waterman,2.63331,14.1403,50,Ngoila,"1ha plot ngoila003, tag 81",NA,NA,NA,81,ngoila003
IMG_1271.JPG,130029,NA/8/2012,Zanthoxylum heitzii (Aubrév. & Pellegr.) P.G.Waterman,2.63331,14.1403,50,Ngoila,"1ha plot ngoila003, tag 81",NA,NA,NA,81,ngoila003
IMG_1272.JPG,130031,NA/8/2012,Bombax brevicuspe Sprague,2.63331,14.1403,50,Ngoila,"1ha plot ngoila003, tag 83",10326,IRD plot,384,83,ngoila003
IMG_1273.JPG,130031,NA/8/2012,Bombax brevicuspe Sprague,2.63331,14.1403,50,Ngoila,"1ha plot ngoila003, tag 83",10326,IRD plot,384,83,ngoila003
IMG_1274.JPG,130031,NA/8/2012,Bombax brevicuspe Sprague,2.63331,14.1403,50,Ngoila,"1ha plot ngoila003, tag 83",10326,IRD plot,384,83,ngoila003
IMG_1275.JPG,130031,NA/8/2012,Bombax brevicuspe Sprague,2.63331,14.1403,50,Ngoila,"1ha plot ngoila003, tag 83",10326,IRD plot,384,83,ngoila003
IMG_1276.JPG,130031,NA/8/2012,Bombax brevicuspe Sprague,2.63331,14.1403,50,Ngoila,"1ha plot ngoila003, tag 83",10326,IRD plot,384,83,ngoila003
IMG_1277.JPG,130033,NA/8/2012,Entandrophragma angolense (Welw.) C.DC.,2.63331,14.1403,50,Ngoila,"1ha plot ngoila003, tag 85",NA,NA,NA,85,ngoila003
IMG_1278.JPG,130033,NA/8/2012,Entandrophragma angolense (Welw.) C.DC.,2.63331,14.1403,50,Ngoila,"1ha plot ngoila003, tag 85",NA,NA,NA,85,ngoila003
IMG_1279.JPG,130033,NA/8/2012,Entandrophragma angolense (Welw.) C.DC.,2.63331,14.1403,50,Ngoila,"1ha plot ngoila003, tag 85",NA,NA,NA,85,ngoila003
IMG_1280.JPG,130033,NA/8/2012,Entandrophragma angolense (Welw.) C.DC.,2.63331,14.1403,50,Ngoila,"1ha plot ngoila003, tag 85",NA,NA,NA,85,ngoila003
IMG_1281.JPG,130036,NA/8/2012,Detarium macrocarpum Harms,2.63331,14.1403,50,Ngoila,"1ha plot ngoila003, tag 88",10329,IRD plot,387,88,ngoila003
IMG_1282.JPG,130036,NA/8/2012,Detarium macrocarpum Harms,2.63331,14.1403,50,Ngoila,"1ha plot ngoila003, tag 88",10329,IRD plot,387,88,ngoila003
IMG_1283.JPG,130036,NA/8/2012,Detarium macrocarpum Harms,2.63331,14.1403,50,Ngoila,"1ha plot ngoila003, tag 88",10329,IRD plot,387,88,ngoila003
IMG_1284.JPG,130037,NA/8/2012,Irvingia gabonensis (Aubry-Lecomte ex O'Rorke) Baill.,2.63331,14.1403,50,Ngoila,"1ha plot ngoila003, tag 89",10323,IRD plot,381,89,ngoila003
IMG_1285.JPG,130037,NA/8/2012,Irvingia gabonensis (Aubry-Lecomte ex O'Rorke) Baill.,2.63331,14.1403,50,Ngoila,"1ha plot ngoila003, tag 89",10323,IRD plot,381,89,ngoila003
IMG_1286.JPG,130037,NA/8/2012,Irvingia gabonensis (Aubry-Lecomte ex O'Rorke) Baill.,2.63331,14.1403,50,Ngoila,"1ha plot ngoila003, tag 89",10323,IRD plot,381,89,ngoila003
IMG_1287.JPG,130037,NA/8/2012,Irvingia gabonensis (Aubry-Lecomte ex O'Rorke) Baill.,2.63331,14.1403,50,Ngoila,"1ha plot ngoila003, tag 89",10323,IRD plot,381,89,ngoila003
IMG_1288.JPG,130042,NA/8/2012,Quassia gabonensis Pierre,2.63331,14.1403,50,Ngoila,"1ha plot ngoila003, tag 94",10330,IRD plot,388,94,ngoila003
IMG_1289.JPG,130042,NA/8/2012,Quassia gabonensis Pierre,2.63331,14.1403,50,Ngoila,"1ha plot ngoila003, tag 94",10330,IRD plot,388,94,ngoila003
IMG_1290.JPG,130042,NA/8/2012,Quassia gabonensis Pierre,2.63331,14.1403,50,Ngoila,"1ha plot ngoila003, tag 94",10330,IRD plot,388,94,ngoila003
IMG_1291.JPG,130042,NA/8/2012,Quassia gabonensis Pierre,2.63331,14.1403,50,Ngoila,"1ha plot ngoila003, tag 94",10330,IRD plot,388,94,ngoila003
IMG_1292.JPG,130043,NA/8/2012,Sterculia tragacantha Lindl.,2.63331,14.1403,50,Ngoila,"1ha plot ngoila003, tag 95",10345,IRD plot,403,95,ngoila003
IMG_1293.JPG,130043,NA/8/2012,Sterculia tragacantha Lindl.,2.63331,14.1403,50,Ngoila,"1ha plot ngoila003, tag 95",10345,IRD plot,403,95,ngoila003
IMG_1294.JPG,130043,NA/8/2012,Sterculia tragacantha Lindl.,2.63331,14.1403,50,Ngoila,"1ha plot ngoila003, tag 95",10345,IRD plot,403,95,ngoila003
IMG_1295.JPG,130043,NA/8/2012,Sterculia tragacantha Lindl.,2.63331,14.1403,50,Ngoila,"1ha plot ngoila003, tag 95",10345,IRD plot,403,95,ngoila003
IMG_1299.JPG,130047,NA/8/2012,Uapaca mole Pax,2.63331,14.1403,50,Ngoila,"1ha plot ngoila003, tag 99",NA,NA,NA,99,ngoila003
IMG_1300.JPG,130047,NA/8/2012,Uapaca mole Pax,2.63331,14.1403,50,Ngoila,"1ha plot ngoila003, tag 99",NA,NA,NA,99,ngoila003
IMG_1301.JPG,130047,NA/8/2012,Uapaca mole Pax,2.63331,14.1403,50,Ngoila,"1ha plot ngoila003, tag 99",NA,NA,NA,99,ngoila003
IMG_1303.JPG,130047,NA/8/2012,Uapaca mole Pax,2.63331,14.1403,50,Ngoila,"1ha plot ngoila003, tag 99",NA,NA,NA,99,ngoila003
IMG_1304.JPG,130053,NA/8/2012,Chrysophyllum boukokoense (Aubrév. & Pellegr.) L.Gaut.,2.63331,14.1403,50,Ngoila,"1ha plot ngoila003, tag 105",10336,IRD plot,394,105,ngoila003
IMG_1305.JPG,130053,NA/8/2012,Chrysophyllum boukokoense (Aubrév. & Pellegr.) L.Gaut.,2.63331,14.1403,50,Ngoila,"1ha plot ngoila003, tag 105",10336,IRD plot,394,105,ngoila003
IMG_1306.JPG,130053,NA/8/2012,Chrysophyllum boukokoense (Aubrév. & Pellegr.) L.Gaut.,2.63331,14.1403,50,Ngoila,"1ha plot ngoila003, tag 105",10336,IRD plot,394,105,ngoila003
IMG_1308.JPG,130054,NA/8/2012,Cola lateritia K.Schum.,2.63331,14.1403,50,Ngoila,"1ha plot ngoila003, tag 106",10322,IRD plot,380,106,ngoila003
IMG_1309.JPG,130054,NA/8/2012,Cola lateritia K.Schum.,2.63331,14.1403,50,Ngoila,"1ha plot ngoila003, tag 106",10322,IRD plot,380,106,ngoila003
IMG_1310.JPG,130054,NA/8/2012,Cola lateritia K.Schum.,2.63331,14.1403,50,Ngoila,"1ha plot ngoila003, tag 106",10322,IRD plot,380,106,ngoila003
IMG_1311.JPG,130058,NA/8/2012,Hymenocardia lyrata Tul.,2.63331,14.1403,50,Ngoila,"1ha plot ngoila003, tag 110",10332,IRD plot,390,110,ngoila003
IMG_1312.JPG,130058,NA/8/2012,Hymenocardia lyrata Tul.,2.63331,14.1403,50,Ngoila,"1ha plot ngoila003, tag 110",10332,IRD plot,390,110,ngoila003
IMG_1313.JPG,130058,NA/8/2012,Hymenocardia lyrata Tul.,2.63331,14.1403,50,Ngoila,"1ha plot ngoila003, tag 110",10332,IRD plot,390,110,ngoila003
IMG_1324.JPG,130063,NA/8/2012,Desplatsia chrysochlamys (Mildbr. & Burret) Mildbr. & Burret,2.63331,14.1403,50,Ngoila,"1ha plot ngoila003, tag 115",10385,IRD plot,443,115,ngoila003
IMG_1325.JPG,130063,NA/8/2012,Desplatsia chrysochlamys (Mildbr. & Burret) Mildbr. & Burret,2.63331,14.1403,50,Ngoila,"1ha plot ngoila003, tag 115",10385,IRD plot,443,115,ngoila003
IMG_1326.JPG,130063,NA/8/2012,Desplatsia chrysochlamys (Mildbr. & Burret) Mildbr. & Burret,2.63331,14.1403,50,Ngoila,"1ha plot ngoila003, tag 115",10385,IRD plot,443,115,ngoila003
IMG_1327.JPG,130063,NA/8/2012,Desplatsia chrysochlamys (Mildbr. & Burret) Mildbr. & Burret,2.63331,14.1403,50,Ngoila,"1ha plot ngoila003, tag 115",10385,IRD plot,443,115,ngoila003
IMG_1328.JPG,130063,NA/8/2012,Desplatsia chrysochlamys (Mildbr. & Burret) Mildbr. & Burret,2.63331,14.1403,50,Ngoila,"1ha plot ngoila003, tag 115",10385,IRD plot,443,115,ngoila003
IMG_1329.JPG,130064,NA/8/2012,NA,2.63331,14.1403,50,Ngoila,"1ha plot ngoila003, tag 116",NA,NA,NA,116,ngoila003
IMG_1330.JPG,130064,NA/8/2012,NA,2.63331,14.1403,50,Ngoila,"1ha plot ngoila003, tag 116",NA,NA,NA,116,ngoila003
IMG_1331.JPG,130064,NA/8/2012,NA,2.63331,14.1403,50,Ngoila,"1ha plot ngoila003, tag 116",NA,NA,NA,116,ngoila003
IMG_1332.JPG,130064,NA/8/2012,NA,2.63331,14.1403,50,Ngoila,"1ha plot ngoila003, tag 116",NA,NA,NA,116,ngoila003
IMG_1333.JPG,130066,NA/8/2012,Chlamydocola chlamydantha (K.Schum.) M.Bodard,2.63331,14.1403,50,Ngoila,"1ha plot ngoila003, tag 118",NA,NA,NA,118,ngoila003
IMG_1334.JPG,130066,NA/8/2012,Chlamydocola chlamydantha (K.Schum.) M.Bodard,2.63331,14.1403,50,Ngoila,"1ha plot ngoila003, tag 118",NA,NA,NA,118,ngoila003
IMG_1335.JPG,130066,NA/8/2012,Chlamydocola chlamydantha (K.Schum.) M.Bodard,2.63331,14.1403,50,Ngoila,"1ha plot ngoila003, tag 118",NA,NA,NA,118,ngoila003
IMG_1336.JPG,130067,NA/8/2012,Panda oleosa Pierre,2.63331,14.1403,50,Ngoila,"1ha plot ngoila003, tag 119",10388,IRD plot,446,119,ngoila003
IMG_1337.JPG,130067,NA/8/2012,Panda oleosa Pierre,2.63331,14.1403,50,Ngoila,"1ha plot ngoila003, tag 119",10388,IRD plot,446,119,ngoila003
IMG_1338.JPG,130067,NA/8/2012,Panda oleosa Pierre,2.63331,14.1403,50,Ngoila,"1ha plot ngoila003, tag 119",10388,IRD plot,446,119,ngoila003
IMG_1339.JPG,130067,NA/8/2012,Panda oleosa Pierre,2.63331,14.1403,50,Ngoila,"1ha plot ngoila003, tag 119",10388,IRD plot,446,119,ngoila003
IMG_1340.JPG,130067,NA/8/2012,Panda oleosa Pierre,2.63331,14.1403,50,Ngoila,"1ha plot ngoila003, tag 119",10388,IRD plot,446,119,ngoila003
IMG_1341.JPG,130067,NA/8/2012,Panda oleosa Pierre,2.63331,14.1403,50,Ngoila,"1ha plot ngoila003, tag 119",10388,IRD plot,446,119,ngoila003
IMG_1342.JPG,130068,NA/8/2012,NA,2.63331,14.1403,50,Ngoila,"1ha plot ngoila003, tag 120",10333,IRD plot,391,120,ngoila003
IMG_1343.JPG,130068,NA/8/2012,NA,2.63331,14.1403,50,Ngoila,"1ha plot ngoila003, tag 120",10333,IRD plot,391,120,ngoila003
IMG_1344.JPG,130068,NA/8/2012,NA,2.63331,14.1403,50,Ngoila,"1ha plot ngoila003, tag 120",10333,IRD plot,391,120,ngoila003
IMG_1345.JPG,130068,NA/8/2012,NA,2.63331,14.1403,50,Ngoila,"1ha plot ngoila003, tag 120",10333,IRD plot,391,120,ngoila003
IMG_1346.JPG,130068,NA/8/2012,NA,2.63331,14.1403,50,Ngoila,"1ha plot ngoila003, tag 120",10333,IRD plot,391,120,ngoila003
IMG_1347.JPG,130068,NA/8/2012,NA,2.63331,14.1403,50,Ngoila,"1ha plot ngoila003, tag 120",10333,IRD plot,391,120,ngoila003
IMG_1348.JPG,130068,NA/8/2012,NA,2.63331,14.1403,50,Ngoila,"1ha plot ngoila003, tag 120",10333,IRD plot,391,120,ngoila003
IMG_1349.JPG,130069,NA/8/2012,Irvingia gabonensis (Aubry-Lecomte ex O'Rorke) Baill.,2.63331,14.1403,50,Ngoila,"1ha plot ngoila003, tag 121",10323,IRD plot,381,121,ngoila003
IMG_1350.JPG,130069,NA/8/2012,Irvingia gabonensis (Aubry-Lecomte ex O'Rorke) Baill.,2.63331,14.1403,50,Ngoila,"1ha plot ngoila003, tag 121",10323,IRD plot,381,121,ngoila003
IMG_1351.JPG,130069,NA/8/2012,Irvingia gabonensis (Aubry-Lecomte ex O'Rorke) Baill.,2.63331,14.1403,50,Ngoila,"1ha plot ngoila003, tag 121",10323,IRD plot,381,121,ngoila003
IMG_1353.JPG,130072,NA/8/2012,Anthonotha macrophylla P.Beauv.,2.63331,14.1403,50,Ngoila,"1ha plot ngoila003, tag 124",10387,IRD plot,445,124,ngoila003
IMG_1354.JPG,130072,NA/8/2012,Anthonotha macrophylla P.Beauv.,2.63331,14.1403,50,Ngoila,"1ha plot ngoila003, tag 124",10387,IRD plot,445,124,ngoila003
IMG_1355.JPG,130072,NA/8/2012,Anthonotha macrophylla P.Beauv.,2.63331,14.1403,50,Ngoila,"1ha plot ngoila003, tag 124",10387,IRD plot,445,124,ngoila003
IMG_1356.JPG,130072,NA/8/2012,Anthonotha macrophylla P.Beauv.,2.63331,14.1403,50,Ngoila,"1ha plot ngoila003, tag 124",10387,IRD plot,445,124,ngoila003
IMG_1357.JPG,130072,NA/8/2012,Anthonotha macrophylla P.Beauv.,2.63331,14.1403,50,Ngoila,"1ha plot ngoila003, tag 124",10387,IRD plot,445,124,ngoila003
IMG_1358.JPG,130072,NA/8/2012,Anthonotha macrophylla P.Beauv.,2.63331,14.1403,50,Ngoila,"1ha plot ngoila003, tag 124",10387,IRD plot,445,124,ngoila003
IMG_1359.JPG,130073,NA/8/2012,Zanthoxylum heitzii (Aubrév. & Pellegr.) P.G.Waterman,2.63331,14.1403,50,Ngoila,"1ha plot ngoila003, tag 125",NA,NA,NA,125,ngoila003
IMG_1360.JPG,130073,NA/8/2012,Zanthoxylum heitzii (Aubrév. & Pellegr.) P.G.Waterman,2.63331,14.1403,50,Ngoila,"1ha plot ngoila003, tag 125",NA,NA,NA,125,ngoila003
IMG_1361.JPG,130073,NA/8/2012,Zanthoxylum heitzii (Aubrév. & Pellegr.) P.G.Waterman,2.63331,14.1403,50,Ngoila,"1ha plot ngoila003, tag 125",NA,NA,NA,125,ngoila003
IMG_1362.JPG,130073,NA/8/2012,Zanthoxylum heitzii (Aubrév. & Pellegr.) P.G.Waterman,2.63331,14.1403,50,Ngoila,"1ha plot ngoila003, tag 125",NA,NA,NA,125,ngoila003
IMG_1363.JPG,130073,NA/8/2012,Zanthoxylum heitzii (Aubrév. & Pellegr.) P.G.Waterman,2.63331,14.1403,50,Ngoila,"1ha plot ngoila003, tag 125",NA,NA,NA,125,ngoila003
IMG_1364.JPG,130074,NA/8/2012,NA,2.63331,14.1403,50,Ngoila,"1ha plot ngoila003, tag 126",NA,NA,NA,126,ngoila003
IMG_1365.JPG,130074,NA/8/2012,NA,2.63331,14.1403,50,Ngoila,"1ha plot ngoila003, tag 126",NA,NA,NA,126,ngoila003
IMG_1366.JPG,130074,NA/8/2012,NA,2.63331,14.1403,50,Ngoila,"1ha plot ngoila003, tag 126",NA,NA,NA,126,ngoila003
IMG_1368.JPG,130074,NA/8/2012,NA,2.63331,14.1403,50,Ngoila,"1ha plot ngoila003, tag 126",NA,NA,NA,126,ngoila003
IMG_1369.JPG,130075,NA/8/2012,Ongokea gore (Hua) Pierre,2.63331,14.1403,50,Ngoila,"1ha plot ngoila003, tag 127",NA,NA,NA,127,ngoila003
IMG_1370.JPG,130075,NA/8/2012,Ongokea gore (Hua) Pierre,2.63331,14.1403,50,Ngoila,"1ha plot ngoila003, tag 127",NA,NA,NA,127,ngoila003
IMG_1371.JPG,130075,NA/8/2012,Ongokea gore (Hua) Pierre,2.63331,14.1403,50,Ngoila,"1ha plot ngoila003, tag 127",NA,NA,NA,127,ngoila003
IMG_1372.JPG,130075,NA/8/2012,Ongokea gore (Hua) Pierre,2.63331,14.1403,50,Ngoila,"1ha plot ngoila003, tag 127",NA,NA,NA,127,ngoila003
IMG_1373.JPG,130082,NA/8/2012,NA,2.63331,14.1403,50,Ngoila,"1ha plot ngoila003, tag 134",NA,NA,NA,134,ngoila003
IMG_1374.JPG,130082,NA/8/2012,NA,2.63331,14.1403,50,Ngoila,"1ha plot ngoila003, tag 134",NA,NA,NA,134,ngoila003
IMG_1375.JPG,130082,NA/8/2012,NA,2.63331,14.1403,50,Ngoila,"1ha plot ngoila003, tag 134",NA,NA,NA,134,ngoila003
IMG_1376.JPG,130082,NA/8/2012,NA,2.63331,14.1403,50,Ngoila,"1ha plot ngoila003, tag 134",NA,NA,NA,134,ngoila003
IMG_1377.JPG,130082,NA/8/2012,NA,2.63331,14.1403,50,Ngoila,"1ha plot ngoila003, tag 134",NA,NA,NA,134,ngoila003
IMG_1378.JPG,130084,NA/8/2012,Cola lateritia K.Schum.,2.63331,14.1403,50,Ngoila,"1ha plot ngoila003, tag 136",10322,IRD plot,380,136,ngoila003
IMG_1379.JPG,130084,NA/8/2012,Cola lateritia K.Schum.,2.63331,14.1403,50,Ngoila,"1ha plot ngoila003, tag 136",10322,IRD plot,380,136,ngoila003
IMG_1380.JPG,130084,NA/8/2012,Cola lateritia K.Schum.,2.63331,14.1403,50,Ngoila,"1ha plot ngoila003, tag 136",10322,IRD plot,380,136,ngoila003
IMG_1381.JPG,130084,NA/8/2012,Cola lateritia K.Schum.,2.63331,14.1403,50,Ngoila,"1ha plot ngoila003, tag 136",10322,IRD plot,380,136,ngoila003
IMG_1382.JPG,130085,NA/8/2012,NA,2.63331,14.1403,50,Ngoila,"1ha plot ngoila003, tag 137",NA,NA,NA,137,ngoila003
IMG_1383.JPG,130085,NA/8/2012,NA,2.63331,14.1403,50,Ngoila,"1ha plot ngoila003, tag 137",NA,NA,NA,137,ngoila003
IMG_1384.JPG,130085,NA/8/2012,NA,2.63331,14.1403,50,Ngoila,"1ha plot ngoila003, tag 137",NA,NA,NA,137,ngoila003
IMG_1385.JPG,130085,NA/8/2012,NA,2.63331,14.1403,50,Ngoila,"1ha plot ngoila003, tag 137",NA,NA,NA,137,ngoila003
IMG_1387.JPG,130088,NA/8/2012,Trichoscypha arborea (A.Chev.) A.Chev.,2.63331,14.1403,50,Ngoila,"1ha plot ngoila003, tag 140",NA,NA,NA,140,ngoila003
IMG_1388.JPG,130088,NA/8/2012,Trichoscypha arborea (A.Chev.) A.Chev.,2.63331,14.1403,50,Ngoila,"1ha plot ngoila003, tag 140",NA,NA,NA,140,ngoila003
IMG_1389.JPG,130088,NA/8/2012,Trichoscypha arborea (A.Chev.) A.Chev.,2.63331,14.1403,50,Ngoila,"1ha plot ngoila003, tag 140",NA,NA,NA,140,ngoila003
IMG_1390.JPG,130088,NA/8/2012,Trichoscypha arborea (A.Chev.) A.Chev.,2.63331,14.1403,50,Ngoila,"1ha plot ngoila003, tag 140",NA,NA,NA,140,ngoila003
IMG_1391.JPG,130088,NA/8/2012,Trichoscypha arborea (A.Chev.) A.Chev.,2.63331,14.1403,50,Ngoila,"1ha plot ngoila003, tag 140",NA,NA,NA,140,ngoila003
IMG_1392.JPG,130090,NA/8/2012,Bombax brevicuspe Sprague,2.63331,14.1403,50,Ngoila,"1ha plot ngoila003, tag 142",10326,IRD plot,384,142,ngoila003
IMG_1393.JPG,130090,NA/8/2012,Bombax brevicuspe Sprague,2.63331,14.1403,50,Ngoila,"1ha plot ngoila003, tag 142",10326,IRD plot,384,142,ngoila003
IMG_1394.JPG,130090,NA/8/2012,Bombax brevicuspe Sprague,2.63331,14.1403,50,Ngoila,"1ha plot ngoila003, tag 142",10326,IRD plot,384,142,ngoila003
IMG_1395.JPG,130090,NA/8/2012,Bombax brevicuspe Sprague,2.63331,14.1403,50,Ngoila,"1ha plot ngoila003, tag 142",10326,IRD plot,384,142,ngoila003
IMG_1396.JPG,130093,NA/8/2012,NA,2.63331,14.1403,50,Ngoila,"1ha plot ngoila003, tag 145",NA,NA,NA,145,ngoila003
IMG_1397.JPG,130093,NA/8/2012,NA,2.63331,14.1403,50,Ngoila,"1ha plot ngoila003, tag 145",NA,NA,NA,145,ngoila003
IMG_1398.JPG,130093,NA/8/2012,NA,2.63331,14.1403,50,Ngoila,"1ha plot ngoila003, tag 145",NA,NA,NA,145,ngoila003
IMG_1399.JPG,130093,NA/8/2012,NA,2.63331,14.1403,50,Ngoila,"1ha plot ngoila003, tag 145",NA,NA,NA,145,ngoila003
IMG_1400.JPG,130094,NA/8/2012,Quassia gabonensis Pierre,2.63331,14.1403,50,Ngoila,"1ha plot ngoila003, tag 146",10330,IRD plot,388,146,ngoila003
IMG_1401.JPG,130094,NA/8/2012,Quassia gabonensis Pierre,2.63331,14.1403,50,Ngoila,"1ha plot ngoila003, tag 146",10330,IRD plot,388,146,ngoila003
IMG_1402.JPG,130094,NA/8/2012,Quassia gabonensis Pierre,2.63331,14.1403,50,Ngoila,"1ha plot ngoila003, tag 146",10330,IRD plot,388,146,ngoila003
IMG_1403.JPG,130094,NA/8/2012,Quassia gabonensis Pierre,2.63331,14.1403,50,Ngoila,"1ha plot ngoila003, tag 146",10330,IRD plot,388,146,ngoila003
IMG_1404.JPG,130094,NA/8/2012,Quassia gabonensis Pierre,2.63331,14.1403,50,Ngoila,"1ha plot ngoila003, tag 146",10330,IRD plot,388,146,ngoila003
IMG_1405.JPG,130095,NA/8/2012,Petersianthus macrocarpus (P.Beauv.) Liben,2.63331,14.1403,50,Ngoila,"1ha plot ngoila003, tag 147",10344,IRD plot,402,147,ngoila003
IMG_1406.JPG,130095,NA/8/2012,Petersianthus macrocarpus (P.Beauv.) Liben,2.63331,14.1403,50,Ngoila,"1ha plot ngoila003, tag 147",10344,IRD plot,402,147,ngoila003
IMG_1407.JPG,130095,NA/8/2012,Petersianthus macrocarpus (P.Beauv.) Liben,2.63331,14.1403,50,Ngoila,"1ha plot ngoila003, tag 147",10344,IRD plot,402,147,ngoila003
IMG_1408.JPG,130095,NA/8/2012,Petersianthus macrocarpus (P.Beauv.) Liben,2.63331,14.1403,50,Ngoila,"1ha plot ngoila003, tag 147",10344,IRD plot,402,147,ngoila003
IMG_1409.JPG,130096,NA/8/2012,Amphimas pterocarpoides Harms,2.63331,14.1403,50,Ngoila,"1ha plot ngoila003, tag 148",NA,NA,NA,148,ngoila003
IMG_1410.JPG,130096,NA/8/2012,Amphimas pterocarpoides Harms,2.63331,14.1403,50,Ngoila,"1ha plot ngoila003, tag 148",NA,NA,NA,148,ngoila003
IMG_1411.JPG,130096,NA/8/2012,Amphimas pterocarpoides Harms,2.63331,14.1403,50,Ngoila,"1ha plot ngoila003, tag 148",NA,NA,NA,148,ngoila003
IMG_1412.JPG,130096,NA/8/2012,Amphimas pterocarpoides Harms,2.63331,14.1403,50,Ngoila,"1ha plot ngoila003, tag 148",NA,NA,NA,148,ngoila003
IMG_1416.JPG,130098,NA/8/2012,Shirakiopsis elliptica (Hochst.) Esser,2.63331,14.1403,50,Ngoila,"1ha plot ngoila003, tag 150",NA,NA,NA,150,ngoila003
IMG_1417.JPG,130098,NA/8/2012,Shirakiopsis elliptica (Hochst.) Esser,2.63331,14.1403,50,Ngoila,"1ha plot ngoila003, tag 150",NA,NA,NA,150,ngoila003
IMG_1418.JPG,130098,NA/8/2012,Shirakiopsis elliptica (Hochst.) Esser,2.63331,14.1403,50,Ngoila,"1ha plot ngoila003, tag 150",NA,NA,NA,150,ngoila003
IMG_1419.JPG,130098,NA/8/2012,Shirakiopsis elliptica (Hochst.) Esser,2.63331,14.1403,50,Ngoila,"1ha plot ngoila003, tag 150",NA,NA,NA,150,ngoila003
IMG_1420.JPG,130101,NA/8/2012,Pentaclethra macrophylla Benth.,2.63331,14.1403,50,Ngoila,"1ha plot ngoila003, tag 153",NA,NA,NA,153,ngoila003
IMG_1421.JPG,130101,NA/8/2012,Pentaclethra macrophylla Benth.,2.63331,14.1403,50,Ngoila,"1ha plot ngoila003, tag 153",NA,NA,NA,153,ngoila003
IMG_1422.JPG,130101,NA/8/2012,Pentaclethra macrophylla Benth.,2.63331,14.1403,50,Ngoila,"1ha plot ngoila003, tag 153",NA,NA,NA,153,ngoila003
IMG_1423.JPG,130102,NA/8/2012,Keayodendron bridelioides Leandri,2.63331,14.1403,50,Ngoila,"1ha plot ngoila003, tag 154",NA,NA,NA,154,ngoila003
IMG_1424.JPG,130102,NA/8/2012,Keayodendron bridelioides Leandri,2.63331,14.1403,50,Ngoila,"1ha plot ngoila003, tag 154",NA,NA,NA,154,ngoila003
IMG_1425.JPG,130102,NA/8/2012,Keayodendron bridelioides Leandri,2.63331,14.1403,50,Ngoila,"1ha plot ngoila003, tag 154",NA,NA,NA,154,ngoila003
IMG_1426.JPG,130102,NA/8/2012,Keayodendron bridelioides Leandri,2.63331,14.1403,50,Ngoila,"1ha plot ngoila003, tag 154",NA,NA,NA,154,ngoila003
IMG_1427.JPG,130102,NA/8/2012,Keayodendron bridelioides Leandri,2.63331,14.1403,50,Ngoila,"1ha plot ngoila003, tag 154",NA,NA,NA,154,ngoila003
IMG_1428.JPG,130107,NA/8/2012,Cola acuminata (P.Beauv.) Schott & Endl.,2.63331,14.1403,50,Ngoila,"1ha plot ngoila003, tag 158",NA,NA,NA,158,ngoila003
IMG_1429.JPG,130107,NA/8/2012,Cola acuminata (P.Beauv.) Schott & Endl.,2.63331,14.1403,50,Ngoila,"1ha plot ngoila003, tag 158",NA,NA,NA,158,ngoila003
IMG_1430.JPG,130107,NA/8/2012,Cola acuminata (P.Beauv.) Schott & Endl.,2.63331,14.1403,50,Ngoila,"1ha plot ngoila003, tag 158",NA,NA,NA,158,ngoila003
IMG_1431.JPG,130113,NA/8/2012,Entandrophragma cylindricum (Sprague) Sprague,2.63331,14.1403,50,Ngoila,"1ha plot ngoila003, tag 164",NA,NA,NA,164,ngoila003
IMG_1432.JPG,130113,NA/8/2012,Entandrophragma cylindricum (Sprague) Sprague,2.63331,14.1403,50,Ngoila,"1ha plot ngoila003, tag 164",NA,NA,NA,164,ngoila003
IMG_1433.JPG,130113,NA/8/2012,Entandrophragma cylindricum (Sprague) Sprague,2.63331,14.1403,50,Ngoila,"1ha plot ngoila003, tag 164",NA,NA,NA,164,ngoila003
IMG_1434.JPG,130113,NA/8/2012,Entandrophragma cylindricum (Sprague) Sprague,2.63331,14.1403,50,Ngoila,"1ha plot ngoila003, tag 164",NA,NA,NA,164,ngoila003
IMG_1435.JPG,130113,NA/8/2012,Entandrophragma cylindricum (Sprague) Sprague,2.63331,14.1403,50,Ngoila,"1ha plot ngoila003, tag 164",NA,NA,NA,164,ngoila003
IMG_1436.JPG,130113,NA/8/2012,Entandrophragma cylindricum (Sprague) Sprague,2.63331,14.1403,50,Ngoila,"1ha plot ngoila003, tag 164",NA,NA,NA,164,ngoila003
IMG_1437.JPG,130114,NA/8/2012,Entandrophragma cylindricum (Sprague) Sprague,2.63331,14.1403,50,Ngoila,"1ha plot ngoila003, tag 165",NA,NA,NA,165,ngoila003
IMG_1438.JPG,130114,NA/8/2012,Entandrophragma cylindricum (Sprague) Sprague,2.63331,14.1403,50,Ngoila,"1ha plot ngoila003, tag 165",NA,NA,NA,165,ngoila003
IMG_1439.JPG,130114,NA/8/2012,Entandrophragma cylindricum (Sprague) Sprague,2.63331,14.1403,50,Ngoila,"1ha plot ngoila003, tag 165",NA,NA,NA,165,ngoila003
IMG_1440.JPG,130116,NA/8/2012,Desbordesia glaucescens (Engl.) Tiegh.,2.63331,14.1403,50,Ngoila,"1ha plot ngoila003, tag 167",10374,IRD plot,432,167,ngoila003
IMG_1441.JPG,130116,NA/8/2012,Desbordesia glaucescens (Engl.) Tiegh.,2.63331,14.1403,50,Ngoila,"1ha plot ngoila003, tag 167",10374,IRD plot,432,167,ngoila003
IMG_1442.JPG,130116,NA/8/2012,Desbordesia glaucescens (Engl.) Tiegh.,2.63331,14.1403,50,Ngoila,"1ha plot ngoila003, tag 167",10374,IRD plot,432,167,ngoila003
IMG_1443.JPG,130116,NA/8/2012,Desbordesia glaucescens (Engl.) Tiegh.,2.63331,14.1403,50,Ngoila,"1ha plot ngoila003, tag 167",10374,IRD plot,432,167,ngoila003
IMG_1444.JPG,130116,NA/8/2012,Desbordesia glaucescens (Engl.) Tiegh.,2.63331,14.1403,50,Ngoila,"1ha plot ngoila003, tag 167",10374,IRD plot,432,167,ngoila003
IMG_1448.JPG,130120,NA/8/2012,Chrysophyllum boukokoense (Aubrév. & Pellegr.) L.Gaut.,2.63331,14.1403,50,Ngoila,"1ha plot ngoila003, tag 171",10336,IRD plot,394,171,ngoila003
IMG_1449.JPG,130120,NA/8/2012,Chrysophyllum boukokoense (Aubrév. & Pellegr.) L.Gaut.,2.63331,14.1403,50,Ngoila,"1ha plot ngoila003, tag 171",10336,IRD plot,394,171,ngoila003
IMG_1450.JPG,130120,NA/8/2012,Chrysophyllum boukokoense (Aubrév. & Pellegr.) L.Gaut.,2.63331,14.1403,50,Ngoila,"1ha plot ngoila003, tag 171",10336,IRD plot,394,171,ngoila003
IMG_1451.JPG,130120,NA/8/2012,Chrysophyllum boukokoense (Aubrév. & Pellegr.) L.Gaut.,2.63331,14.1403,50,Ngoila,"1ha plot ngoila003, tag 171",10336,IRD plot,394,171,ngoila003
IMG_1452.JPG,130121,NA/8/2012,Aoranthe cladantha (K.Schum.) Somers,2.63331,14.1403,50,Ngoila,"1ha plot ngoila003, tag 172",10337,IRD plot,395,172,ngoila003
IMG_1453.JPG,130121,NA/8/2012,Aoranthe cladantha (K.Schum.) Somers,2.63331,14.1403,50,Ngoila,"1ha plot ngoila003, tag 172",10337,IRD plot,395,172,ngoila003
IMG_1454.JPG,130121,NA/8/2012,Aoranthe cladantha (K.Schum.) Somers,2.63331,14.1403,50,Ngoila,"1ha plot ngoila003, tag 172",10337,IRD plot,395,172,ngoila003
IMG_1455.JPG,130122,NA/8/2012,Greenwayodendron suaveolens (Engl. & Diels) Verdc.,2.63331,14.1403,50,Ngoila,"1ha plot ngoila003, tag 173",10352,IRD plot,410,173,ngoila003
IMG_1456.JPG,130122,NA/8/2012,Greenwayodendron suaveolens (Engl. & Diels) Verdc.,2.63331,14.1403,50,Ngoila,"1ha plot ngoila003, tag 173",10352,IRD plot,410,173,ngoila003
IMG_1457.JPG,130122,NA/8/2012,Greenwayodendron suaveolens (Engl. & Diels) Verdc.,2.63331,14.1403,50,Ngoila,"1ha plot ngoila003, tag 173",10352,IRD plot,410,173,ngoila003
IMG_1458.JPG,130122,NA/8/2012,Greenwayodendron suaveolens (Engl. & Diels) Verdc.,2.63331,14.1403,50,Ngoila,"1ha plot ngoila003, tag 173",10352,IRD plot,410,173,ngoila003
IMG_1459.JPG,130122,NA/8/2012,Greenwayodendron suaveolens (Engl. & Diels) Verdc.,2.63331,14.1403,50,Ngoila,"1ha plot ngoila003, tag 173",10352,IRD plot,410,173,ngoila003
IMG_1460.JPG,130122,NA/8/2012,Greenwayodendron suaveolens (Engl. & Diels) Verdc.,2.63331,14.1403,50,Ngoila,"1ha plot ngoila003, tag 173",10352,IRD plot,410,173,ngoila003
IMG_1463.JPG,130124,NA/8/2012,Margaritaria discoidea (Baill.) G.L.Webster,2.63331,14.1403,50,Ngoila,"1ha plot ngoila003, tag 175",NA,NA,NA,175,ngoila003
IMG_1464.JPG,130124,NA/8/2012,Margaritaria discoidea (Baill.) G.L.Webster,2.63331,14.1403,50,Ngoila,"1ha plot ngoila003, tag 175",NA,NA,NA,175,ngoila003
IMG_1465.JPG,130124,NA/8/2012,Margaritaria discoidea (Baill.) G.L.Webster,2.63331,14.1403,50,Ngoila,"1ha plot ngoila003, tag 175",NA,NA,NA,175,ngoila003
IMG_1466.JPG,130124,NA/8/2012,Margaritaria discoidea (Baill.) G.L.Webster,2.63331,14.1403,50,Ngoila,"1ha plot ngoila003, tag 175",NA,NA,NA,175,ngoila003
IMG_1468.JPG,130128,NA/8/2012,Rinorea oblongifolia (C.H.Wright) C.Marquand ex Chipp,2.63331,14.1403,50,Ngoila,"1ha plot ngoila003, tag 179",NA,NA,NA,179,ngoila003
IMG_1469.JPG,130128,NA/8/2012,Rinorea oblongifolia (C.H.Wright) C.Marquand ex Chipp,2.63331,14.1403,50,Ngoila,"1ha plot ngoila003, tag 179",NA,NA,NA,179,ngoila003
IMG_1470.JPG,130128,NA/8/2012,Rinorea oblongifolia (C.H.Wright) C.Marquand ex Chipp,2.63331,14.1403,50,Ngoila,"1ha plot ngoila003, tag 179",NA,NA,NA,179,ngoila003
IMG_1472.JPG,130129,NA/8/2012,Lasiodiscus mannii Hook.f.,2.63331,14.1403,50,Ngoila,"1ha plot ngoila003, tag 180",NA,NA,NA,180,ngoila003
IMG_1473.JPG,130130,NA/8/2012,Lasiodiscus mannii Hook.f.,2.63331,14.1403,50,Ngoila,"1ha plot ngoila003, tag 181",NA,NA,NA,181,ngoila003
IMG_1474.JPG,130130,NA/8/2012,Lasiodiscus mannii Hook.f.,2.63331,14.1403,50,Ngoila,"1ha plot ngoila003, tag 181",NA,NA,NA,181,ngoila003
IMG_1475.JPG,130130,NA/8/2012,Lasiodiscus mannii Hook.f.,2.63331,14.1403,50,Ngoila,"1ha plot ngoila003, tag 181",NA,NA,NA,181,ngoila003
IMG_1476.JPG,130130,NA/8/2012,Lasiodiscus mannii Hook.f.,2.63331,14.1403,50,Ngoila,"1ha plot ngoila003, tag 181",NA,NA,NA,181,ngoila003
IMG_1477.JPG,130130,NA/8/2012,Lasiodiscus mannii Hook.f.,2.63331,14.1403,50,Ngoila,"1ha plot ngoila003, tag 181",NA,NA,NA,181,ngoila003
IMG_1478.JPG,130133,NA/8/2012,NA,2.63331,14.1403,50,Ngoila,"1ha plot ngoila003, tag 184",NA,NA,NA,184,ngoila003
IMG_1479.JPG,130133,NA/8/2012,NA,2.63331,14.1403,50,Ngoila,"1ha plot ngoila003, tag 184",NA,NA,NA,184,ngoila003
IMG_1480.JPG,130133,NA/8/2012,NA,2.63331,14.1403,50,Ngoila,"1ha plot ngoila003, tag 184",NA,NA,NA,184,ngoila003
IMG_1481.JPG,130133,NA/8/2012,NA,2.63331,14.1403,50,Ngoila,"1ha plot ngoila003, tag 184",NA,NA,NA,184,ngoila003
IMG_1493.JPG,130137,NA/8/2012,Strombosiopsis tetrandra Engl.,2.63331,14.1403,50,Ngoila,"1ha plot ngoila003, tag 188",10381,IRD plot,439,188,ngoila003
IMG_1494.JPG,130137,NA/8/2012,Strombosiopsis tetrandra Engl.,2.63331,14.1403,50,Ngoila,"1ha plot ngoila003, tag 188",10381,IRD plot,439,188,ngoila003
IMG_1495.JPG,130137,NA/8/2012,Strombosiopsis tetrandra Engl.,2.63331,14.1403,50,Ngoila,"1ha plot ngoila003, tag 188",10381,IRD plot,439,188,ngoila003
IMG_1496.JPG,130137,NA/8/2012,Strombosiopsis tetrandra Engl.,2.63331,14.1403,50,Ngoila,"1ha plot ngoila003, tag 188",10381,IRD plot,439,188,ngoila003
IMG_1497.JPG,130138,NA/8/2012,Detarium macrocarpum Harms,2.63331,14.1403,50,Ngoila,"1ha plot ngoila003, tag 189",10329,IRD plot,387,189,ngoila003
IMG_1498.JPG,130138,NA/8/2012,Detarium macrocarpum Harms,2.63331,14.1403,50,Ngoila,"1ha plot ngoila003, tag 189",10329,IRD plot,387,189,ngoila003
IMG_1499.JPG,130138,NA/8/2012,Detarium macrocarpum Harms,2.63331,14.1403,50,Ngoila,"1ha plot ngoila003, tag 189",10329,IRD plot,387,189,ngoila003
IMG_1500.JPG,130138,NA/8/2012,Detarium macrocarpum Harms,2.63331,14.1403,50,Ngoila,"1ha plot ngoila003, tag 189",10329,IRD plot,387,189,ngoila003
IMG_1501.JPG,130138,NA/8/2012,Detarium macrocarpum Harms,2.63331,14.1403,50,Ngoila,"1ha plot ngoila003, tag 189",10329,IRD plot,387,189,ngoila003
IMG_1502.JPG,130140,NA/8/2012,Psychotria gilletii De Wild.,2.63331,14.1403,50,Ngoila,"1ha plot ngoila003, tag 191",10334,IRD plot,392,191,ngoila003
IMG_1503.JPG,130140,NA/8/2012,Psychotria gilletii De Wild.,2.63331,14.1403,50,Ngoila,"1ha plot ngoila003, tag 191",10334,IRD plot,392,191,ngoila003
IMG_1504.JPG,130140,NA/8/2012,Psychotria gilletii De Wild.,2.63331,14.1403,50,Ngoila,"1ha plot ngoila003, tag 191",10334,IRD plot,392,191,ngoila003
IMG_1505.JPG,130140,NA/8/2012,Psychotria gilletii De Wild.,2.63331,14.1403,50,Ngoila,"1ha plot ngoila003, tag 191",10334,IRD plot,392,191,ngoila003
IMG_1506.JPG,130144,NA/8/2012,Chytranthus talbotii (Baker f.) Keay,2.63331,14.1403,50,Ngoila,"1ha plot ngoila003, tag 195",NA,NA,NA,195,ngoila003
IMG_1507.JPG,130144,NA/8/2012,Chytranthus talbotii (Baker f.) Keay,2.63331,14.1403,50,Ngoila,"1ha plot ngoila003, tag 195",NA,NA,NA,195,ngoila003
IMG_1510.JPG,130144,NA/8/2012,Chytranthus talbotii (Baker f.) Keay,2.63331,14.1403,50,Ngoila,"1ha plot ngoila003, tag 195",NA,NA,NA,195,ngoila003
IMG_1511.JPG,130144,NA/8/2012,Chytranthus talbotii (Baker f.) Keay,2.63331,14.1403,50,Ngoila,"1ha plot ngoila003, tag 195",NA,NA,NA,195,ngoila003
IMG_1512.JPG,130146,NA/8/2012,Leplaea thompsonii (Sprague & Hutch.) E.J.M.Koenen & J.J.de Wilde,2.63331,14.1403,50,Ngoila,"1ha plot ngoila003, tag 197",NA,NA,NA,197,ngoila003
IMG_1513.JPG,130146,NA/8/2012,Leplaea thompsonii (Sprague & Hutch.) E.J.M.Koenen & J.J.de Wilde,2.63331,14.1403,50,Ngoila,"1ha plot ngoila003, tag 197",NA,NA,NA,197,ngoila003
IMG_1514.JPG,130146,NA/8/2012,Leplaea thompsonii (Sprague & Hutch.) E.J.M.Koenen & J.J.de Wilde,2.63331,14.1403,50,Ngoila,"1ha plot ngoila003, tag 197",NA,NA,NA,197,ngoila003
IMG_1515.JPG,130146,NA/8/2012,Leplaea thompsonii (Sprague & Hutch.) E.J.M.Koenen & J.J.de Wilde,2.63331,14.1403,50,Ngoila,"1ha plot ngoila003, tag 197",NA,NA,NA,197,ngoila003
IMG_1516.JPG,130145,NA/8/2012,NA,2.63331,14.1403,50,Ngoila,"1ha plot ngoila003, tag 196",NA,NA,NA,196,ngoila003
IMG_1517.JPG,130145,NA/8/2012,NA,2.63331,14.1403,50,Ngoila,"1ha plot ngoila003, tag 196",NA,NA,NA,196,ngoila003
IMG_1518.JPG,130145,NA/8/2012,NA,2.63331,14.1403,50,Ngoila,"1ha plot ngoila003, tag 196",NA,NA,NA,196,ngoila003
IMG_1519.JPG,130145,NA/8/2012,NA,2.63331,14.1403,50,Ngoila,"1ha plot ngoila003, tag 196",NA,NA,NA,196,ngoila003
IMG_1520.JPG,130145,NA/8/2012,NA,2.63331,14.1403,50,Ngoila,"1ha plot ngoila003, tag 196",NA,NA,NA,196,ngoila003
IMG_1521.JPG,130145,NA/8/2012,NA,2.63331,14.1403,50,Ngoila,"1ha plot ngoila003, tag 196",NA,NA,NA,196,ngoila003
IMG_1522.JPG,130145,NA/8/2012,NA,2.63331,14.1403,50,Ngoila,"1ha plot ngoila003, tag 196",NA,NA,NA,196,ngoila003
IMG_1523.JPG,130147,NA/8/2012,Tetrapleura tetraptera (Schumach. & Thonn.) Taub.,2.63331,14.1403,50,Ngoila,"1ha plot ngoila003, tag 198",NA,NA,NA,198,ngoila003
IMG_1524.JPG,130147,NA/8/2012,Tetrapleura tetraptera (Schumach. & Thonn.) Taub.,2.63331,14.1403,50,Ngoila,"1ha plot ngoila003, tag 198",NA,NA,NA,198,ngoila003
IMG_1525.JPG,130147,NA/8/2012,Tetrapleura tetraptera (Schumach. & Thonn.) Taub.,2.63331,14.1403,50,Ngoila,"1ha plot ngoila003, tag 198",NA,NA,NA,198,ngoila003
IMG_1526.JPG,130147,NA/8/2012,Tetrapleura tetraptera (Schumach. & Thonn.) Taub.,2.63331,14.1403,50,Ngoila,"1ha plot ngoila003, tag 198",NA,NA,NA,198,ngoila003
IMG_1529.JPG,130149,NA/8/2012,Panda oleosa Pierre,2.63331,14.1403,50,Ngoila,"1ha plot ngoila003, tag 200",10335,IRD plot,393,200,ngoila003
IMG_1530.JPG,130149,NA/8/2012,Panda oleosa Pierre,2.63331,14.1403,50,Ngoila,"1ha plot ngoila003, tag 200",10335,IRD plot,393,200,ngoila003
IMG_1531.JPG,130149,NA/8/2012,Panda oleosa Pierre,2.63331,14.1403,50,Ngoila,"1ha plot ngoila003, tag 200",10335,IRD plot,393,200,ngoila003
IMG_1532.JPG,130149,NA/8/2012,Panda oleosa Pierre,2.63331,14.1403,50,Ngoila,"1ha plot ngoila003, tag 200",10335,IRD plot,393,200,ngoila003
IMG_1533.JPG,130150,NA/8/2012,Keayodendron bridelioides Leandri,2.63331,14.1403,50,Ngoila,"1ha plot ngoila003, tag 201",NA,NA,NA,201,ngoila003
IMG_1534.JPG,130150,NA/8/2012,Keayodendron bridelioides Leandri,2.63331,14.1403,50,Ngoila,"1ha plot ngoila003, tag 201",NA,NA,NA,201,ngoila003
IMG_1535.JPG,130150,NA/8/2012,Keayodendron bridelioides Leandri,2.63331,14.1403,50,Ngoila,"1ha plot ngoila003, tag 201",NA,NA,NA,201,ngoila003
IMG_1536.JPG,130150,NA/8/2012,Keayodendron bridelioides Leandri,2.63331,14.1403,50,Ngoila,"1ha plot ngoila003, tag 201",NA,NA,NA,201,ngoila003
IMG_1537.JPG,130151,NA/8/2012,Chrysophyllum boukokoense (Aubrév. & Pellegr.) L.Gaut.,2.63331,14.1403,50,Ngoila,"1ha plot ngoila003, tag 202",10336,IRD plot,394,202,ngoila003
IMG_1538.JPG,130151,NA/8/2012,Chrysophyllum boukokoense (Aubrév. & Pellegr.) L.Gaut.,2.63331,14.1403,50,Ngoila,"1ha plot ngoila003, tag 202",10336,IRD plot,394,202,ngoila003
IMG_1539.JPG,130151,NA/8/2012,Chrysophyllum boukokoense (Aubrév. & Pellegr.) L.Gaut.,2.63331,14.1403,50,Ngoila,"1ha plot ngoila003, tag 202",10336,IRD plot,394,202,ngoila003
IMG_1540.JPG,130151,NA/8/2012,Chrysophyllum boukokoense (Aubrév. & Pellegr.) L.Gaut.,2.63331,14.1403,50,Ngoila,"1ha plot ngoila003, tag 202",10336,IRD plot,394,202,ngoila003
IMG_1541.JPG,130152,NA/8/2012,Strombosiopsis tetrandra Engl.,2.63331,14.1403,50,Ngoila,"1ha plot ngoila003, tag 203",10349,IRD plot,407,203,ngoila003
IMG_1542.JPG,130152,NA/8/2012,Strombosiopsis tetrandra Engl.,2.63331,14.1403,50,Ngoila,"1ha plot ngoila003, tag 203",10349,IRD plot,407,203,ngoila003
IMG_1543.JPG,130152,NA/8/2012,Strombosiopsis tetrandra Engl.,2.63331,14.1403,50,Ngoila,"1ha plot ngoila003, tag 203",10349,IRD plot,407,203,ngoila003
IMG_1544.JPG,130152,NA/8/2012,Strombosiopsis tetrandra Engl.,2.63331,14.1403,50,Ngoila,"1ha plot ngoila003, tag 203",10349,IRD plot,407,203,ngoila003
IMG_1545.JPG,130153,NA/8/2012,NA,2.63331,14.1403,50,Ngoila,"1ha plot ngoila003, tag 204",10361,IRD plot,419,204,ngoila003
IMG_1546.JPG,130153,NA/8/2012,NA,2.63331,14.1403,50,Ngoila,"1ha plot ngoila003, tag 204",10361,IRD plot,419,204,ngoila003
IMG_1547.JPG,130153,NA/8/2012,NA,2.63331,14.1403,50,Ngoila,"1ha plot ngoila003, tag 204",10361,IRD plot,419,204,ngoila003
IMG_1548.JPG,130153,NA/8/2012,NA,2.63331,14.1403,50,Ngoila,"1ha plot ngoila003, tag 204",10361,IRD plot,419,204,ngoila003
IMG_1553.JPG,130155,NA/8/2012,Pterocarpus soyauxii Taub.,2.63331,14.1403,50,Ngoila,"1ha plot ngoila003, tag 206",10371,IRD plot,429,206,ngoila003
IMG_1554.JPG,130155,NA/8/2012,Pterocarpus soyauxii Taub.,2.63331,14.1403,50,Ngoila,"1ha plot ngoila003, tag 206",10371,IRD plot,429,206,ngoila003
IMG_1555.JPG,130155,NA/8/2012,Pterocarpus soyauxii Taub.,2.63331,14.1403,50,Ngoila,"1ha plot ngoila003, tag 206",10371,IRD plot,429,206,ngoila003
IMG_1556.JPG,130155,NA/8/2012,Pterocarpus soyauxii Taub.,2.63331,14.1403,50,Ngoila,"1ha plot ngoila003, tag 206",10371,IRD plot,429,206,ngoila003
IMG_1557.JPG,130155,NA/8/2012,Pterocarpus soyauxii Taub.,2.63331,14.1403,50,Ngoila,"1ha plot ngoila003, tag 206",10371,IRD plot,429,206,ngoila003
IMG_1558.JPG,130160,NA/8/2012,Hymenocardia lyrata Tul.,2.63331,14.1403,50,Ngoila,"1ha plot ngoila003, tag 211",10339,IRD plot,397,211,ngoila003
IMG_1559.JPG,130160,NA/8/2012,Hymenocardia lyrata Tul.,2.63331,14.1403,50,Ngoila,"1ha plot ngoila003, tag 211",10339,IRD plot,397,211,ngoila003
IMG_1560.JPG,130160,NA/8/2012,Hymenocardia lyrata Tul.,2.63331,14.1403,50,Ngoila,"1ha plot ngoila003, tag 211",10339,IRD plot,397,211,ngoila003
IMG_1561.JPG,130160,NA/8/2012,Hymenocardia lyrata Tul.,2.63331,14.1403,50,Ngoila,"1ha plot ngoila003, tag 211",10339,IRD plot,397,211,ngoila003
IMG_1562.JPG,130160,NA/8/2012,Hymenocardia lyrata Tul.,2.63331,14.1403,50,Ngoila,"1ha plot ngoila003, tag 211",10339,IRD plot,397,211,ngoila003
IMG_1563.JPG,130163,NA/8/2012,Drypetes occidentalis (Müll.Arg.) Hutch.,2.63331,14.1403,50,Ngoila,"1ha plot ngoila003, tag 214",10340,IRD plot,398,214,ngoila003
IMG_1564.JPG,130163,NA/8/2012,Drypetes occidentalis (Müll.Arg.) Hutch.,2.63331,14.1403,50,Ngoila,"1ha plot ngoila003, tag 214",10340,IRD plot,398,214,ngoila003
IMG_1565.JPG,130163,NA/8/2012,Drypetes occidentalis (Müll.Arg.) Hutch.,2.63331,14.1403,50,Ngoila,"1ha plot ngoila003, tag 214",10340,IRD plot,398,214,ngoila003
IMG_1566.JPG,130165,NA/8/2012,NA,2.63331,14.1403,50,Ngoila,"1ha plot ngoila003, tag 216",NA,NA,NA,216,ngoila003
IMG_1567.JPG,130165,NA/8/2012,NA,2.63331,14.1403,50,Ngoila,"1ha plot ngoila003, tag 216",NA,NA,NA,216,ngoila003
IMG_1568.JPG,130165,NA/8/2012,NA,2.63331,14.1403,50,Ngoila,"1ha plot ngoila003, tag 216",NA,NA,NA,216,ngoila003
IMG_1569.JPG,130165,NA/8/2012,NA,2.63331,14.1403,50,Ngoila,"1ha plot ngoila003, tag 216",NA,NA,NA,216,ngoila003
IMG_1570.JPG,130164,NA/8/2012,Trichilia gilgiana Harms,2.63331,14.1403,50,Ngoila,"1ha plot ngoila003, tag 215",10341,IRD plot,399,215,ngoila003
IMG_1571.JPG,130164,NA/8/2012,Trichilia gilgiana Harms,2.63331,14.1403,50,Ngoila,"1ha plot ngoila003, tag 215",10341,IRD plot,399,215,ngoila003
IMG_1572.JPG,130164,NA/8/2012,Trichilia gilgiana Harms,2.63331,14.1403,50,Ngoila,"1ha plot ngoila003, tag 215",10341,IRD plot,399,215,ngoila003
IMG_1573.JPG,130167,NA/8/2012,Symphonia globulifera L.f.,2.63331,14.1403,50,Ngoila,"1ha plot ngoila003, tag 218",NA,NA,NA,218,ngoila003
IMG_1574.JPG,130167,NA/8/2012,Symphonia globulifera L.f.,2.63331,14.1403,50,Ngoila,"1ha plot ngoila003, tag 218",NA,NA,NA,218,ngoila003
IMG_1575.JPG,130167,NA/8/2012,Symphonia globulifera L.f.,2.63331,14.1403,50,Ngoila,"1ha plot ngoila003, tag 218",NA,NA,NA,218,ngoila003
IMG_1576.JPG,130167,NA/8/2012,Symphonia globulifera L.f.,2.63331,14.1403,50,Ngoila,"1ha plot ngoila003, tag 218",NA,NA,NA,218,ngoila003
IMG_1587.JPG,130181,NA/8/2012,Leplaea thompsonii (Sprague & Hutch.) E.J.M.Koenen & J.J.de Wilde,2.63331,14.1403,50,Ngoila,"1ha plot ngoila003, tag 231",NA,NA,NA,231,ngoila003
IMG_1588.JPG,130181,NA/8/2012,Leplaea thompsonii (Sprague & Hutch.) E.J.M.Koenen & J.J.de Wilde,2.63331,14.1403,50,Ngoila,"1ha plot ngoila003, tag 231",NA,NA,NA,231,ngoila003
IMG_1589.JPG,130181,NA/8/2012,Leplaea thompsonii (Sprague & Hutch.) E.J.M.Koenen & J.J.de Wilde,2.63331,14.1403,50,Ngoila,"1ha plot ngoila003, tag 231",NA,NA,NA,231,ngoila003
IMG_1590.JPG,130186,NA/8/2012,Desbordesia glaucescens (Engl.) Tiegh.,2.63331,14.1403,50,Ngoila,"1ha plot ngoila003, tag 236",10374,IRD plot,432,236,ngoila003
IMG_1591.JPG,130186,NA/8/2012,Desbordesia glaucescens (Engl.) Tiegh.,2.63331,14.1403,50,Ngoila,"1ha plot ngoila003, tag 236",10374,IRD plot,432,236,ngoila003
IMG_1592.JPG,130186,NA/8/2012,Desbordesia glaucescens (Engl.) Tiegh.,2.63331,14.1403,50,Ngoila,"1ha plot ngoila003, tag 236",10374,IRD plot,432,236,ngoila003
IMG_1593.JPG,130186,NA/8/2012,Desbordesia glaucescens (Engl.) Tiegh.,2.63331,14.1403,50,Ngoila,"1ha plot ngoila003, tag 236",10374,IRD plot,432,236,ngoila003
IMG_1594.JPG,130187,NA/8/2012,Petersianthus macrocarpus (P.Beauv.) Liben,2.63331,14.1403,50,Ngoila,"1ha plot ngoila003, tag 237",10344,IRD plot,402,237,ngoila003
IMG_1595.JPG,130187,NA/8/2012,Petersianthus macrocarpus (P.Beauv.) Liben,2.63331,14.1403,50,Ngoila,"1ha plot ngoila003, tag 237",10344,IRD plot,402,237,ngoila003
IMG_1596.JPG,130187,NA/8/2012,Petersianthus macrocarpus (P.Beauv.) Liben,2.63331,14.1403,50,Ngoila,"1ha plot ngoila003, tag 237",10344,IRD plot,402,237,ngoila003
IMG_1597.JPG,130187,NA/8/2012,Petersianthus macrocarpus (P.Beauv.) Liben,2.63331,14.1403,50,Ngoila,"1ha plot ngoila003, tag 237",10344,IRD plot,402,237,ngoila003
IMG_1598.JPG,130190,NA/8/2012,Ricinodendron heudelotii (Baill.) Pierre ex Heckel,2.63331,14.1403,50,Ngoila,"1ha plot ngoila003, tag 240",NA,NA,NA,240,ngoila003
IMG_1599.JPG,130190,NA/8/2012,Ricinodendron heudelotii (Baill.) Pierre ex Heckel,2.63331,14.1403,50,Ngoila,"1ha plot ngoila003, tag 240",NA,NA,NA,240,ngoila003
IMG_1600.JPG,130190,NA/8/2012,Ricinodendron heudelotii (Baill.) Pierre ex Heckel,2.63331,14.1403,50,Ngoila,"1ha plot ngoila003, tag 240",NA,NA,NA,240,ngoila003
IMG_1603.JPG,130190,NA/8/2012,Ricinodendron heudelotii (Baill.) Pierre ex Heckel,2.63331,14.1403,50,Ngoila,"1ha plot ngoila003, tag 240",NA,NA,NA,240,ngoila003
IMG_1655.JPG,130210,NA/8/2012,Shirakiopsis elliptica (Hochst.) Esser,2.63331,14.1403,50,Ngoila,"1ha plot ngoila003, tag 260",NA,NA,NA,260,ngoila003
IMG_1656.JPG,130210,NA/8/2012,Shirakiopsis elliptica (Hochst.) Esser,2.63331,14.1403,50,Ngoila,"1ha plot ngoila003, tag 260",NA,NA,NA,260,ngoila003
IMG_1657.JPG,130210,NA/8/2012,Shirakiopsis elliptica (Hochst.) Esser,2.63331,14.1403,50,Ngoila,"1ha plot ngoila003, tag 260",NA,NA,NA,260,ngoila003
IMG_1658.JPG,130210,NA/8/2012,Shirakiopsis elliptica (Hochst.) Esser,2.63331,14.1403,50,Ngoila,"1ha plot ngoila003, tag 260",NA,NA,NA,260,ngoila003
IMG_1659.JPG,130210,NA/8/2012,Shirakiopsis elliptica (Hochst.) Esser,2.63331,14.1403,50,Ngoila,"1ha plot ngoila003, tag 260",NA,NA,NA,260,ngoila003
IMG_1660.JPG,130217,NA/8/2012,Albizia adianthifolia (Schumach.) W.Wight,2.63331,14.1403,50,Ngoila,"1ha plot ngoila003, tag 267",NA,NA,NA,267,ngoila003
IMG_1661.JPG,130217,NA/8/2012,Albizia adianthifolia (Schumach.) W.Wight,2.63331,14.1403,50,Ngoila,"1ha plot ngoila003, tag 267",NA,NA,NA,267,ngoila003
IMG_1662.JPG,130217,NA/8/2012,Albizia adianthifolia (Schumach.) W.Wight,2.63331,14.1403,50,Ngoila,"1ha plot ngoila003, tag 267",NA,NA,NA,267,ngoila003
IMG_1663.JPG,130217,NA/8/2012,Albizia adianthifolia (Schumach.) W.Wight,2.63331,14.1403,50,Ngoila,"1ha plot ngoila003, tag 267",NA,NA,NA,267,ngoila003
IMG_1664.JPG,130217,NA/8/2012,Albizia adianthifolia (Schumach.) W.Wight,2.63331,14.1403,50,Ngoila,"1ha plot ngoila003, tag 267",NA,NA,NA,267,ngoila003
IMG_1665.JPG,130217,NA/8/2012,Albizia adianthifolia (Schumach.) W.Wight,2.63331,14.1403,50,Ngoila,"1ha plot ngoila003, tag 267",NA,NA,NA,267,ngoila003
IMG_1666.JPG,130220,NA/8/2012,NA,2.63331,14.1403,50,Ngoila,"1ha plot ngoila003, tag 270",NA,NA,NA,270,ngoila003
IMG_1667.JPG,130220,NA/8/2012,NA,2.63331,14.1403,50,Ngoila,"1ha plot ngoila003, tag 270",NA,NA,NA,270,ngoila003
IMG_1668.JPG,130220,NA/8/2012,NA,2.63331,14.1403,50,Ngoila,"1ha plot ngoila003, tag 270",NA,NA,NA,270,ngoila003
IMG_1677.JPG,130220,NA/8/2012,NA,2.63331,14.1403,50,Ngoila,"1ha plot ngoila003, tag 270",NA,NA,NA,270,ngoila003
IMG_1700.JPG,130234,NA/8/2012,Vitex doniana Sweet,2.63331,14.1403,50,Ngoila,"1ha plot ngoila003, tag 284",NA,NA,NA,284,ngoila003
IMG_1703.JPG,130234,NA/8/2012,Vitex doniana Sweet,2.63331,14.1403,50,Ngoila,"1ha plot ngoila003, tag 284",NA,NA,NA,284,ngoila003
IMG_1704.JPG,130234,NA/8/2012,Vitex doniana Sweet,2.63331,14.1403,50,Ngoila,"1ha plot ngoila003, tag 284",NA,NA,NA,284,ngoila003
IMG_1705.JPG,130234,NA/8/2012,Vitex doniana Sweet,2.63331,14.1403,50,Ngoila,"1ha plot ngoila003, tag 284",NA,NA,NA,284,ngoila003
IMG_1706.JPG,130242,NA/8/2012,Duguetia barteri (Benth.) Chatrou,2.63331,14.1403,50,Ngoila,"1ha plot ngoila003, tag 292",10358,IRD plot,416,292,ngoila003
IMG_1707.JPG,130242,NA/8/2012,Duguetia barteri (Benth.) Chatrou,2.63331,14.1403,50,Ngoila,"1ha plot ngoila003, tag 292",10358,IRD plot,416,292,ngoila003
IMG_1708.JPG,130242,NA/8/2012,Duguetia barteri (Benth.) Chatrou,2.63331,14.1403,50,Ngoila,"1ha plot ngoila003, tag 292",10358,IRD plot,416,292,ngoila003
IMG_1709.JPG,130242,NA/8/2012,Duguetia barteri (Benth.) Chatrou,2.63331,14.1403,50,Ngoila,"1ha plot ngoila003, tag 292",10358,IRD plot,416,292,ngoila003
IMG_1712.JPG,130242,NA/8/2012,Duguetia barteri (Benth.) Chatrou,2.63331,14.1403,50,Ngoila,"1ha plot ngoila003, tag 292",10358,IRD plot,416,292,ngoila003
IMG_1713.JPG,130247,NA/8/2012,NA,2.63331,14.1403,50,Ngoila,"1ha plot ngoila003, tag 297",10343,IRD plot,401,297,ngoila003
IMG_1714.JPG,130247,NA/8/2012,NA,2.63331,14.1403,50,Ngoila,"1ha plot ngoila003, tag 297",10343,IRD plot,401,297,ngoila003
IMG_1717.JPG,130247,NA/8/2012,NA,2.63331,14.1403,50,Ngoila,"1ha plot ngoila003, tag 297",10343,IRD plot,401,297,ngoila003
IMG_1720.JPG,130247,NA/8/2012,NA,2.63331,14.1403,50,Ngoila,"1ha plot ngoila003, tag 297",10343,IRD plot,401,297,ngoila003
IMG_1724.JPG,130260,NA/8/2012,Angylocalyx pynaertii De Wild.,2.63331,14.1403,50,Ngoila,"1ha plot ngoila003, tag 309",NA,NA,NA,309,ngoila003
IMG_1725.JPG,130260,NA/8/2012,Angylocalyx pynaertii De Wild.,2.63331,14.1403,50,Ngoila,"1ha plot ngoila003, tag 309",NA,NA,NA,309,ngoila003
IMG_1726.JPG,130260,NA/8/2012,Angylocalyx pynaertii De Wild.,2.63331,14.1403,50,Ngoila,"1ha plot ngoila003, tag 309",NA,NA,NA,309,ngoila003
IMG_1728.JPG,130260,NA/8/2012,Angylocalyx pynaertii De Wild.,2.63331,14.1403,50,Ngoila,"1ha plot ngoila003, tag 309",NA,NA,NA,309,ngoila003
IMG_1729.JPG,130261,NA/8/2012,Trichoscypha patens (Oliv.) Engl.,2.63331,14.1403,50,Ngoila,"1ha plot ngoila003, tag 310",10375,IRD plot,433,310,ngoila003
IMG_1730.JPG,130261,NA/8/2012,Trichoscypha patens (Oliv.) Engl.,2.63331,14.1403,50,Ngoila,"1ha plot ngoila003, tag 310",10375,IRD plot,433,310,ngoila003
IMG_1732.JPG,130261,NA/8/2012,Trichoscypha patens (Oliv.) Engl.,2.63331,14.1403,50,Ngoila,"1ha plot ngoila003, tag 310",10375,IRD plot,433,310,ngoila003
IMG_1736.JPG,130261,NA/8/2012,Trichoscypha patens (Oliv.) Engl.,2.63331,14.1403,50,Ngoila,"1ha plot ngoila003, tag 310",10375,IRD plot,433,310,ngoila003
IMG_1742.JPG,130261,NA/8/2012,Trichoscypha patens (Oliv.) Engl.,2.63331,14.1403,50,Ngoila,"1ha plot ngoila003, tag 310",10375,IRD plot,433,310,ngoila003
IMG_1764.JPG,130299,NA/8/2012,Trichilia gilgiana Harms,2.63331,14.1403,50,Ngoila,"1ha plot ngoila003, tag 348",10341,IRD plot,399,348,ngoila003
IMG_1765.JPG,130299,NA/8/2012,Trichilia gilgiana Harms,2.63331,14.1403,50,Ngoila,"1ha plot ngoila003, tag 348",10341,IRD plot,399,348,ngoila003
IMG_1766.JPG,130299,NA/8/2012,Trichilia gilgiana Harms,2.63331,14.1403,50,Ngoila,"1ha plot ngoila003, tag 348",10341,IRD plot,399,348,ngoila003
IMG_1767.JPG,130310,NA/8/2012,Pterocarpus soyauxii Taub.,2.63331,14.1403,50,Ngoila,"1ha plot ngoila003, tag 359",10347,IRD plot,405,359,ngoila003
IMG_1768.JPG,130310,NA/8/2012,Pterocarpus soyauxii Taub.,2.63331,14.1403,50,Ngoila,"1ha plot ngoila003, tag 359",10347,IRD plot,405,359,ngoila003
IMG_1769.JPG,130310,NA/8/2012,Pterocarpus soyauxii Taub.,2.63331,14.1403,50,Ngoila,"1ha plot ngoila003, tag 359",10347,IRD plot,405,359,ngoila003
IMG_1770.JPG,130310,NA/8/2012,Pterocarpus soyauxii Taub.,2.63331,14.1403,50,Ngoila,"1ha plot ngoila003, tag 359",10347,IRD plot,405,359,ngoila003
IMG_1771.JPG,130310,NA/8/2012,Pterocarpus soyauxii Taub.,2.63331,14.1403,50,Ngoila,"1ha plot ngoila003, tag 359",10347,IRD plot,405,359,ngoila003
IMG_1772.JPG,130319,NA/8/2012,Afrostyrax lepidophyllus Mildbr.,2.63331,14.1403,50,Ngoila,"1ha plot ngoila003, tag 368",NA,NA,NA,368,ngoila003
IMG_1773.JPG,130319,NA/8/2012,Afrostyrax lepidophyllus Mildbr.,2.63331,14.1403,50,Ngoila,"1ha plot ngoila003, tag 368",NA,NA,NA,368,ngoila003
IMG_1774.JPG,130319,NA/8/2012,Afrostyrax lepidophyllus Mildbr.,2.63331,14.1403,50,Ngoila,"1ha plot ngoila003, tag 368",NA,NA,NA,368,ngoila003
IMG_1785.JPG,130323,NA/8/2012,Angylocalyx pynaertii De Wild.,2.63331,14.1403,50,Ngoila,"1ha plot ngoila003, tag 372",NA,NA,NA,372,ngoila003
IMG_1786.JPG,130323,NA/8/2012,Angylocalyx pynaertii De Wild.,2.63331,14.1403,50,Ngoila,"1ha plot ngoila003, tag 372",NA,NA,NA,372,ngoila003
IMG_1787.JPG,130323,NA/8/2012,Angylocalyx pynaertii De Wild.,2.63331,14.1403,50,Ngoila,"1ha plot ngoila003, tag 372",NA,NA,NA,372,ngoila003
IMG_1788.JPG,130323,NA/8/2012,Angylocalyx pynaertii De Wild.,2.63331,14.1403,50,Ngoila,"1ha plot ngoila003, tag 372",NA,NA,NA,372,ngoila003
IMG_1789.JPG,130323,NA/8/2012,Angylocalyx pynaertii De Wild.,2.63331,14.1403,50,Ngoila,"1ha plot ngoila003, tag 372",NA,NA,NA,372,ngoila003
IMG_1790.JPG,130326,NA/8/2012,Picralima nitida (Stapf) T.Durand & H.Durand,2.63331,14.1403,50,Ngoila,"1ha plot ngoila003, tag 374",NA,NA,NA,374,ngoila003
IMG_1791.JPG,130326,NA/8/2012,Picralima nitida (Stapf) T.Durand & H.Durand,2.63331,14.1403,50,Ngoila,"1ha plot ngoila003, tag 374",NA,NA,NA,374,ngoila003
IMG_1794.JPG,130326,NA/8/2012,Picralima nitida (Stapf) T.Durand & H.Durand,2.63331,14.1403,50,Ngoila,"1ha plot ngoila003, tag 374",NA,NA,NA,374,ngoila003
IMG_1869.JPG,130292,NA/8/2012,Sterculia tragacantha Lindl.,2.63331,14.1403,50,Ngoila,"1ha plot ngoila003, tag 341",10345,IRD plot,403,341,ngoila003
IMG_1870.JPG,130292,NA/8/2012,Sterculia tragacantha Lindl.,2.63331,14.1403,50,Ngoila,"1ha plot ngoila003, tag 341",10345,IRD plot,403,341,ngoila003
IMG_1871.JPG,130292,NA/8/2012,Sterculia tragacantha Lindl.,2.63331,14.1403,50,Ngoila,"1ha plot ngoila003, tag 341",10345,IRD plot,403,341,ngoila003
IMG_1872.JPG,130292,NA/8/2012,Sterculia tragacantha Lindl.,2.63331,14.1403,50,Ngoila,"1ha plot ngoila003, tag 341",10345,IRD plot,403,341,ngoila003
IMG_1873.JPG,130292,NA/8/2012,Sterculia tragacantha Lindl.,2.63331,14.1403,50,Ngoila,"1ha plot ngoila003, tag 341",10345,IRD plot,403,341,ngoila003
IMG_1874.JPG,130292,NA/8/2012,Sterculia tragacantha Lindl.,2.63331,14.1403,50,Ngoila,"1ha plot ngoila003, tag 341",10345,IRD plot,403,341,ngoila003
IMG_1875.JPG,130292,NA/8/2012,Sterculia tragacantha Lindl.,2.63331,14.1403,50,Ngoila,"1ha plot ngoila003, tag 341",10345,IRD plot,403,341,ngoila003
IMG_1876.JPG,130272,NA/8/2012,Petersianthus macrocarpus (P.Beauv.) Liben,2.63331,14.1403,50,Ngoila,"1ha plot ngoila003, tag 321",10344,IRD plot,402,321,ngoila003
IMG_1877.JPG,130272,NA/8/2012,Petersianthus macrocarpus (P.Beauv.) Liben,2.63331,14.1403,50,Ngoila,"1ha plot ngoila003, tag 321",10344,IRD plot,402,321,ngoila003
IMG_1878.JPG,130272,NA/8/2012,Petersianthus macrocarpus (P.Beauv.) Liben,2.63331,14.1403,50,Ngoila,"1ha plot ngoila003, tag 321",10344,IRD plot,402,321,ngoila003
IMG_1879.JPG,130272,NA/8/2012,Petersianthus macrocarpus (P.Beauv.) Liben,2.63331,14.1403,50,Ngoila,"1ha plot ngoila003, tag 321",10344,IRD plot,402,321,ngoila003
IMG_1880.JPG,130272,NA/8/2012,Petersianthus macrocarpus (P.Beauv.) Liben,2.63331,14.1403,50,Ngoila,"1ha plot ngoila003, tag 321",10344,IRD plot,402,321,ngoila003
IMG_1881.JPG,130272,NA/8/2012,Petersianthus macrocarpus (P.Beauv.) Liben,2.63331,14.1403,50,Ngoila,"1ha plot ngoila003, tag 321",10344,IRD plot,402,321,ngoila003
IMG_1882.JPG,130310,NA/8/2012,Pterocarpus soyauxii Taub.,2.63331,14.1403,50,Ngoila,"1ha plot ngoila003, tag 359",10347,IRD plot,405,359,ngoila003
IMG_1883.JPG,130310,NA/8/2012,Pterocarpus soyauxii Taub.,2.63331,14.1403,50,Ngoila,"1ha plot ngoila003, tag 359",10347,IRD plot,405,359,ngoila003
IMG_1884.JPG,130310,NA/8/2012,Pterocarpus soyauxii Taub.,2.63331,14.1403,50,Ngoila,"1ha plot ngoila003, tag 359",10347,IRD plot,405,359,ngoila003
IMG_1885.JPG,130310,NA/8/2012,Pterocarpus soyauxii Taub.,2.63331,14.1403,50,Ngoila,"1ha plot ngoila003, tag 359",10347,IRD plot,405,359,ngoila003
IMG_1886.JPG,130310,NA/8/2012,Pterocarpus soyauxii Taub.,2.63331,14.1403,50,Ngoila,"1ha plot ngoila003, tag 359",10347,IRD plot,405,359,ngoila003
IMG_1887.JPG,130310,NA/8/2012,Pterocarpus soyauxii Taub.,2.63331,14.1403,50,Ngoila,"1ha plot ngoila003, tag 359",10347,IRD plot,405,359,ngoila003
IMG_1888.JPG,130310,NA/8/2012,Pterocarpus soyauxii Taub.,2.63331,14.1403,50,Ngoila,"1ha plot ngoila003, tag 359",10347,IRD plot,405,359,ngoila003
IMG_1889.JPG,130309,NA/8/2012,Antidesma laciniatum Müll.Arg.,2.63331,14.1403,50,Ngoila,"1ha plot ngoila003, tag 358",10346,IRD plot,404,358,ngoila003
IMG_1890.JPG,130309,NA/8/2012,Antidesma laciniatum Müll.Arg.,2.63331,14.1403,50,Ngoila,"1ha plot ngoila003, tag 358",10346,IRD plot,404,358,ngoila003
IMG_1891.JPG,130309,NA/8/2012,Antidesma laciniatum Müll.Arg.,2.63331,14.1403,50,Ngoila,"1ha plot ngoila003, tag 358",10346,IRD plot,404,358,ngoila003
IMG_1892.JPG,130309,NA/8/2012,Antidesma laciniatum Müll.Arg.,2.63331,14.1403,50,Ngoila,"1ha plot ngoila003, tag 358",10346,IRD plot,404,358,ngoila003
IMG_1893.JPG,130309,NA/8/2012,Antidesma laciniatum Müll.Arg.,2.63331,14.1403,50,Ngoila,"1ha plot ngoila003, tag 358",10346,IRD plot,404,358,ngoila003
IMG_1894.JPG,130309,NA/8/2012,Antidesma laciniatum Müll.Arg.,2.63331,14.1403,50,Ngoila,"1ha plot ngoila003, tag 358",10346,IRD plot,404,358,ngoila003
IMG_1895.JPG,130309,NA/8/2012,Antidesma laciniatum Müll.Arg.,2.63331,14.1403,50,Ngoila,"1ha plot ngoila003, tag 358",10346,IRD plot,404,358,ngoila003
IMG_1896.JPG,130313,NA/8/2012,Greenwayodendron suaveolens (Engl. & Diels) Verdc.,2.63331,14.1403,50,Ngoila,"1ha plot ngoila003, tag 362",10348,IRD plot,406,362,ngoila003
IMG_1897.JPG,130313,NA/8/2012,Greenwayodendron suaveolens (Engl. & Diels) Verdc.,2.63331,14.1403,50,Ngoila,"1ha plot ngoila003, tag 362",10348,IRD plot,406,362,ngoila003
IMG_1898.JPG,130313,NA/8/2012,Greenwayodendron suaveolens (Engl. & Diels) Verdc.,2.63331,14.1403,50,Ngoila,"1ha plot ngoila003, tag 362",10348,IRD plot,406,362,ngoila003
IMG_1899.JPG,130313,NA/8/2012,Greenwayodendron suaveolens (Engl. & Diels) Verdc.,2.63331,14.1403,50,Ngoila,"1ha plot ngoila003, tag 362",10348,IRD plot,406,362,ngoila003
IMG_1900.JPG,130313,NA/8/2012,Greenwayodendron suaveolens (Engl. & Diels) Verdc.,2.63331,14.1403,50,Ngoila,"1ha plot ngoila003, tag 362",10348,IRD plot,406,362,ngoila003
IMG_1906.JPG,130247,NA/8/2012,NA,2.63331,14.1403,50,Ngoila,"1ha plot ngoila003, tag 297",10343,IRD plot,401,297,ngoila003
IMG_1907.JPG,130247,NA/8/2012,NA,2.63331,14.1403,50,Ngoila,"1ha plot ngoila003, tag 297",10343,IRD plot,401,297,ngoila003
IMG_1908.JPG,130247,NA/8/2012,NA,2.63331,14.1403,50,Ngoila,"1ha plot ngoila003, tag 297",10343,IRD plot,401,297,ngoila003
IMG_1909.JPG,130247,NA/8/2012,NA,2.63331,14.1403,50,Ngoila,"1ha plot ngoila003, tag 297",10343,IRD plot,401,297,ngoila003
IMG_1910.JPG,130247,NA/8/2012,NA,2.63331,14.1403,50,Ngoila,"1ha plot ngoila003, tag 297",10343,IRD plot,401,297,ngoila003
IMG_1911.JPG,130164,NA/8/2012,Trichilia gilgiana Harms,2.63331,14.1403,50,Ngoila,"1ha plot ngoila003, tag 215",10341,IRD plot,399,215,ngoila003
IMG_1912.JPG,130164,NA/8/2012,Trichilia gilgiana Harms,2.63331,14.1403,50,Ngoila,"1ha plot ngoila003, tag 215",10341,IRD plot,399,215,ngoila003
IMG_1913.JPG,130164,NA/8/2012,Trichilia gilgiana Harms,2.63331,14.1403,50,Ngoila,"1ha plot ngoila003, tag 215",10341,IRD plot,399,215,ngoila003
IMG_1914.JPG,130164,NA/8/2012,Trichilia gilgiana Harms,2.63331,14.1403,50,Ngoila,"1ha plot ngoila003, tag 215",10341,IRD plot,399,215,ngoila003
IMG_1915.JPG,130164,NA/8/2012,Trichilia gilgiana Harms,2.63331,14.1403,50,Ngoila,"1ha plot ngoila003, tag 215",10341,IRD plot,399,215,ngoila003
IMG_1916.JPG,130164,NA/8/2012,Trichilia gilgiana Harms,2.63331,14.1403,50,Ngoila,"1ha plot ngoila003, tag 215",10341,IRD plot,399,215,ngoila003
IMG_1917.JPG,130163,NA/8/2012,Drypetes occidentalis (Müll.Arg.) Hutch.,2.63331,14.1403,50,Ngoila,"1ha plot ngoila003, tag 214",10340,IRD plot,398,214,ngoila003
IMG_1918.JPG,130163,NA/8/2012,Drypetes occidentalis (Müll.Arg.) Hutch.,2.63331,14.1403,50,Ngoila,"1ha plot ngoila003, tag 214",10340,IRD plot,398,214,ngoila003
IMG_1919.JPG,130163,NA/8/2012,Drypetes occidentalis (Müll.Arg.) Hutch.,2.63331,14.1403,50,Ngoila,"1ha plot ngoila003, tag 214",10340,IRD plot,398,214,ngoila003
IMG_1920.JPG,130163,NA/8/2012,Drypetes occidentalis (Müll.Arg.) Hutch.,2.63331,14.1403,50,Ngoila,"1ha plot ngoila003, tag 214",10340,IRD plot,398,214,ngoila003
IMG_1921.JPG,130163,NA/8/2012,Drypetes occidentalis (Müll.Arg.) Hutch.,2.63331,14.1403,50,Ngoila,"1ha plot ngoila003, tag 214",10340,IRD plot,398,214,ngoila003
IMG_1922.JPG,130163,NA/8/2012,Drypetes occidentalis (Müll.Arg.) Hutch.,2.63331,14.1403,50,Ngoila,"1ha plot ngoila003, tag 214",10340,IRD plot,398,214,ngoila003
IMG_1923.JPG,130163,NA/8/2012,Drypetes occidentalis (Müll.Arg.) Hutch.,2.63331,14.1403,50,Ngoila,"1ha plot ngoila003, tag 214",10340,IRD plot,398,214,ngoila003
IMG_1924.JPG,130160,NA/8/2012,Hymenocardia lyrata Tul.,2.63331,14.1403,50,Ngoila,"1ha plot ngoila003, tag 211",10339,IRD plot,397,211,ngoila003
IMG_1925.JPG,130160,NA/8/2012,Hymenocardia lyrata Tul.,2.63331,14.1403,50,Ngoila,"1ha plot ngoila003, tag 211",10339,IRD plot,397,211,ngoila003
IMG_1926.JPG,130160,NA/8/2012,Hymenocardia lyrata Tul.,2.63331,14.1403,50,Ngoila,"1ha plot ngoila003, tag 211",10339,IRD plot,397,211,ngoila003
IMG_1927.JPG,130160,NA/8/2012,Hymenocardia lyrata Tul.,2.63331,14.1403,50,Ngoila,"1ha plot ngoila003, tag 211",10339,IRD plot,397,211,ngoila003
IMG_1928.JPG,130160,NA/8/2012,Hymenocardia lyrata Tul.,2.63331,14.1403,50,Ngoila,"1ha plot ngoila003, tag 211",10339,IRD plot,397,211,ngoila003
IMG_1929.JPG,130158,NA/8/2012,Aoranthe cladantha (K.Schum.) Somers,2.63331,14.1403,50,Ngoila,"1ha plot ngoila003, tag 209",10337,IRD plot,395,209,ngoila003
IMG_1930.JPG,130158,NA/8/2012,Aoranthe cladantha (K.Schum.) Somers,2.63331,14.1403,50,Ngoila,"1ha plot ngoila003, tag 209",10337,IRD plot,395,209,ngoila003
IMG_1931.JPG,130158,NA/8/2012,Aoranthe cladantha (K.Schum.) Somers,2.63331,14.1403,50,Ngoila,"1ha plot ngoila003, tag 209",10337,IRD plot,395,209,ngoila003
IMG_1932.JPG,130158,NA/8/2012,Aoranthe cladantha (K.Schum.) Somers,2.63331,14.1403,50,Ngoila,"1ha plot ngoila003, tag 209",10337,IRD plot,395,209,ngoila003
IMG_1933.JPG,130158,NA/8/2012,Aoranthe cladantha (K.Schum.) Somers,2.63331,14.1403,50,Ngoila,"1ha plot ngoila003, tag 209",10337,IRD plot,395,209,ngoila003
IMG_1934.JPG,130174,NA/8/2012,Macaranga monandra Müll.Arg.,2.63331,14.1403,50,Ngoila,"1ha plot ngoila003, tag 225",10342,IRD plot,400,225,ngoila003
IMG_1935.JPG,130174,NA/8/2012,Macaranga monandra Müll.Arg.,2.63331,14.1403,50,Ngoila,"1ha plot ngoila003, tag 225",10342,IRD plot,400,225,ngoila003
IMG_1936.JPG,130174,NA/8/2012,Macaranga monandra Müll.Arg.,2.63331,14.1403,50,Ngoila,"1ha plot ngoila003, tag 225",10342,IRD plot,400,225,ngoila003
IMG_1937.JPG,130174,NA/8/2012,Macaranga monandra Müll.Arg.,2.63331,14.1403,50,Ngoila,"1ha plot ngoila003, tag 225",10342,IRD plot,400,225,ngoila003
IMG_1938.JPG,130174,NA/8/2012,Macaranga monandra Müll.Arg.,2.63331,14.1403,50,Ngoila,"1ha plot ngoila003, tag 225",10342,IRD plot,400,225,ngoila003
IMG_1939.JPG,130174,NA/8/2012,Macaranga monandra Müll.Arg.,2.63331,14.1403,50,Ngoila,"1ha plot ngoila003, tag 225",10342,IRD plot,400,225,ngoila003
IMG_1940.JPG,130174,NA/8/2012,Macaranga monandra Müll.Arg.,2.63331,14.1403,50,Ngoila,"1ha plot ngoila003, tag 225",10342,IRD plot,400,225,ngoila003
IMG_1941.JPG,130159,NA/8/2012,Santiria ebo (Pierre) H.J.Lam,2.63331,14.1403,50,Ngoila,"1ha plot ngoila003, tag 210",10338,IRD plot,396,210,ngoila003
IMG_1942.JPG,130159,NA/8/2012,Santiria ebo (Pierre) H.J.Lam,2.63331,14.1403,50,Ngoila,"1ha plot ngoila003, tag 210",10338,IRD plot,396,210,ngoila003
IMG_1943.JPG,130159,NA/8/2012,Santiria ebo (Pierre) H.J.Lam,2.63331,14.1403,50,Ngoila,"1ha plot ngoila003, tag 210",10338,IRD plot,396,210,ngoila003
IMG_1944.JPG,130159,NA/8/2012,Santiria ebo (Pierre) H.J.Lam,2.63331,14.1403,50,Ngoila,"1ha plot ngoila003, tag 210",10338,IRD plot,396,210,ngoila003
IMG_1945.JPG,130159,NA/8/2012,Santiria ebo (Pierre) H.J.Lam,2.63331,14.1403,50,Ngoila,"1ha plot ngoila003, tag 210",10338,IRD plot,396,210,ngoila003
IMG_1946.JPG,130058,NA/8/2012,Hymenocardia lyrata Tul.,2.63331,14.1403,50,Ngoila,"1ha plot ngoila003, tag 110",10332,IRD plot,390,110,ngoila003
IMG_1947.JPG,130058,NA/8/2012,Hymenocardia lyrata Tul.,2.63331,14.1403,50,Ngoila,"1ha plot ngoila003, tag 110",10332,IRD plot,390,110,ngoila003
IMG_1948.JPG,130058,NA/8/2012,Hymenocardia lyrata Tul.,2.63331,14.1403,50,Ngoila,"1ha plot ngoila003, tag 110",10332,IRD plot,390,110,ngoila003
IMG_1949.JPG,130058,NA/8/2012,Hymenocardia lyrata Tul.,2.63331,14.1403,50,Ngoila,"1ha plot ngoila003, tag 110",10332,IRD plot,390,110,ngoila003
IMG_1950.JPG,130058,NA/8/2012,Hymenocardia lyrata Tul.,2.63331,14.1403,50,Ngoila,"1ha plot ngoila003, tag 110",10332,IRD plot,390,110,ngoila003
IMG_1951.JPG,130058,NA/8/2012,Hymenocardia lyrata Tul.,2.63331,14.1403,50,Ngoila,"1ha plot ngoila003, tag 110",10332,IRD plot,390,110,ngoila003
IMG_1952.JPG,130068,NA/8/2012,NA,2.63331,14.1403,50,Ngoila,"1ha plot ngoila003, tag 120",10333,IRD plot,391,120,ngoila003
IMG_1953.JPG,130068,NA/8/2012,NA,2.63331,14.1403,50,Ngoila,"1ha plot ngoila003, tag 120",10333,IRD plot,391,120,ngoila003
IMG_1954.JPG,130068,NA/8/2012,NA,2.63331,14.1403,50,Ngoila,"1ha plot ngoila003, tag 120",10333,IRD plot,391,120,ngoila003
IMG_1955.JPG,130068,NA/8/2012,NA,2.63331,14.1403,50,Ngoila,"1ha plot ngoila003, tag 120",10333,IRD plot,391,120,ngoila003
IMG_1956.JPG,130068,NA/8/2012,NA,2.63331,14.1403,50,Ngoila,"1ha plot ngoila003, tag 120",10333,IRD plot,391,120,ngoila003
IMG_1957.JPG,130140,NA/8/2012,Psychotria gilletii De Wild.,2.63331,14.1403,50,Ngoila,"1ha plot ngoila003, tag 191",10334,IRD plot,392,191,ngoila003
IMG_1958.JPG,130140,NA/8/2012,Psychotria gilletii De Wild.,2.63331,14.1403,50,Ngoila,"1ha plot ngoila003, tag 191",10334,IRD plot,392,191,ngoila003
IMG_1959.JPG,130140,NA/8/2012,Psychotria gilletii De Wild.,2.63331,14.1403,50,Ngoila,"1ha plot ngoila003, tag 191",10334,IRD plot,392,191,ngoila003
IMG_1960.JPG,130140,NA/8/2012,Psychotria gilletii De Wild.,2.63331,14.1403,50,Ngoila,"1ha plot ngoila003, tag 191",10334,IRD plot,392,191,ngoila003
IMG_1961.JPG,130140,NA/8/2012,Psychotria gilletii De Wild.,2.63331,14.1403,50,Ngoila,"1ha plot ngoila003, tag 191",10334,IRD plot,392,191,ngoila003
IMG_1962.JPG,130140,NA/8/2012,Psychotria gilletii De Wild.,2.63331,14.1403,50,Ngoila,"1ha plot ngoila003, tag 191",10334,IRD plot,392,191,ngoila003
IMG_1963.JPG,130140,NA/8/2012,Psychotria gilletii De Wild.,2.63331,14.1403,50,Ngoila,"1ha plot ngoila003, tag 191",10334,IRD plot,392,191,ngoila003
IMG_1964.JPG,130140,NA/8/2012,Psychotria gilletii De Wild.,2.63331,14.1403,50,Ngoila,"1ha plot ngoila003, tag 191",10334,IRD plot,392,191,ngoila003
IMG_1965.JPG,130140,NA/8/2012,Psychotria gilletii De Wild.,2.63331,14.1403,50,Ngoila,"1ha plot ngoila003, tag 191",10334,IRD plot,392,191,ngoila003
IMG_1966.JPG,130169,NA/8/2012,Bombax brevicuspe Sprague,2.63331,14.1403,50,Ngoila,"1ha plot ngoila003, tag 220",10326,IRD plot,384,220,ngoila003
IMG_1967.JPG,130169,NA/8/2012,Bombax brevicuspe Sprague,2.63331,14.1403,50,Ngoila,"1ha plot ngoila003, tag 220",10326,IRD plot,384,220,ngoila003
IMG_1968.JPG,130169,NA/8/2012,Bombax brevicuspe Sprague,2.63331,14.1403,50,Ngoila,"1ha plot ngoila003, tag 220",10326,IRD plot,384,220,ngoila003
IMG_1969.JPG,130169,NA/8/2012,Bombax brevicuspe Sprague,2.63331,14.1403,50,Ngoila,"1ha plot ngoila003, tag 220",10326,IRD plot,384,220,ngoila003
IMG_1970.JPG,130169,NA/8/2012,Bombax brevicuspe Sprague,2.63331,14.1403,50,Ngoila,"1ha plot ngoila003, tag 220",10326,IRD plot,384,220,ngoila003
IMG_1971.JPG,130169,NA/8/2012,Bombax brevicuspe Sprague,2.63331,14.1403,50,Ngoila,"1ha plot ngoila003, tag 220",10326,IRD plot,384,220,ngoila003
IMG_1972.JPG,130055,NA/8/2012,Klainedoxa gabonensis Pierre,2.63331,14.1403,50,Ngoila,"1ha plot ngoila003, tag 107",10331,IRD plot,389,107,ngoila003
IMG_1973.JPG,130055,NA/8/2012,Klainedoxa gabonensis Pierre,2.63331,14.1403,50,Ngoila,"1ha plot ngoila003, tag 107",10331,IRD plot,389,107,ngoila003
IMG_1974.JPG,130055,NA/8/2012,Klainedoxa gabonensis Pierre,2.63331,14.1403,50,Ngoila,"1ha plot ngoila003, tag 107",10331,IRD plot,389,107,ngoila003
IMG_1975.JPG,130055,NA/8/2012,Klainedoxa gabonensis Pierre,2.63331,14.1403,50,Ngoila,"1ha plot ngoila003, tag 107",10331,IRD plot,389,107,ngoila003
IMG_1976.JPG,130055,NA/8/2012,Klainedoxa gabonensis Pierre,2.63331,14.1403,50,Ngoila,"1ha plot ngoila003, tag 107",10331,IRD plot,389,107,ngoila003
IMG_1977.JPG,130055,NA/8/2012,Klainedoxa gabonensis Pierre,2.63331,14.1403,50,Ngoila,"1ha plot ngoila003, tag 107",10331,IRD plot,389,107,ngoila003
IMG_1978.JPG,130055,NA/8/2012,Klainedoxa gabonensis Pierre,2.63331,14.1403,50,Ngoila,"1ha plot ngoila003, tag 107",10331,IRD plot,389,107,ngoila003
IMG_1979.JPG,130151,NA/8/2012,Chrysophyllum boukokoense (Aubrév. & Pellegr.) L.Gaut.,2.63331,14.1403,50,Ngoila,"1ha plot ngoila003, tag 202",10336,IRD plot,394,202,ngoila003
IMG_1980.JPG,130151,NA/8/2012,Chrysophyllum boukokoense (Aubrév. & Pellegr.) L.Gaut.,2.63331,14.1403,50,Ngoila,"1ha plot ngoila003, tag 202",10336,IRD plot,394,202,ngoila003
IMG_1981.JPG,130151,NA/8/2012,Chrysophyllum boukokoense (Aubrév. & Pellegr.) L.Gaut.,2.63331,14.1403,50,Ngoila,"1ha plot ngoila003, tag 202",10336,IRD plot,394,202,ngoila003
IMG_1982.JPG,130151,NA/8/2012,Chrysophyllum boukokoense (Aubrév. & Pellegr.) L.Gaut.,2.63331,14.1403,50,Ngoila,"1ha plot ngoila003, tag 202",10336,IRD plot,394,202,ngoila003
IMG_1983.JPG,130151,NA/8/2012,Chrysophyllum boukokoense (Aubrév. & Pellegr.) L.Gaut.,2.63331,14.1403,50,Ngoila,"1ha plot ngoila003, tag 202",10336,IRD plot,394,202,ngoila003
IMG_1984.JPG,130151,NA/8/2012,Chrysophyllum boukokoense (Aubrév. & Pellegr.) L.Gaut.,2.63331,14.1403,50,Ngoila,"1ha plot ngoila003, tag 202",10336,IRD plot,394,202,ngoila003
IMG_1985.JPG,130050,NA/8/2012,Quassia gabonensis Pierre,2.63331,14.1403,50,Ngoila,"1ha plot ngoila003, tag 102",10330,IRD plot,388,102,ngoila003
IMG_1986.JPG,130050,NA/8/2012,Quassia gabonensis Pierre,2.63331,14.1403,50,Ngoila,"1ha plot ngoila003, tag 102",10330,IRD plot,388,102,ngoila003
IMG_1987.JPG,130050,NA/8/2012,Quassia gabonensis Pierre,2.63331,14.1403,50,Ngoila,"1ha plot ngoila003, tag 102",10330,IRD plot,388,102,ngoila003
IMG_1988.JPG,130050,NA/8/2012,Quassia gabonensis Pierre,2.63331,14.1403,50,Ngoila,"1ha plot ngoila003, tag 102",10330,IRD plot,388,102,ngoila003
IMG_1989.JPG,130050,NA/8/2012,Quassia gabonensis Pierre,2.63331,14.1403,50,Ngoila,"1ha plot ngoila003, tag 102",10330,IRD plot,388,102,ngoila003
IMG_1990.JPG,130050,NA/8/2012,Quassia gabonensis Pierre,2.63331,14.1403,50,Ngoila,"1ha plot ngoila003, tag 102",10330,IRD plot,388,102,ngoila003
IMG_1991.JPG,130007,NA/8/2012,Klaineanthus gabonii Pierre,2.63331,14.1403,50,Ngoila,"1ha plot ngoila003, tag 59",10328,IRD plot,386,59,ngoila003
IMG_1992.JPG,130007,NA/8/2012,Klaineanthus gabonii Pierre,2.63331,14.1403,50,Ngoila,"1ha plot ngoila003, tag 59",10328,IRD plot,386,59,ngoila003
IMG_1993.JPG,130007,NA/8/2012,Klaineanthus gabonii Pierre,2.63331,14.1403,50,Ngoila,"1ha plot ngoila003, tag 59",10328,IRD plot,386,59,ngoila003
IMG_1994.JPG,130007,NA/8/2012,Klaineanthus gabonii Pierre,2.63331,14.1403,50,Ngoila,"1ha plot ngoila003, tag 59",10328,IRD plot,386,59,ngoila003
IMG_1995.JPG,130007,NA/8/2012,Klaineanthus gabonii Pierre,2.63331,14.1403,50,Ngoila,"1ha plot ngoila003, tag 59",10328,IRD plot,386,59,ngoila003
IMG_1996.JPG,130007,NA/8/2012,Klaineanthus gabonii Pierre,2.63331,14.1403,50,Ngoila,"1ha plot ngoila003, tag 59",10328,IRD plot,386,59,ngoila003
IMG_1997.JPG,130007,NA/8/2012,Klaineanthus gabonii Pierre,2.63331,14.1403,50,Ngoila,"1ha plot ngoila003, tag 59",10328,IRD plot,386,59,ngoila003
IMG_1998.JPG,129985,NA/8/2012,Desbordesia glaucescens (Engl.) Tiegh.,2.63331,14.1403,50,Ngoila,"1ha plot ngoila003, tag 37",10324,IRD plot,382,37,ngoila003
IMG_1999.JPG,129985,NA/8/2012,Desbordesia glaucescens (Engl.) Tiegh.,2.63331,14.1403,50,Ngoila,"1ha plot ngoila003, tag 37",10324,IRD plot,382,37,ngoila003
IMG_2000.JPG,129985,NA/8/2012,Desbordesia glaucescens (Engl.) Tiegh.,2.63331,14.1403,50,Ngoila,"1ha plot ngoila003, tag 37",10324,IRD plot,382,37,ngoila003
IMG_2001.JPG,129985,NA/8/2012,Desbordesia glaucescens (Engl.) Tiegh.,2.63331,14.1403,50,Ngoila,"1ha plot ngoila003, tag 37",10324,IRD plot,382,37,ngoila003
IMG_2002.JPG,129985,NA/8/2012,Desbordesia glaucescens (Engl.) Tiegh.,2.63331,14.1403,50,Ngoila,"1ha plot ngoila003, tag 37",10324,IRD plot,382,37,ngoila003
IMG_2003.JPG,129985,NA/8/2012,Desbordesia glaucescens (Engl.) Tiegh.,2.63331,14.1403,50,Ngoila,"1ha plot ngoila003, tag 37",10324,IRD plot,382,37,ngoila003
IMG_2004.JPG,129986,NA/8/2012,Santiria ebo (Pierre) H.J.Lam,2.63331,14.1403,50,Ngoila,"1ha plot ngoila003, tag 38",10325,IRD plot,383,38,ngoila003
IMG_2005.JPG,129986,NA/8/2012,Santiria ebo (Pierre) H.J.Lam,2.63331,14.1403,50,Ngoila,"1ha plot ngoila003, tag 38",10325,IRD plot,383,38,ngoila003
IMG_2006.JPG,129986,NA/8/2012,Santiria ebo (Pierre) H.J.Lam,2.63331,14.1403,50,Ngoila,"1ha plot ngoila003, tag 38",10325,IRD plot,383,38,ngoila003
IMG_2007.JPG,129986,NA/8/2012,Santiria ebo (Pierre) H.J.Lam,2.63331,14.1403,50,Ngoila,"1ha plot ngoila003, tag 38",10325,IRD plot,383,38,ngoila003
IMG_2008.JPG,129986,NA/8/2012,Santiria ebo (Pierre) H.J.Lam,2.63331,14.1403,50,Ngoila,"1ha plot ngoila003, tag 38",10325,IRD plot,383,38,ngoila003
IMG_2009.JPG,129986,NA/8/2012,Santiria ebo (Pierre) H.J.Lam,2.63331,14.1403,50,Ngoila,"1ha plot ngoila003, tag 38",10325,IRD plot,383,38,ngoila003
IMG_2010.JPG,129986,NA/8/2012,Santiria ebo (Pierre) H.J.Lam,2.63331,14.1403,50,Ngoila,"1ha plot ngoila003, tag 38",10325,IRD plot,383,38,ngoila003
IMG_2011.JPG,129986,NA/8/2012,Santiria ebo (Pierre) H.J.Lam,2.63331,14.1403,50,Ngoila,"1ha plot ngoila003, tag 38",10325,IRD plot,383,38,ngoila003
IMG_2012.JPG,129986,NA/8/2012,Santiria ebo (Pierre) H.J.Lam,2.63331,14.1403,50,Ngoila,"1ha plot ngoila003, tag 38",10325,IRD plot,383,38,ngoila003
IMG_2013.JPG,129989,NA/8/2012,Bombax brevicuspe Sprague,2.63331,14.1403,50,Ngoila,"1ha plot ngoila003, tag 41",10326,IRD plot,384,41,ngoila003
IMG_2014.JPG,129989,NA/8/2012,Bombax brevicuspe Sprague,2.63331,14.1403,50,Ngoila,"1ha plot ngoila003, tag 41",10326,IRD plot,384,41,ngoila003
IMG_2015.JPG,129989,NA/8/2012,Bombax brevicuspe Sprague,2.63331,14.1403,50,Ngoila,"1ha plot ngoila003, tag 41",10326,IRD plot,384,41,ngoila003
IMG_2016.JPG,129989,NA/8/2012,Bombax brevicuspe Sprague,2.63331,14.1403,50,Ngoila,"1ha plot ngoila003, tag 41",10326,IRD plot,384,41,ngoila003
IMG_2017.JPG,129989,NA/8/2012,Bombax brevicuspe Sprague,2.63331,14.1403,50,Ngoila,"1ha plot ngoila003, tag 41",10326,IRD plot,384,41,ngoila003
IMG_2018.JPG,129989,NA/8/2012,Bombax brevicuspe Sprague,2.63331,14.1403,50,Ngoila,"1ha plot ngoila003, tag 41",10326,IRD plot,384,41,ngoila003
IMG_2019.JPG,129989,NA/8/2012,Bombax brevicuspe Sprague,2.63331,14.1403,50,Ngoila,"1ha plot ngoila003, tag 41",10326,IRD plot,384,41,ngoila003
IMG_2020.JPG,129989,NA/8/2012,Bombax brevicuspe Sprague,2.63331,14.1403,50,Ngoila,"1ha plot ngoila003, tag 41",10326,IRD plot,384,41,ngoila003
IMG_2021.JPG,129989,NA/8/2012,Bombax brevicuspe Sprague,2.63331,14.1403,50,Ngoila,"1ha plot ngoila003, tag 41",10326,IRD plot,384,41,ngoila003
IMG_2022.JPG,129974,NA/8/2012,Cola lateritia K.Schum.,2.63331,14.1403,50,Ngoila,"1ha plot ngoila003, tag 26",10322,IRD plot,380,26,ngoila003
IMG_2023.JPG,129974,NA/8/2012,Cola lateritia K.Schum.,2.63331,14.1403,50,Ngoila,"1ha plot ngoila003, tag 26",10322,IRD plot,380,26,ngoila003
IMG_2024.JPG,129974,NA/8/2012,Cola lateritia K.Schum.,2.63331,14.1403,50,Ngoila,"1ha plot ngoila003, tag 26",10322,IRD plot,380,26,ngoila003
IMG_2025.JPG,129974,NA/8/2012,Cola lateritia K.Schum.,2.63331,14.1403,50,Ngoila,"1ha plot ngoila003, tag 26",10322,IRD plot,380,26,ngoila003
IMG_2026.JPG,129974,NA/8/2012,Cola lateritia K.Schum.,2.63331,14.1403,50,Ngoila,"1ha plot ngoila003, tag 26",10322,IRD plot,380,26,ngoila003
IMG_2027.JPG,129974,NA/8/2012,Cola lateritia K.Schum.,2.63331,14.1403,50,Ngoila,"1ha plot ngoila003, tag 26",10322,IRD plot,380,26,ngoila003
IMG_2028.JPG,129974,NA/8/2012,Cola lateritia K.Schum.,2.63331,14.1403,50,Ngoila,"1ha plot ngoila003, tag 26",10322,IRD plot,380,26,ngoila003
IMG_2029.JPG,129974,NA/8/2012,Cola lateritia K.Schum.,2.63331,14.1403,50,Ngoila,"1ha plot ngoila003, tag 26",10322,IRD plot,380,26,ngoila003
IMG_2030.JPG,130036,NA/8/2012,Detarium macrocarpum Harms,2.63331,14.1403,50,Ngoila,"1ha plot ngoila003, tag 88",10329,IRD plot,387,88,ngoila003
IMG_2031.JPG,130036,NA/8/2012,Detarium macrocarpum Harms,2.63331,14.1403,50,Ngoila,"1ha plot ngoila003, tag 88",10329,IRD plot,387,88,ngoila003
IMG_2032.JPG,130036,NA/8/2012,Detarium macrocarpum Harms,2.63331,14.1403,50,Ngoila,"1ha plot ngoila003, tag 88",10329,IRD plot,387,88,ngoila003
IMG_2033.JPG,130036,NA/8/2012,Detarium macrocarpum Harms,2.63331,14.1403,50,Ngoila,"1ha plot ngoila003, tag 88",10329,IRD plot,387,88,ngoila003
IMG_2034.JPG,130036,NA/8/2012,Detarium macrocarpum Harms,2.63331,14.1403,50,Ngoila,"1ha plot ngoila003, tag 88",10329,IRD plot,387,88,ngoila003
IMG_2035.JPG,130036,NA/8/2012,Detarium macrocarpum Harms,2.63331,14.1403,50,Ngoila,"1ha plot ngoila003, tag 88",10329,IRD plot,387,88,ngoila003
IMG_2036.JPG,130036,NA/8/2012,Detarium macrocarpum Harms,2.63331,14.1403,50,Ngoila,"1ha plot ngoila003, tag 88",10329,IRD plot,387,88,ngoila003
IMG_2037.JPG,129963,NA/8/2012,Xylopia quintasii Pierre ex Engl. & Diels,2.63331,14.1403,50,Ngoila,"1ha plot ngoila003, tag 15",10321,IRD plot,379,15,ngoila003
IMG_2038.JPG,129963,NA/8/2012,Xylopia quintasii Pierre ex Engl. & Diels,2.63331,14.1403,50,Ngoila,"1ha plot ngoila003, tag 15",10321,IRD plot,379,15,ngoila003
IMG_2039.JPG,129963,NA/8/2012,Xylopia quintasii Pierre ex Engl. & Diels,2.63331,14.1403,50,Ngoila,"1ha plot ngoila003, tag 15",10321,IRD plot,379,15,ngoila003
IMG_2040.JPG,129963,NA/8/2012,Xylopia quintasii Pierre ex Engl. & Diels,2.63331,14.1403,50,Ngoila,"1ha plot ngoila003, tag 15",10321,IRD plot,379,15,ngoila003
IMG_2041.JPG,129963,NA/8/2012,Xylopia quintasii Pierre ex Engl. & Diels,2.63331,14.1403,50,Ngoila,"1ha plot ngoila003, tag 15",10321,IRD plot,379,15,ngoila003
IMG_2042.JPG,129963,NA/8/2012,Xylopia quintasii Pierre ex Engl. & Diels,2.63331,14.1403,50,Ngoila,"1ha plot ngoila003, tag 15",10321,IRD plot,379,15,ngoila003
IMG_2043.JPG,129963,NA/8/2012,Xylopia quintasii Pierre ex Engl. & Diels,2.63331,14.1403,50,Ngoila,"1ha plot ngoila003, tag 15",10321,IRD plot,379,15,ngoila003
IMG_2044.JPG,129955,NA/8/2012,NA,2.63331,14.1403,50,Ngoila,"1ha plot ngoila003, tag 7",10320,IRD plot,378,7,ngoila003
IMG_2045.JPG,129955,NA/8/2012,NA,2.63331,14.1403,50,Ngoila,"1ha plot ngoila003, tag 7",10320,IRD plot,378,7,ngoila003
IMG_2046.JPG,129955,NA/8/2012,NA,2.63331,14.1403,50,Ngoila,"1ha plot ngoila003, tag 7",10320,IRD plot,378,7,ngoila003
IMG_2047.JPG,129955,NA/8/2012,NA,2.63331,14.1403,50,Ngoila,"1ha plot ngoila003, tag 7",10320,IRD plot,378,7,ngoila003
IMG_2048.JPG,129955,NA/8/2012,NA,2.63331,14.1403,50,Ngoila,"1ha plot ngoila003, tag 7",10320,IRD plot,378,7,ngoila003
IMG_2049.JPG,129955,NA/8/2012,NA,2.63331,14.1403,50,Ngoila,"1ha plot ngoila003, tag 7",10320,IRD plot,378,7,ngoila003
IMG_2050.JPG,129955,NA/8/2012,NA,2.63331,14.1403,50,Ngoila,"1ha plot ngoila003, tag 7",10320,IRD plot,378,7,ngoila003
P8280078.JPG,171673,NA/NA/2015,Plagiostyles africana (Müll.Arg.) Prain,3.25671,10.4927,50,Atog-boga,"1ha plot atogboga001, tag 3",11626,IRD plot,1771,3,atogboga001
P8280079.JPG,171673,NA/NA/2015,Plagiostyles africana (Müll.Arg.) Prain,3.25671,10.4927,50,Atog-boga,"1ha plot atogboga001, tag 3",11626,IRD plot,1771,3,atogboga001
P8280080.JPG,171673,NA/NA/2015,Plagiostyles africana (Müll.Arg.) Prain,3.25671,10.4927,50,Atog-boga,"1ha plot atogboga001, tag 3",11626,IRD plot,1771,3,atogboga001
P8280081.JPG,171673,NA/NA/2015,Plagiostyles africana (Müll.Arg.) Prain,3.25671,10.4927,50,Atog-boga,"1ha plot atogboga001, tag 3",11626,IRD plot,1771,3,atogboga001
P8280082.JPG,171673,NA/NA/2015,Plagiostyles africana (Müll.Arg.) Prain,3.25671,10.4927,50,Atog-boga,"1ha plot atogboga001, tag 3",11626,IRD plot,1771,3,atogboga001
P8280083.JPG,171673,NA/NA/2015,Plagiostyles africana (Müll.Arg.) Prain,3.25671,10.4927,50,Atog-boga,"1ha plot atogboga001, tag 3",11626,IRD plot,1771,3,atogboga001
P8280084.JPG,171673,NA/NA/2015,Plagiostyles africana (Müll.Arg.) Prain,3.25671,10.4927,50,Atog-boga,"1ha plot atogboga001, tag 3",11626,IRD plot,1771,3,atogboga001
P8280085.JPG,171673,NA/NA/2015,Plagiostyles africana (Müll.Arg.) Prain,3.25671,10.4927,50,Atog-boga,"1ha plot atogboga001, tag 3",11626,IRD plot,1771,3,atogboga001
P8280086.JPG,171673,NA/NA/2015,Plagiostyles africana (Müll.Arg.) Prain,3.25671,10.4927,50,Atog-boga,"1ha plot atogboga001, tag 3",11626,IRD plot,1771,3,atogboga001
P8280087.JPG,171673,NA/NA/2015,Plagiostyles africana (Müll.Arg.) Prain,3.25671,10.4927,50,Atog-boga,"1ha plot atogboga001, tag 3",11626,IRD plot,1771,3,atogboga001
P8280088.JPG,171674,NA/NA/2015,Mareyopsis longifolia (Pax) Pax & K.Hoffm.,3.25671,10.4927,50,Atog-boga,"1ha plot atogboga001, tag 4",11665,IRD plot,1772,4,atogboga001
P8280089.JPG,171674,NA/NA/2015,Mareyopsis longifolia (Pax) Pax & K.Hoffm.,3.25671,10.4927,50,Atog-boga,"1ha plot atogboga001, tag 4",11665,IRD plot,1772,4,atogboga001
P8280090.JPG,171674,NA/NA/2015,Mareyopsis longifolia (Pax) Pax & K.Hoffm.,3.25671,10.4927,50,Atog-boga,"1ha plot atogboga001, tag 4",11665,IRD plot,1772,4,atogboga001
P8280091.JPG,171674,NA/NA/2015,Mareyopsis longifolia (Pax) Pax & K.Hoffm.,3.25671,10.4927,50,Atog-boga,"1ha plot atogboga001, tag 4",11665,IRD plot,1772,4,atogboga001
P8280092.JPG,171674,NA/NA/2015,Mareyopsis longifolia (Pax) Pax & K.Hoffm.,3.25671,10.4927,50,Atog-boga,"1ha plot atogboga001, tag 4",11665,IRD plot,1772,4,atogboga001
P8280093.JPG,171674,NA/NA/2015,Mareyopsis longifolia (Pax) Pax & K.Hoffm.,3.25671,10.4927,50,Atog-boga,"1ha plot atogboga001, tag 4",11665,IRD plot,1772,4,atogboga001
P8280094.JPG,171674,NA/NA/2015,Mareyopsis longifolia (Pax) Pax & K.Hoffm.,3.25671,10.4927,50,Atog-boga,"1ha plot atogboga001, tag 4",11665,IRD plot,1772,4,atogboga001
P8280095.JPG,171674,NA/NA/2015,Mareyopsis longifolia (Pax) Pax & K.Hoffm.,3.25671,10.4927,50,Atog-boga,"1ha plot atogboga001, tag 4",11665,IRD plot,1772,4,atogboga001
P8280096.JPG,171679,NA/NA/2015,Coula edulis Baill.,3.25671,10.4927,50,Atog-boga,"1ha plot atogboga001, tag 9",11615,IRD plot,1773,9,atogboga001
P8280097.JPG,171679,NA/NA/2015,Coula edulis Baill.,3.25671,10.4927,50,Atog-boga,"1ha plot atogboga001, tag 9",11615,IRD plot,1773,9,atogboga001
P8280098.JPG,171679,NA/NA/2015,Coula edulis Baill.,3.25671,10.4927,50,Atog-boga,"1ha plot atogboga001, tag 9",11615,IRD plot,1773,9,atogboga001
P8280099.JPG,171679,NA/NA/2015,Coula edulis Baill.,3.25671,10.4927,50,Atog-boga,"1ha plot atogboga001, tag 9",11615,IRD plot,1773,9,atogboga001
P8280100.JPG,171679,NA/NA/2015,Coula edulis Baill.,3.25671,10.4927,50,Atog-boga,"1ha plot atogboga001, tag 9",11615,IRD plot,1773,9,atogboga001
P8280101.JPG,171679,NA/NA/2015,Coula edulis Baill.,3.25671,10.4927,50,Atog-boga,"1ha plot atogboga001, tag 9",11615,IRD plot,1773,9,atogboga001
P8280102.JPG,171679,NA/NA/2015,Coula edulis Baill.,3.25671,10.4927,50,Atog-boga,"1ha plot atogboga001, tag 9",11615,IRD plot,1773,9,atogboga001
P8280103.JPG,171679,NA/NA/2015,Coula edulis Baill.,3.25671,10.4927,50,Atog-boga,"1ha plot atogboga001, tag 9",11615,IRD plot,1773,9,atogboga001
P8280106.JPG,171682,NA/NA/2015,Annea afzelii (Oliv.) Mackinder & Wieringa,3.25671,10.4927,50,Atog-boga,"1ha plot atogboga001, tag 12",11683,IRD plot,1774,12,atogboga001
P8280107.JPG,171682,NA/NA/2015,Annea afzelii (Oliv.) Mackinder & Wieringa,3.25671,10.4927,50,Atog-boga,"1ha plot atogboga001, tag 12",11683,IRD plot,1774,12,atogboga001
P8280108.JPG,171682,NA/NA/2015,Annea afzelii (Oliv.) Mackinder & Wieringa,3.25671,10.4927,50,Atog-boga,"1ha plot atogboga001, tag 12",11683,IRD plot,1774,12,atogboga001
P8280109.JPG,171682,NA/NA/2015,Annea afzelii (Oliv.) Mackinder & Wieringa,3.25671,10.4927,50,Atog-boga,"1ha plot atogboga001, tag 12",11683,IRD plot,1774,12,atogboga001
P8280110.JPG,171682,NA/NA/2015,Annea afzelii (Oliv.) Mackinder & Wieringa,3.25671,10.4927,50,Atog-boga,"1ha plot atogboga001, tag 12",11683,IRD plot,1774,12,atogboga001
P8280111.JPG,171682,NA/NA/2015,Annea afzelii (Oliv.) Mackinder & Wieringa,3.25671,10.4927,50,Atog-boga,"1ha plot atogboga001, tag 12",11683,IRD plot,1774,12,atogboga001
P8280112.JPG,171682,NA/NA/2015,Annea afzelii (Oliv.) Mackinder & Wieringa,3.25671,10.4927,50,Atog-boga,"1ha plot atogboga001, tag 12",11683,IRD plot,1774,12,atogboga001
P8280113.JPG,171682,NA/NA/2015,Annea afzelii (Oliv.) Mackinder & Wieringa,3.25671,10.4927,50,Atog-boga,"1ha plot atogboga001, tag 12",11683,IRD plot,1774,12,atogboga001
P8280114.JPG,171682,NA/NA/2015,Annea afzelii (Oliv.) Mackinder & Wieringa,3.25671,10.4927,50,Atog-boga,"1ha plot atogboga001, tag 12",11683,IRD plot,1774,12,atogboga001
P8280115.JPG,171682,NA/NA/2015,Annea afzelii (Oliv.) Mackinder & Wieringa,3.25671,10.4927,50,Atog-boga,"1ha plot atogboga001, tag 12",11683,IRD plot,1774,12,atogboga001
P8280116.JPG,171682,NA/NA/2015,Annea afzelii (Oliv.) Mackinder & Wieringa,3.25671,10.4927,50,Atog-boga,"1ha plot atogboga001, tag 12",11683,IRD plot,1774,12,atogboga001
P8280117.JPG,171682,NA/NA/2015,Annea afzelii (Oliv.) Mackinder & Wieringa,3.25671,10.4927,50,Atog-boga,"1ha plot atogboga001, tag 12",11683,IRD plot,1774,12,atogboga001
P8280118.JPG,171682,NA/NA/2015,Annea afzelii (Oliv.) Mackinder & Wieringa,3.25671,10.4927,50,Atog-boga,"1ha plot atogboga001, tag 12",11683,IRD plot,1774,12,atogboga001
P8280119.JPG,171682,NA/NA/2015,Annea afzelii (Oliv.) Mackinder & Wieringa,3.25671,10.4927,50,Atog-boga,"1ha plot atogboga001, tag 12",11683,IRD plot,1774,12,atogboga001
P8280120.JPG,171682,NA/NA/2015,Annea afzelii (Oliv.) Mackinder & Wieringa,3.25671,10.4927,50,Atog-boga,"1ha plot atogboga001, tag 12",11683,IRD plot,1774,12,atogboga001
P8280121.JPG,171688,NA/NA/2015,NA,3.25671,10.4927,50,Atog-boga,"1ha plot atogboga001, tag 18",11684,IRD plot,1775,18,atogboga001
P8280122.JPG,171688,NA/NA/2015,NA,3.25671,10.4927,50,Atog-boga,"1ha plot atogboga001, tag 18",11684,IRD plot,1775,18,atogboga001
P8280123.JPG,171688,NA/NA/2015,NA,3.25671,10.4927,50,Atog-boga,"1ha plot atogboga001, tag 18",11684,IRD plot,1775,18,atogboga001
P8280124.JPG,171688,NA/NA/2015,NA,3.25671,10.4927,50,Atog-boga,"1ha plot atogboga001, tag 18",11684,IRD plot,1775,18,atogboga001
P8280125.JPG,171688,NA/NA/2015,NA,3.25671,10.4927,50,Atog-boga,"1ha plot atogboga001, tag 18",11684,IRD plot,1775,18,atogboga001
P8280126.JPG,171688,NA/NA/2015,NA,3.25671,10.4927,50,Atog-boga,"1ha plot atogboga001, tag 18",11684,IRD plot,1775,18,atogboga001
P8280127.JPG,171688,NA/NA/2015,NA,3.25671,10.4927,50,Atog-boga,"1ha plot atogboga001, tag 18",11684,IRD plot,1775,18,atogboga001
P8280128.JPG,171688,NA/NA/2015,NA,3.25671,10.4927,50,Atog-boga,"1ha plot atogboga001, tag 18",11684,IRD plot,1775,18,atogboga001
P8280133.JPG,171698,NA/NA/2015,Julbernardia pellegriniana Troupin,3.25671,10.4927,50,Atog-boga,"1ha plot atogboga001, tag 28",11650,IRD plot,1780,28,atogboga001
P8280134.JPG,171698,NA/NA/2015,Julbernardia pellegriniana Troupin,3.25671,10.4927,50,Atog-boga,"1ha plot atogboga001, tag 28",11650,IRD plot,1780,28,atogboga001
P8280135.JPG,171698,NA/NA/2015,Julbernardia pellegriniana Troupin,3.25671,10.4927,50,Atog-boga,"1ha plot atogboga001, tag 28",11650,IRD plot,1780,28,atogboga001
P8280136.JPG,171698,NA/NA/2015,Julbernardia pellegriniana Troupin,3.25671,10.4927,50,Atog-boga,"1ha plot atogboga001, tag 28",11650,IRD plot,1780,28,atogboga001
P8280137.JPG,171698,NA/NA/2015,Julbernardia pellegriniana Troupin,3.25671,10.4927,50,Atog-boga,"1ha plot atogboga001, tag 28",11650,IRD plot,1780,28,atogboga001
P8280138.JPG,171698,NA/NA/2015,Julbernardia pellegriniana Troupin,3.25671,10.4927,50,Atog-boga,"1ha plot atogboga001, tag 28",11650,IRD plot,1780,28,atogboga001
P8280139.JPG,171698,NA/NA/2015,Julbernardia pellegriniana Troupin,3.25671,10.4927,50,Atog-boga,"1ha plot atogboga001, tag 28",11650,IRD plot,1780,28,atogboga001
P8280140.JPG,171698,NA/NA/2015,Julbernardia pellegriniana Troupin,3.25671,10.4927,50,Atog-boga,"1ha plot atogboga001, tag 28",11650,IRD plot,1780,28,atogboga001
P8280141.JPG,171698,NA/NA/2015,Julbernardia pellegriniana Troupin,3.25671,10.4927,50,Atog-boga,"1ha plot atogboga001, tag 28",11650,IRD plot,1780,28,atogboga001
P8280142.JPG,171698,NA/NA/2015,Julbernardia pellegriniana Troupin,3.25671,10.4927,50,Atog-boga,"1ha plot atogboga001, tag 28",11650,IRD plot,1780,28,atogboga001
P8280143.JPG,171692,NA/NA/2015,Mareyopsis longifolia (Pax) Pax & K.Hoffm.,3.25671,10.4927,50,Atog-boga,"1ha plot atogboga001, tag 22",11642,IRD plot,1776,22,atogboga001
P8280144.JPG,171692,NA/NA/2015,Mareyopsis longifolia (Pax) Pax & K.Hoffm.,3.25671,10.4927,50,Atog-boga,"1ha plot atogboga001, tag 22",11642,IRD plot,1776,22,atogboga001
P8280145.JPG,171692,NA/NA/2015,Mareyopsis longifolia (Pax) Pax & K.Hoffm.,3.25671,10.4927,50,Atog-boga,"1ha plot atogboga001, tag 22",11642,IRD plot,1776,22,atogboga001
P8280146.JPG,171692,NA/NA/2015,Mareyopsis longifolia (Pax) Pax & K.Hoffm.,3.25671,10.4927,50,Atog-boga,"1ha plot atogboga001, tag 22",11642,IRD plot,1776,22,atogboga001
P8280147.JPG,171692,NA/NA/2015,Mareyopsis longifolia (Pax) Pax & K.Hoffm.,3.25671,10.4927,50,Atog-boga,"1ha plot atogboga001, tag 22",11642,IRD plot,1776,22,atogboga001
P8280148.JPG,171692,NA/NA/2015,Mareyopsis longifolia (Pax) Pax & K.Hoffm.,3.25671,10.4927,50,Atog-boga,"1ha plot atogboga001, tag 22",11642,IRD plot,1776,22,atogboga001
P8280149.JPG,171692,NA/NA/2015,Mareyopsis longifolia (Pax) Pax & K.Hoffm.,3.25671,10.4927,50,Atog-boga,"1ha plot atogboga001, tag 22",11642,IRD plot,1776,22,atogboga001
P8280150.JPG,171692,NA/NA/2015,Mareyopsis longifolia (Pax) Pax & K.Hoffm.,3.25671,10.4927,50,Atog-boga,"1ha plot atogboga001, tag 22",11642,IRD plot,1776,22,atogboga001
P8280151.JPG,171692,NA/NA/2015,Mareyopsis longifolia (Pax) Pax & K.Hoffm.,3.25671,10.4927,50,Atog-boga,"1ha plot atogboga001, tag 22",11642,IRD plot,1776,22,atogboga001
P8280152.JPG,171692,NA/NA/2015,Mareyopsis longifolia (Pax) Pax & K.Hoffm.,3.25671,10.4927,50,Atog-boga,"1ha plot atogboga001, tag 22",11642,IRD plot,1776,22,atogboga001
P8280153.JPG,171693,NA/NA/2015,Coelocaryon preussii Warb.,3.25671,10.4927,50,Atog-boga,"1ha plot atogboga001, tag 23",11622,IRD plot,1777,23,atogboga001
P8280154.JPG,171693,NA/NA/2015,Coelocaryon preussii Warb.,3.25671,10.4927,50,Atog-boga,"1ha plot atogboga001, tag 23",11622,IRD plot,1777,23,atogboga001
P8280155.JPG,171693,NA/NA/2015,Coelocaryon preussii Warb.,3.25671,10.4927,50,Atog-boga,"1ha plot atogboga001, tag 23",11622,IRD plot,1777,23,atogboga001
P8280156.JPG,171693,NA/NA/2015,Coelocaryon preussii Warb.,3.25671,10.4927,50,Atog-boga,"1ha plot atogboga001, tag 23",11622,IRD plot,1777,23,atogboga001
P8280157.JPG,171693,NA/NA/2015,Coelocaryon preussii Warb.,3.25671,10.4927,50,Atog-boga,"1ha plot atogboga001, tag 23",11622,IRD plot,1777,23,atogboga001
P8280158.JPG,171693,NA/NA/2015,Coelocaryon preussii Warb.,3.25671,10.4927,50,Atog-boga,"1ha plot atogboga001, tag 23",11622,IRD plot,1777,23,atogboga001
P8280159.JPG,171693,NA/NA/2015,Coelocaryon preussii Warb.,3.25671,10.4927,50,Atog-boga,"1ha plot atogboga001, tag 23",11622,IRD plot,1777,23,atogboga001
P8280160.JPG,171693,NA/NA/2015,Coelocaryon preussii Warb.,3.25671,10.4927,50,Atog-boga,"1ha plot atogboga001, tag 23",11622,IRD plot,1777,23,atogboga001
P8280161.JPG,171693,NA/NA/2015,Coelocaryon preussii Warb.,3.25671,10.4927,50,Atog-boga,"1ha plot atogboga001, tag 23",11622,IRD plot,1777,23,atogboga001
P8280162.JPG,171693,NA/NA/2015,Coelocaryon preussii Warb.,3.25671,10.4927,50,Atog-boga,"1ha plot atogboga001, tag 23",11622,IRD plot,1777,23,atogboga001
P8280163.JPG,171693,NA/NA/2015,Coelocaryon preussii Warb.,3.25671,10.4927,50,Atog-boga,"1ha plot atogboga001, tag 23",11622,IRD plot,1777,23,atogboga001
P8280164.JPG,171693,NA/NA/2015,Coelocaryon preussii Warb.,3.25671,10.4927,50,Atog-boga,"1ha plot atogboga001, tag 23",11622,IRD plot,1777,23,atogboga001
P8280165.JPG,171693,NA/NA/2015,Coelocaryon preussii Warb.,3.25671,10.4927,50,Atog-boga,"1ha plot atogboga001, tag 23",11622,IRD plot,1777,23,atogboga001
P8280166.JPG,171695,NA/NA/2015,Garcinia epunctata Stapf,3.25671,10.4927,50,Atog-boga,"1ha plot atogboga001, tag 25",11649,IRD plot,1778,25,atogboga001
P8280167.JPG,171695,NA/NA/2015,Garcinia epunctata Stapf,3.25671,10.4927,50,Atog-boga,"1ha plot atogboga001, tag 25",11649,IRD plot,1778,25,atogboga001
P8280168.JPG,171695,NA/NA/2015,Garcinia epunctata Stapf,3.25671,10.4927,50,Atog-boga,"1ha plot atogboga001, tag 25",11649,IRD plot,1778,25,atogboga001
P8280169.JPG,171695,NA/NA/2015,Garcinia epunctata Stapf,3.25671,10.4927,50,Atog-boga,"1ha plot atogboga001, tag 25",11649,IRD plot,1778,25,atogboga001
P8280170.JPG,171695,NA/NA/2015,Garcinia epunctata Stapf,3.25671,10.4927,50,Atog-boga,"1ha plot atogboga001, tag 25",11649,IRD plot,1778,25,atogboga001
P8280171.JPG,171695,NA/NA/2015,Garcinia epunctata Stapf,3.25671,10.4927,50,Atog-boga,"1ha plot atogboga001, tag 25",11649,IRD plot,1778,25,atogboga001
P8280172.JPG,171695,NA/NA/2015,Garcinia epunctata Stapf,3.25671,10.4927,50,Atog-boga,"1ha plot atogboga001, tag 25",11649,IRD plot,1778,25,atogboga001
P8280173.JPG,171695,NA/NA/2015,Garcinia epunctata Stapf,3.25671,10.4927,50,Atog-boga,"1ha plot atogboga001, tag 25",11649,IRD plot,1778,25,atogboga001
P8280174.JPG,171695,NA/NA/2015,Garcinia epunctata Stapf,3.25671,10.4927,50,Atog-boga,"1ha plot atogboga001, tag 25",11649,IRD plot,1778,25,atogboga001
P8280175.JPG,171695,NA/NA/2015,Garcinia epunctata Stapf,3.25671,10.4927,50,Atog-boga,"1ha plot atogboga001, tag 25",11649,IRD plot,1778,25,atogboga001
P8280176.JPG,171695,NA/NA/2015,Garcinia epunctata Stapf,3.25671,10.4927,50,Atog-boga,"1ha plot atogboga001, tag 25",11649,IRD plot,1778,25,atogboga001
P8280177.JPG,171695,NA/NA/2015,Garcinia epunctata Stapf,3.25671,10.4927,50,Atog-boga,"1ha plot atogboga001, tag 25",11649,IRD plot,1778,25,atogboga001
P8280178.JPG,171696,NA/NA/2015,Annickia affinis (Exell) Versteegh & Sosef,3.25671,10.4927,50,Atog-boga,"1ha plot atogboga001, tag 26",11633,IRD plot,1779,26,atogboga001
P8280179.JPG,171696,NA/NA/2015,Annickia affinis (Exell) Versteegh & Sosef,3.25671,10.4927,50,Atog-boga,"1ha plot atogboga001, tag 26",11633,IRD plot,1779,26,atogboga001
P8280180.JPG,171696,NA/NA/2015,Annickia affinis (Exell) Versteegh & Sosef,3.25671,10.4927,50,Atog-boga,"1ha plot atogboga001, tag 26",11633,IRD plot,1779,26,atogboga001
P8280181.JPG,171696,NA/NA/2015,Annickia affinis (Exell) Versteegh & Sosef,3.25671,10.4927,50,Atog-boga,"1ha plot atogboga001, tag 26",11633,IRD plot,1779,26,atogboga001
P8280182.JPG,171696,NA/NA/2015,Annickia affinis (Exell) Versteegh & Sosef,3.25671,10.4927,50,Atog-boga,"1ha plot atogboga001, tag 26",11633,IRD plot,1779,26,atogboga001
P8280183.JPG,171696,NA/NA/2015,Annickia affinis (Exell) Versteegh & Sosef,3.25671,10.4927,50,Atog-boga,"1ha plot atogboga001, tag 26",11633,IRD plot,1779,26,atogboga001
P8280184.JPG,171696,NA/NA/2015,Annickia affinis (Exell) Versteegh & Sosef,3.25671,10.4927,50,Atog-boga,"1ha plot atogboga001, tag 26",11633,IRD plot,1779,26,atogboga001
P8280185.JPG,171696,NA/NA/2015,Annickia affinis (Exell) Versteegh & Sosef,3.25671,10.4927,50,Atog-boga,"1ha plot atogboga001, tag 26",11633,IRD plot,1779,26,atogboga001
P8280186.JPG,171696,NA/NA/2015,Annickia affinis (Exell) Versteegh & Sosef,3.25671,10.4927,50,Atog-boga,"1ha plot atogboga001, tag 26",11633,IRD plot,1779,26,atogboga001
P8280187.JPG,171696,NA/NA/2015,Annickia affinis (Exell) Versteegh & Sosef,3.25671,10.4927,50,Atog-boga,"1ha plot atogboga001, tag 26",11633,IRD plot,1779,26,atogboga001
P8280188.JPG,171696,NA/NA/2015,Annickia affinis (Exell) Versteegh & Sosef,3.25671,10.4927,50,Atog-boga,"1ha plot atogboga001, tag 26",11633,IRD plot,1779,26,atogboga001
P8280189.JPG,171699,NA/NA/2015,Tabernaemontana penduliflora K.Schum.,3.25671,10.4927,50,Atog-boga,"1ha plot atogboga001, tag 29",11644,IRD plot,1781,29,atogboga001
P8280190.JPG,171699,NA/NA/2015,Tabernaemontana penduliflora K.Schum.,3.25671,10.4927,50,Atog-boga,"1ha plot atogboga001, tag 29",11644,IRD plot,1781,29,atogboga001
P8280191.JPG,171699,NA/NA/2015,Tabernaemontana penduliflora K.Schum.,3.25671,10.4927,50,Atog-boga,"1ha plot atogboga001, tag 29",11644,IRD plot,1781,29,atogboga001
P8280192.JPG,171699,NA/NA/2015,Tabernaemontana penduliflora K.Schum.,3.25671,10.4927,50,Atog-boga,"1ha plot atogboga001, tag 29",11644,IRD plot,1781,29,atogboga001
P8280193.JPG,171699,NA/NA/2015,Tabernaemontana penduliflora K.Schum.,3.25671,10.4927,50,Atog-boga,"1ha plot atogboga001, tag 29",11644,IRD plot,1781,29,atogboga001
P8280194.JPG,171699,NA/NA/2015,Tabernaemontana penduliflora K.Schum.,3.25671,10.4927,50,Atog-boga,"1ha plot atogboga001, tag 29",11644,IRD plot,1781,29,atogboga001
P8280195.JPG,171699,NA/NA/2015,Tabernaemontana penduliflora K.Schum.,3.25671,10.4927,50,Atog-boga,"1ha plot atogboga001, tag 29",11644,IRD plot,1781,29,atogboga001
P8280196.JPG,171699,NA/NA/2015,Tabernaemontana penduliflora K.Schum.,3.25671,10.4927,50,Atog-boga,"1ha plot atogboga001, tag 29",11644,IRD plot,1781,29,atogboga001
P8280197.JPG,171699,NA/NA/2015,Tabernaemontana penduliflora K.Schum.,3.25671,10.4927,50,Atog-boga,"1ha plot atogboga001, tag 29",11644,IRD plot,1781,29,atogboga001
P8280198.JPG,171699,NA/NA/2015,Tabernaemontana penduliflora K.Schum.,3.25671,10.4927,50,Atog-boga,"1ha plot atogboga001, tag 29",11644,IRD plot,1781,29,atogboga001
P8280199.JPG,171699,NA/NA/2015,Tabernaemontana penduliflora K.Schum.,3.25671,10.4927,50,Atog-boga,"1ha plot atogboga001, tag 29",11644,IRD plot,1781,29,atogboga001
P8280200.JPG,171699,NA/NA/2015,Tabernaemontana penduliflora K.Schum.,3.25671,10.4927,50,Atog-boga,"1ha plot atogboga001, tag 29",11644,IRD plot,1781,29,atogboga001
P8280202.JPG,171703,NA/NA/2015,Drypetes floribunda (Müll.Arg.) Hutch.,3.25671,10.4927,50,Atog-boga,"1ha plot atogboga001, tag 33",11697,IRD plot,1782,33,atogboga001
P8280203.JPG,171703,NA/NA/2015,Drypetes floribunda (Müll.Arg.) Hutch.,3.25671,10.4927,50,Atog-boga,"1ha plot atogboga001, tag 33",11697,IRD plot,1782,33,atogboga001
P8280204.JPG,171703,NA/NA/2015,Drypetes floribunda (Müll.Arg.) Hutch.,3.25671,10.4927,50,Atog-boga,"1ha plot atogboga001, tag 33",11697,IRD plot,1782,33,atogboga001
P8280205.JPG,171703,NA/NA/2015,Drypetes floribunda (Müll.Arg.) Hutch.,3.25671,10.4927,50,Atog-boga,"1ha plot atogboga001, tag 33",11697,IRD plot,1782,33,atogboga001
P8280206.JPG,171703,NA/NA/2015,Drypetes floribunda (Müll.Arg.) Hutch.,3.25671,10.4927,50,Atog-boga,"1ha plot atogboga001, tag 33",11697,IRD plot,1782,33,atogboga001
P8280207.JPG,171703,NA/NA/2015,Drypetes floribunda (Müll.Arg.) Hutch.,3.25671,10.4927,50,Atog-boga,"1ha plot atogboga001, tag 33",11697,IRD plot,1782,33,atogboga001
P8280208.JPG,171703,NA/NA/2015,Drypetes floribunda (Müll.Arg.) Hutch.,3.25671,10.4927,50,Atog-boga,"1ha plot atogboga001, tag 33",11697,IRD plot,1782,33,atogboga001
P8280209.JPG,171703,NA/NA/2015,Drypetes floribunda (Müll.Arg.) Hutch.,3.25671,10.4927,50,Atog-boga,"1ha plot atogboga001, tag 33",11697,IRD plot,1782,33,atogboga001
P8280210.JPG,171703,NA/NA/2015,Drypetes floribunda (Müll.Arg.) Hutch.,3.25671,10.4927,50,Atog-boga,"1ha plot atogboga001, tag 33",11697,IRD plot,1782,33,atogboga001
P8280211.JPG,171703,NA/NA/2015,Drypetes floribunda (Müll.Arg.) Hutch.,3.25671,10.4927,50,Atog-boga,"1ha plot atogboga001, tag 33",11697,IRD plot,1782,33,atogboga001
P8280212.JPG,171707,NA/NA/2015,Strombosiopsis tetrandra Engl.,3.25671,10.4927,50,Atog-boga,"1ha plot atogboga001, tag 37",11648,IRD plot,1784,37,atogboga001
P8280213.JPG,171707,NA/NA/2015,Strombosiopsis tetrandra Engl.,3.25671,10.4927,50,Atog-boga,"1ha plot atogboga001, tag 37",11648,IRD plot,1784,37,atogboga001
P8280214.JPG,171707,NA/NA/2015,Strombosiopsis tetrandra Engl.,3.25671,10.4927,50,Atog-boga,"1ha plot atogboga001, tag 37",11648,IRD plot,1784,37,atogboga001
P8280215.JPG,171707,NA/NA/2015,Strombosiopsis tetrandra Engl.,3.25671,10.4927,50,Atog-boga,"1ha plot atogboga001, tag 37",11648,IRD plot,1784,37,atogboga001
P8280216.JPG,171707,NA/NA/2015,Strombosiopsis tetrandra Engl.,3.25671,10.4927,50,Atog-boga,"1ha plot atogboga001, tag 37",11648,IRD plot,1784,37,atogboga001
P8280217.JPG,171707,NA/NA/2015,Strombosiopsis tetrandra Engl.,3.25671,10.4927,50,Atog-boga,"1ha plot atogboga001, tag 37",11648,IRD plot,1784,37,atogboga001
P8280218.JPG,171707,NA/NA/2015,Strombosiopsis tetrandra Engl.,3.25671,10.4927,50,Atog-boga,"1ha plot atogboga001, tag 37",11648,IRD plot,1784,37,atogboga001
P8280219.JPG,171707,NA/NA/2015,Strombosiopsis tetrandra Engl.,3.25671,10.4927,50,Atog-boga,"1ha plot atogboga001, tag 37",11648,IRD plot,1784,37,atogboga001
P8280220.JPG,171707,NA/NA/2015,Strombosiopsis tetrandra Engl.,3.25671,10.4927,50,Atog-boga,"1ha plot atogboga001, tag 37",11648,IRD plot,1784,37,atogboga001
P8280221.JPG,171705,NA/NA/2015,NA,3.25671,10.4927,50,Atog-boga,"1ha plot atogboga001, tag 35",11686,IRD plot,1783,35,atogboga001
P8280222.JPG,171705,NA/NA/2015,NA,3.25671,10.4927,50,Atog-boga,"1ha plot atogboga001, tag 35",11686,IRD plot,1783,35,atogboga001
P8280223.JPG,171705,NA/NA/2015,NA,3.25671,10.4927,50,Atog-boga,"1ha plot atogboga001, tag 35",11686,IRD plot,1783,35,atogboga001
P8280224.JPG,171705,NA/NA/2015,NA,3.25671,10.4927,50,Atog-boga,"1ha plot atogboga001, tag 35",11686,IRD plot,1783,35,atogboga001
P8280225.JPG,171705,NA/NA/2015,NA,3.25671,10.4927,50,Atog-boga,"1ha plot atogboga001, tag 35",11686,IRD plot,1783,35,atogboga001
P8280226.JPG,171705,NA/NA/2015,NA,3.25671,10.4927,50,Atog-boga,"1ha plot atogboga001, tag 35",11686,IRD plot,1783,35,atogboga001
P8280227.JPG,171705,NA/NA/2015,NA,3.25671,10.4927,50,Atog-boga,"1ha plot atogboga001, tag 35",11686,IRD plot,1783,35,atogboga001
P8280228.JPG,171705,NA/NA/2015,NA,3.25671,10.4927,50,Atog-boga,"1ha plot atogboga001, tag 35",11686,IRD plot,1783,35,atogboga001
P8280229.JPG,171730,NA/NA/2015,Grewia oligoneura Sprague,3.25671,10.4927,50,Atog-boga,"1ha plot atogboga001, tag 59",11643,IRD plot,1789,59,atogboga001
P8280230.JPG,171730,NA/NA/2015,Grewia oligoneura Sprague,3.25671,10.4927,50,Atog-boga,"1ha plot atogboga001, tag 59",11643,IRD plot,1789,59,atogboga001
P8280231.JPG,171730,NA/NA/2015,Grewia oligoneura Sprague,3.25671,10.4927,50,Atog-boga,"1ha plot atogboga001, tag 59",11643,IRD plot,1789,59,atogboga001
P8280232.JPG,171730,NA/NA/2015,Grewia oligoneura Sprague,3.25671,10.4927,50,Atog-boga,"1ha plot atogboga001, tag 59",11643,IRD plot,1789,59,atogboga001
P8280233.JPG,171730,NA/NA/2015,Grewia oligoneura Sprague,3.25671,10.4927,50,Atog-boga,"1ha plot atogboga001, tag 59",11643,IRD plot,1789,59,atogboga001
P8280234.JPG,171730,NA/NA/2015,Grewia oligoneura Sprague,3.25671,10.4927,50,Atog-boga,"1ha plot atogboga001, tag 59",11643,IRD plot,1789,59,atogboga001
P8280235.JPG,171730,NA/NA/2015,Grewia oligoneura Sprague,3.25671,10.4927,50,Atog-boga,"1ha plot atogboga001, tag 59",11643,IRD plot,1789,59,atogboga001
P8280236.JPG,171730,NA/NA/2015,Grewia oligoneura Sprague,3.25671,10.4927,50,Atog-boga,"1ha plot atogboga001, tag 59",11643,IRD plot,1789,59,atogboga001
P8280237.JPG,171730,NA/NA/2015,Grewia oligoneura Sprague,3.25671,10.4927,50,Atog-boga,"1ha plot atogboga001, tag 59",11643,IRD plot,1789,59,atogboga001
P8280238.JPG,171716,NA/NA/2015,Chlamydocola chlamydantha (K.Schum.) M.Bodard,3.25671,10.4927,50,Atog-boga,"1ha plot atogboga001, tag 45",11654,IRD plot,1786,45,atogboga001
P8280239.JPG,171716,NA/NA/2015,Chlamydocola chlamydantha (K.Schum.) M.Bodard,3.25671,10.4927,50,Atog-boga,"1ha plot atogboga001, tag 45",11654,IRD plot,1786,45,atogboga001
P8280240.JPG,171716,NA/NA/2015,Chlamydocola chlamydantha (K.Schum.) M.Bodard,3.25671,10.4927,50,Atog-boga,"1ha plot atogboga001, tag 45",11654,IRD plot,1786,45,atogboga001
P8280241.JPG,171716,NA/NA/2015,Chlamydocola chlamydantha (K.Schum.) M.Bodard,3.25671,10.4927,50,Atog-boga,"1ha plot atogboga001, tag 45",11654,IRD plot,1786,45,atogboga001
P8280242.JPG,171716,NA/NA/2015,Chlamydocola chlamydantha (K.Schum.) M.Bodard,3.25671,10.4927,50,Atog-boga,"1ha plot atogboga001, tag 45",11654,IRD plot,1786,45,atogboga001
P8280243.JPG,171716,NA/NA/2015,Chlamydocola chlamydantha (K.Schum.) M.Bodard,3.25671,10.4927,50,Atog-boga,"1ha plot atogboga001, tag 45",11654,IRD plot,1786,45,atogboga001
P8280244.JPG,171716,NA/NA/2015,Chlamydocola chlamydantha (K.Schum.) M.Bodard,3.25671,10.4927,50,Atog-boga,"1ha plot atogboga001, tag 45",11654,IRD plot,1786,45,atogboga001
P8280245.JPG,171716,NA/NA/2015,Chlamydocola chlamydantha (K.Schum.) M.Bodard,3.25671,10.4927,50,Atog-boga,"1ha plot atogboga001, tag 45",11654,IRD plot,1786,45,atogboga001
P8280246.JPG,171716,NA/NA/2015,Chlamydocola chlamydantha (K.Schum.) M.Bodard,3.25671,10.4927,50,Atog-boga,"1ha plot atogboga001, tag 45",11654,IRD plot,1786,45,atogboga001
P8280247.JPG,171716,NA/NA/2015,Chlamydocola chlamydantha (K.Schum.) M.Bodard,3.25671,10.4927,50,Atog-boga,"1ha plot atogboga001, tag 45",11654,IRD plot,1786,45,atogboga001
P8280248.JPG,171716,NA/NA/2015,Chlamydocola chlamydantha (K.Schum.) M.Bodard,3.25671,10.4927,50,Atog-boga,"1ha plot atogboga001, tag 45",11654,IRD plot,1786,45,atogboga001
P8280249.JPG,171716,NA/NA/2015,Chlamydocola chlamydantha (K.Schum.) M.Bodard,3.25671,10.4927,50,Atog-boga,"1ha plot atogboga001, tag 45",11654,IRD plot,1786,45,atogboga001
P8280250.JPG,171714,NA/NA/2015,Treculia obovoidea N.E.Br.,3.25671,10.4927,50,Atog-boga,"1ha plot atogboga001, tag 44",11717,IRD plot,1785,44,atogboga001
P8280251.JPG,171714,NA/NA/2015,Treculia obovoidea N.E.Br.,3.25671,10.4927,50,Atog-boga,"1ha plot atogboga001, tag 44",11717,IRD plot,1785,44,atogboga001
P8280252.JPG,171714,NA/NA/2015,Treculia obovoidea N.E.Br.,3.25671,10.4927,50,Atog-boga,"1ha plot atogboga001, tag 44",11717,IRD plot,1785,44,atogboga001
P8280253.JPG,171714,NA/NA/2015,Treculia obovoidea N.E.Br.,3.25671,10.4927,50,Atog-boga,"1ha plot atogboga001, tag 44",11717,IRD plot,1785,44,atogboga001
P8280254.JPG,171714,NA/NA/2015,Treculia obovoidea N.E.Br.,3.25671,10.4927,50,Atog-boga,"1ha plot atogboga001, tag 44",11717,IRD plot,1785,44,atogboga001
P8280255.JPG,171714,NA/NA/2015,Treculia obovoidea N.E.Br.,3.25671,10.4927,50,Atog-boga,"1ha plot atogboga001, tag 44",11717,IRD plot,1785,44,atogboga001
P8280256.JPG,171714,NA/NA/2015,Treculia obovoidea N.E.Br.,3.25671,10.4927,50,Atog-boga,"1ha plot atogboga001, tag 44",11717,IRD plot,1785,44,atogboga001
P8280257.JPG,171714,NA/NA/2015,Treculia obovoidea N.E.Br.,3.25671,10.4927,50,Atog-boga,"1ha plot atogboga001, tag 44",11717,IRD plot,1785,44,atogboga001
P8280258.JPG,171714,NA/NA/2015,Treculia obovoidea N.E.Br.,3.25671,10.4927,50,Atog-boga,"1ha plot atogboga001, tag 44",11717,IRD plot,1785,44,atogboga001
P8280259.JPG,171714,NA/NA/2015,Treculia obovoidea N.E.Br.,3.25671,10.4927,50,Atog-boga,"1ha plot atogboga001, tag 44",11717,IRD plot,1785,44,atogboga001
P8280260.JPG,171714,NA/NA/2015,Treculia obovoidea N.E.Br.,3.25671,10.4927,50,Atog-boga,"1ha plot atogboga001, tag 44",11717,IRD plot,1785,44,atogboga001
P8280261.JPG,171714,NA/NA/2015,Treculia obovoidea N.E.Br.,3.25671,10.4927,50,Atog-boga,"1ha plot atogboga001, tag 44",11717,IRD plot,1785,44,atogboga001
P8280262.JPG,171714,NA/NA/2015,Treculia obovoidea N.E.Br.,3.25671,10.4927,50,Atog-boga,"1ha plot atogboga001, tag 44",11717,IRD plot,1785,44,atogboga001
P8280263.JPG,171714,NA/NA/2015,Treculia obovoidea N.E.Br.,3.25671,10.4927,50,Atog-boga,"1ha plot atogboga001, tag 44",11717,IRD plot,1785,44,atogboga001
P8280264.JPG,171714,NA/NA/2015,Treculia obovoidea N.E.Br.,3.25671,10.4927,50,Atog-boga,"1ha plot atogboga001, tag 44",11717,IRD plot,1785,44,atogboga001
P8280265.JPG,171725,NA/NA/2015,Scyphocephalium mannii (Benth.) Warb.,3.25671,10.4927,50,Atog-boga,"1ha plot atogboga001, tag 54",11645,IRD plot,1788,54,atogboga001
P8280266.JPG,171725,NA/NA/2015,Scyphocephalium mannii (Benth.) Warb.,3.25671,10.4927,50,Atog-boga,"1ha plot atogboga001, tag 54",11645,IRD plot,1788,54,atogboga001
P8280267.JPG,171725,NA/NA/2015,Scyphocephalium mannii (Benth.) Warb.,3.25671,10.4927,50,Atog-boga,"1ha plot atogboga001, tag 54",11645,IRD plot,1788,54,atogboga001
P8280268.JPG,171725,NA/NA/2015,Scyphocephalium mannii (Benth.) Warb.,3.25671,10.4927,50,Atog-boga,"1ha plot atogboga001, tag 54",11645,IRD plot,1788,54,atogboga001
P8280269.JPG,171725,NA/NA/2015,Scyphocephalium mannii (Benth.) Warb.,3.25671,10.4927,50,Atog-boga,"1ha plot atogboga001, tag 54",11645,IRD plot,1788,54,atogboga001
P8280270.JPG,171725,NA/NA/2015,Scyphocephalium mannii (Benth.) Warb.,3.25671,10.4927,50,Atog-boga,"1ha plot atogboga001, tag 54",11645,IRD plot,1788,54,atogboga001
P8280271.JPG,171725,NA/NA/2015,Scyphocephalium mannii (Benth.) Warb.,3.25671,10.4927,50,Atog-boga,"1ha plot atogboga001, tag 54",11645,IRD plot,1788,54,atogboga001
P8280272.JPG,171725,NA/NA/2015,Scyphocephalium mannii (Benth.) Warb.,3.25671,10.4927,50,Atog-boga,"1ha plot atogboga001, tag 54",11645,IRD plot,1788,54,atogboga001
P8280273.JPG,171725,NA/NA/2015,Scyphocephalium mannii (Benth.) Warb.,3.25671,10.4927,50,Atog-boga,"1ha plot atogboga001, tag 54",11645,IRD plot,1788,54,atogboga001
P8280274.JPG,171725,NA/NA/2015,Scyphocephalium mannii (Benth.) Warb.,3.25671,10.4927,50,Atog-boga,"1ha plot atogboga001, tag 54",11645,IRD plot,1788,54,atogboga001
P8280275.JPG,171725,NA/NA/2015,Scyphocephalium mannii (Benth.) Warb.,3.25671,10.4927,50,Atog-boga,"1ha plot atogboga001, tag 54",11645,IRD plot,1788,54,atogboga001
P8280276.JPG,171725,NA/NA/2015,Scyphocephalium mannii (Benth.) Warb.,3.25671,10.4927,50,Atog-boga,"1ha plot atogboga001, tag 54",11645,IRD plot,1788,54,atogboga001
P8280277.JPG,171725,NA/NA/2015,Scyphocephalium mannii (Benth.) Warb.,3.25671,10.4927,50,Atog-boga,"1ha plot atogboga001, tag 54",11645,IRD plot,1788,54,atogboga001
P8280278.JPG,171725,NA/NA/2015,Scyphocephalium mannii (Benth.) Warb.,3.25671,10.4927,50,Atog-boga,"1ha plot atogboga001, tag 54",11645,IRD plot,1788,54,atogboga001
P8280279.JPG,171725,NA/NA/2015,Scyphocephalium mannii (Benth.) Warb.,3.25671,10.4927,50,Atog-boga,"1ha plot atogboga001, tag 54",11645,IRD plot,1788,54,atogboga001
P8280280.JPG,171725,NA/NA/2015,Scyphocephalium mannii (Benth.) Warb.,3.25671,10.4927,50,Atog-boga,"1ha plot atogboga001, tag 54",11645,IRD plot,1788,54,atogboga001
P8290283.JPG,171736,NA/NA/2015,Anisophyllea purpurascens Hutch. & Dalziel,3.25671,10.4927,50,Atog-boga,"1ha plot atogboga001, tag 65",11705,IRD plot,1799,65,atogboga001
P8290284.JPG,171736,NA/NA/2015,Anisophyllea purpurascens Hutch. & Dalziel,3.25671,10.4927,50,Atog-boga,"1ha plot atogboga001, tag 65",11705,IRD plot,1799,65,atogboga001
P8290285.JPG,171736,NA/NA/2015,Anisophyllea purpurascens Hutch. & Dalziel,3.25671,10.4927,50,Atog-boga,"1ha plot atogboga001, tag 65",11705,IRD plot,1799,65,atogboga001
P8290286.JPG,171736,NA/NA/2015,Anisophyllea purpurascens Hutch. & Dalziel,3.25671,10.4927,50,Atog-boga,"1ha plot atogboga001, tag 65",11705,IRD plot,1799,65,atogboga001
P8290287.JPG,171736,NA/NA/2015,Anisophyllea purpurascens Hutch. & Dalziel,3.25671,10.4927,50,Atog-boga,"1ha plot atogboga001, tag 65",11705,IRD plot,1799,65,atogboga001
P8290288.JPG,171736,NA/NA/2015,Anisophyllea purpurascens Hutch. & Dalziel,3.25671,10.4927,50,Atog-boga,"1ha plot atogboga001, tag 65",11705,IRD plot,1799,65,atogboga001
P8290289.JPG,171736,NA/NA/2015,Anisophyllea purpurascens Hutch. & Dalziel,3.25671,10.4927,50,Atog-boga,"1ha plot atogboga001, tag 65",11705,IRD plot,1799,65,atogboga001
P8290290.JPG,171736,NA/NA/2015,Anisophyllea purpurascens Hutch. & Dalziel,3.25671,10.4927,50,Atog-boga,"1ha plot atogboga001, tag 65",11705,IRD plot,1799,65,atogboga001
P8290291.JPG,171736,NA/NA/2015,Anisophyllea purpurascens Hutch. & Dalziel,3.25671,10.4927,50,Atog-boga,"1ha plot atogboga001, tag 65",11705,IRD plot,1799,65,atogboga001
P8290292.JPG,171736,NA/NA/2015,Anisophyllea purpurascens Hutch. & Dalziel,3.25671,10.4927,50,Atog-boga,"1ha plot atogboga001, tag 65",11705,IRD plot,1799,65,atogboga001
P8290298.JPG,171720,NA/NA/2015,Calpocalyx dinklagei (Taub.) Harms,3.25671,10.4927,50,Atog-boga,"1ha plot atogboga001, tag 49",11694,IRD plot,1787,49,atogboga001
P8290299.JPG,171720,NA/NA/2015,Calpocalyx dinklagei (Taub.) Harms,3.25671,10.4927,50,Atog-boga,"1ha plot atogboga001, tag 49",11694,IRD plot,1787,49,atogboga001
P8290300.JPG,171720,NA/NA/2015,Calpocalyx dinklagei (Taub.) Harms,3.25671,10.4927,50,Atog-boga,"1ha plot atogboga001, tag 49",11694,IRD plot,1787,49,atogboga001
P8290301.JPG,171720,NA/NA/2015,Calpocalyx dinklagei (Taub.) Harms,3.25671,10.4927,50,Atog-boga,"1ha plot atogboga001, tag 49",11694,IRD plot,1787,49,atogboga001
P8290302.JPG,171720,NA/NA/2015,Calpocalyx dinklagei (Taub.) Harms,3.25671,10.4927,50,Atog-boga,"1ha plot atogboga001, tag 49",11694,IRD plot,1787,49,atogboga001
P8290303.JPG,171720,NA/NA/2015,Calpocalyx dinklagei (Taub.) Harms,3.25671,10.4927,50,Atog-boga,"1ha plot atogboga001, tag 49",11694,IRD plot,1787,49,atogboga001
P8290304.JPG,171720,NA/NA/2015,Calpocalyx dinklagei (Taub.) Harms,3.25671,10.4927,50,Atog-boga,"1ha plot atogboga001, tag 49",11694,IRD plot,1787,49,atogboga001
P8290305.JPG,171720,NA/NA/2015,Calpocalyx dinklagei (Taub.) Harms,3.25671,10.4927,50,Atog-boga,"1ha plot atogboga001, tag 49",11694,IRD plot,1787,49,atogboga001
P8290306.JPG,171720,NA/NA/2015,Calpocalyx dinklagei (Taub.) Harms,3.25671,10.4927,50,Atog-boga,"1ha plot atogboga001, tag 49",11694,IRD plot,1787,49,atogboga001
P8290307.JPG,171720,NA/NA/2015,Calpocalyx dinklagei (Taub.) Harms,3.25671,10.4927,50,Atog-boga,"1ha plot atogboga001, tag 49",11694,IRD plot,1787,49,atogboga001
P8290308.JPG,171720,NA/NA/2015,Calpocalyx dinklagei (Taub.) Harms,3.25671,10.4927,50,Atog-boga,"1ha plot atogboga001, tag 49",11694,IRD plot,1787,49,atogboga001
P8290309.JPG,171720,NA/NA/2015,Calpocalyx dinklagei (Taub.) Harms,3.25671,10.4927,50,Atog-boga,"1ha plot atogboga001, tag 49",11694,IRD plot,1787,49,atogboga001
P8290310.JPG,171731,NA/NA/2015,NA,3.25671,10.4927,50,Atog-boga,"1ha plot atogboga001, tag 60",11656,IRD plot,1790,60,atogboga001
P8290311.JPG,171731,NA/NA/2015,NA,3.25671,10.4927,50,Atog-boga,"1ha plot atogboga001, tag 60",11656,IRD plot,1790,60,atogboga001
P8290312.JPG,171731,NA/NA/2015,NA,3.25671,10.4927,50,Atog-boga,"1ha plot atogboga001, tag 60",11656,IRD plot,1790,60,atogboga001
P8290313.JPG,171731,NA/NA/2015,NA,3.25671,10.4927,50,Atog-boga,"1ha plot atogboga001, tag 60",11656,IRD plot,1790,60,atogboga001
P8290314.JPG,171731,NA/NA/2015,NA,3.25671,10.4927,50,Atog-boga,"1ha plot atogboga001, tag 60",11656,IRD plot,1790,60,atogboga001
P8290315.JPG,171731,NA/NA/2015,NA,3.25671,10.4927,50,Atog-boga,"1ha plot atogboga001, tag 60",11656,IRD plot,1790,60,atogboga001
P8290316.JPG,171731,NA/NA/2015,NA,3.25671,10.4927,50,Atog-boga,"1ha plot atogboga001, tag 60",11656,IRD plot,1790,60,atogboga001
P8290317.JPG,171731,NA/NA/2015,NA,3.25671,10.4927,50,Atog-boga,"1ha plot atogboga001, tag 60",11656,IRD plot,1790,60,atogboga001
P8290318.JPG,171731,NA/NA/2015,NA,3.25671,10.4927,50,Atog-boga,"1ha plot atogboga001, tag 60",11656,IRD plot,1790,60,atogboga001
P8290319.JPG,171731,NA/NA/2015,NA,3.25671,10.4927,50,Atog-boga,"1ha plot atogboga001, tag 60",11656,IRD plot,1790,60,atogboga001
P8290320.JPG,171731,NA/NA/2015,NA,3.25671,10.4927,50,Atog-boga,"1ha plot atogboga001, tag 60",11656,IRD plot,1790,60,atogboga001
P8290321.JPG,171731,NA/NA/2015,NA,3.25671,10.4927,50,Atog-boga,"1ha plot atogboga001, tag 60",11656,IRD plot,1790,60,atogboga001
P8290322.JPG,171739,NA/NA/2015,"Anisophyllea neopurpurascens Li Bing Zhang, X. Chen & H. He",3.25671,10.4927,50,Atog-boga,"1ha plot atogboga001, tag 68",11703,IRD plot,1791,68,atogboga001
P8290323.JPG,171739,NA/NA/2015,"Anisophyllea neopurpurascens Li Bing Zhang, X. Chen & H. He",3.25671,10.4927,50,Atog-boga,"1ha plot atogboga001, tag 68",11703,IRD plot,1791,68,atogboga001
P8290324.JPG,171739,NA/NA/2015,"Anisophyllea neopurpurascens Li Bing Zhang, X. Chen & H. He",3.25671,10.4927,50,Atog-boga,"1ha plot atogboga001, tag 68",11703,IRD plot,1791,68,atogboga001
P8290325.JPG,171739,NA/NA/2015,"Anisophyllea neopurpurascens Li Bing Zhang, X. Chen & H. He",3.25671,10.4927,50,Atog-boga,"1ha plot atogboga001, tag 68",11703,IRD plot,1791,68,atogboga001
P8290326.JPG,171739,NA/NA/2015,"Anisophyllea neopurpurascens Li Bing Zhang, X. Chen & H. He",3.25671,10.4927,50,Atog-boga,"1ha plot atogboga001, tag 68",11703,IRD plot,1791,68,atogboga001
P8290330.JPG,171745,NA/NA/2015,Chlamydocola chlamydantha (K.Schum.) M.Bodard,3.25671,10.4927,50,Atog-boga,"1ha plot atogboga001, tag 74",11663,IRD plot,1792,74,atogboga001
P8290331.JPG,171745,NA/NA/2015,Chlamydocola chlamydantha (K.Schum.) M.Bodard,3.25671,10.4927,50,Atog-boga,"1ha plot atogboga001, tag 74",11663,IRD plot,1792,74,atogboga001
P8290332.JPG,171745,NA/NA/2015,Chlamydocola chlamydantha (K.Schum.) M.Bodard,3.25671,10.4927,50,Atog-boga,"1ha plot atogboga001, tag 74",11663,IRD plot,1792,74,atogboga001
P8290333.JPG,171745,NA/NA/2015,Chlamydocola chlamydantha (K.Schum.) M.Bodard,3.25671,10.4927,50,Atog-boga,"1ha plot atogboga001, tag 74",11663,IRD plot,1792,74,atogboga001
P8290334.JPG,171745,NA/NA/2015,Chlamydocola chlamydantha (K.Schum.) M.Bodard,3.25671,10.4927,50,Atog-boga,"1ha plot atogboga001, tag 74",11663,IRD plot,1792,74,atogboga001
P8290335.JPG,171745,NA/NA/2015,Chlamydocola chlamydantha (K.Schum.) M.Bodard,3.25671,10.4927,50,Atog-boga,"1ha plot atogboga001, tag 74",11663,IRD plot,1792,74,atogboga001
P8290336.JPG,171745,NA/NA/2015,Chlamydocola chlamydantha (K.Schum.) M.Bodard,3.25671,10.4927,50,Atog-boga,"1ha plot atogboga001, tag 74",11663,IRD plot,1792,74,atogboga001
P8290337.JPG,171745,NA/NA/2015,Chlamydocola chlamydantha (K.Schum.) M.Bodard,3.25671,10.4927,50,Atog-boga,"1ha plot atogboga001, tag 74",11663,IRD plot,1792,74,atogboga001
P8290338.JPG,171745,NA/NA/2015,Chlamydocola chlamydantha (K.Schum.) M.Bodard,3.25671,10.4927,50,Atog-boga,"1ha plot atogboga001, tag 74",11663,IRD plot,1792,74,atogboga001
P8290339.JPG,171745,NA/NA/2015,Chlamydocola chlamydantha (K.Schum.) M.Bodard,3.25671,10.4927,50,Atog-boga,"1ha plot atogboga001, tag 74",11663,IRD plot,1792,74,atogboga001
P8290340.JPG,171744,NA/NA/2015,Strombosia pustulata Oliv.,3.25671,10.4927,50,Atog-boga,"1ha plot atogboga001, tag 73",11623,IRD plot,1821,73,atogboga001
P8290341.JPG,171744,NA/NA/2015,Strombosia pustulata Oliv.,3.25671,10.4927,50,Atog-boga,"1ha plot atogboga001, tag 73",11623,IRD plot,1821,73,atogboga001
P8290342.JPG,171744,NA/NA/2015,Strombosia pustulata Oliv.,3.25671,10.4927,50,Atog-boga,"1ha plot atogboga001, tag 73",11623,IRD plot,1821,73,atogboga001
P8290343.JPG,171744,NA/NA/2015,Strombosia pustulata Oliv.,3.25671,10.4927,50,Atog-boga,"1ha plot atogboga001, tag 73",11623,IRD plot,1821,73,atogboga001
P8290344.JPG,171744,NA/NA/2015,Strombosia pustulata Oliv.,3.25671,10.4927,50,Atog-boga,"1ha plot atogboga001, tag 73",11623,IRD plot,1821,73,atogboga001
P8290345.JPG,171744,NA/NA/2015,Strombosia pustulata Oliv.,3.25671,10.4927,50,Atog-boga,"1ha plot atogboga001, tag 73",11623,IRD plot,1821,73,atogboga001
P8290346.JPG,171744,NA/NA/2015,Strombosia pustulata Oliv.,3.25671,10.4927,50,Atog-boga,"1ha plot atogboga001, tag 73",11623,IRD plot,1821,73,atogboga001
P8290347.JPG,171744,NA/NA/2015,Strombosia pustulata Oliv.,3.25671,10.4927,50,Atog-boga,"1ha plot atogboga001, tag 73",11623,IRD plot,1821,73,atogboga001
P8290348.JPG,171744,NA/NA/2015,Strombosia pustulata Oliv.,3.25671,10.4927,50,Atog-boga,"1ha plot atogboga001, tag 73",11623,IRD plot,1821,73,atogboga001
P8290349.JPG,171744,NA/NA/2015,Strombosia pustulata Oliv.,3.25671,10.4927,50,Atog-boga,"1ha plot atogboga001, tag 73",11623,IRD plot,1821,73,atogboga001
P8290350.JPG,171762,NA/NA/2015,Irvingia gabonensis (Aubry-Lecomte ex O'Rorke) Baill.,3.25671,10.4927,50,Atog-boga,"1ha plot atogboga001, tag 91",11674,IRD plot,1795,91,atogboga001
P8290351.JPG,171762,NA/NA/2015,Irvingia gabonensis (Aubry-Lecomte ex O'Rorke) Baill.,3.25671,10.4927,50,Atog-boga,"1ha plot atogboga001, tag 91",11674,IRD plot,1795,91,atogboga001
P8290352.JPG,171762,NA/NA/2015,Irvingia gabonensis (Aubry-Lecomte ex O'Rorke) Baill.,3.25671,10.4927,50,Atog-boga,"1ha plot atogboga001, tag 91",11674,IRD plot,1795,91,atogboga001
P8290353.JPG,171762,NA/NA/2015,Irvingia gabonensis (Aubry-Lecomte ex O'Rorke) Baill.,3.25671,10.4927,50,Atog-boga,"1ha plot atogboga001, tag 91",11674,IRD plot,1795,91,atogboga001
P8290354.JPG,171762,NA/NA/2015,Irvingia gabonensis (Aubry-Lecomte ex O'Rorke) Baill.,3.25671,10.4927,50,Atog-boga,"1ha plot atogboga001, tag 91",11674,IRD plot,1795,91,atogboga001
P8290355.JPG,171762,NA/NA/2015,Irvingia gabonensis (Aubry-Lecomte ex O'Rorke) Baill.,3.25671,10.4927,50,Atog-boga,"1ha plot atogboga001, tag 91",11674,IRD plot,1795,91,atogboga001
P8290356.JPG,171762,NA/NA/2015,Irvingia gabonensis (Aubry-Lecomte ex O'Rorke) Baill.,3.25671,10.4927,50,Atog-boga,"1ha plot atogboga001, tag 91",11674,IRD plot,1795,91,atogboga001
P8290357.JPG,171762,NA/NA/2015,Irvingia gabonensis (Aubry-Lecomte ex O'Rorke) Baill.,3.25671,10.4927,50,Atog-boga,"1ha plot atogboga001, tag 91",11674,IRD plot,1795,91,atogboga001
P8290358.JPG,171761,NA/NA/2015,Panda oleosa Pierre,3.25671,10.4927,50,Atog-boga,"1ha plot atogboga001, tag 90",11634,IRD plot,1794,90,atogboga001
P8290359.JPG,171761,NA/NA/2015,Panda oleosa Pierre,3.25671,10.4927,50,Atog-boga,"1ha plot atogboga001, tag 90",11634,IRD plot,1794,90,atogboga001
P8290360.JPG,171761,NA/NA/2015,Panda oleosa Pierre,3.25671,10.4927,50,Atog-boga,"1ha plot atogboga001, tag 90",11634,IRD plot,1794,90,atogboga001
P8290361.JPG,171761,NA/NA/2015,Panda oleosa Pierre,3.25671,10.4927,50,Atog-boga,"1ha plot atogboga001, tag 90",11634,IRD plot,1794,90,atogboga001
P8290362.JPG,171761,NA/NA/2015,Panda oleosa Pierre,3.25671,10.4927,50,Atog-boga,"1ha plot atogboga001, tag 90",11634,IRD plot,1794,90,atogboga001
P8290363.JPG,171761,NA/NA/2015,Panda oleosa Pierre,3.25671,10.4927,50,Atog-boga,"1ha plot atogboga001, tag 90",11634,IRD plot,1794,90,atogboga001
P8290364.JPG,171761,NA/NA/2015,Panda oleosa Pierre,3.25671,10.4927,50,Atog-boga,"1ha plot atogboga001, tag 90",11634,IRD plot,1794,90,atogboga001
P8290365.JPG,171761,NA/NA/2015,Panda oleosa Pierre,3.25671,10.4927,50,Atog-boga,"1ha plot atogboga001, tag 90",11634,IRD plot,1794,90,atogboga001
P8290366.JPG,171761,NA/NA/2015,Panda oleosa Pierre,3.25671,10.4927,50,Atog-boga,"1ha plot atogboga001, tag 90",11634,IRD plot,1794,90,atogboga001
P8290367.JPG,171761,NA/NA/2015,Panda oleosa Pierre,3.25671,10.4927,50,Atog-boga,"1ha plot atogboga001, tag 90",11634,IRD plot,1794,90,atogboga001
P8290368.JPG,171761,NA/NA/2015,Panda oleosa Pierre,3.25671,10.4927,50,Atog-boga,"1ha plot atogboga001, tag 90",11634,IRD plot,1794,90,atogboga001
P8290369.JPG,171761,NA/NA/2015,Panda oleosa Pierre,3.25671,10.4927,50,Atog-boga,"1ha plot atogboga001, tag 90",11634,IRD plot,1794,90,atogboga001
P8290370.JPG,171765,NA/NA/2015,NA,3.25671,10.4927,50,Atog-boga,"1ha plot atogboga001, tag 94",11685,IRD plot,1797,94,atogboga001
P8290371.JPG,171765,NA/NA/2015,NA,3.25671,10.4927,50,Atog-boga,"1ha plot atogboga001, tag 94",11685,IRD plot,1797,94,atogboga001
P8290372.JPG,171765,NA/NA/2015,NA,3.25671,10.4927,50,Atog-boga,"1ha plot atogboga001, tag 94",11685,IRD plot,1797,94,atogboga001
P8290373.JPG,171765,NA/NA/2015,NA,3.25671,10.4927,50,Atog-boga,"1ha plot atogboga001, tag 94",11685,IRD plot,1797,94,atogboga001
P8290374.JPG,171765,NA/NA/2015,NA,3.25671,10.4927,50,Atog-boga,"1ha plot atogboga001, tag 94",11685,IRD plot,1797,94,atogboga001
P8290375.JPG,171765,NA/NA/2015,NA,3.25671,10.4927,50,Atog-boga,"1ha plot atogboga001, tag 94",11685,IRD plot,1797,94,atogboga001
P8290376.JPG,171765,NA/NA/2015,NA,3.25671,10.4927,50,Atog-boga,"1ha plot atogboga001, tag 94",11685,IRD plot,1797,94,atogboga001
P8290377.JPG,171765,NA/NA/2015,NA,3.25671,10.4927,50,Atog-boga,"1ha plot atogboga001, tag 94",11685,IRD plot,1797,94,atogboga001
P8290378.JPG,171765,NA/NA/2015,NA,3.25671,10.4927,50,Atog-boga,"1ha plot atogboga001, tag 94",11685,IRD plot,1797,94,atogboga001
P8290379.JPG,171765,NA/NA/2015,NA,3.25671,10.4927,50,Atog-boga,"1ha plot atogboga001, tag 94",11685,IRD plot,1797,94,atogboga001
P8290380.JPG,171765,NA/NA/2015,NA,3.25671,10.4927,50,Atog-boga,"1ha plot atogboga001, tag 94",11685,IRD plot,1797,94,atogboga001
P8290381.JPG,171765,NA/NA/2015,NA,3.25671,10.4927,50,Atog-boga,"1ha plot atogboga001, tag 94",11685,IRD plot,1797,94,atogboga001
P8290382.JPG,171765,NA/NA/2015,NA,3.25671,10.4927,50,Atog-boga,"1ha plot atogboga001, tag 94",11685,IRD plot,1797,94,atogboga001
P8290383.JPG,171767,NA/NA/2015,Tabernaemontana penduliflora K.Schum.,3.25671,10.4927,50,Atog-boga,"1ha plot atogboga001, tag 96",11647,IRD plot,1798,96,atogboga001
P8290384.JPG,171767,NA/NA/2015,Tabernaemontana penduliflora K.Schum.,3.25671,10.4927,50,Atog-boga,"1ha plot atogboga001, tag 96",11647,IRD plot,1798,96,atogboga001
P8290385.JPG,171767,NA/NA/2015,Tabernaemontana penduliflora K.Schum.,3.25671,10.4927,50,Atog-boga,"1ha plot atogboga001, tag 96",11647,IRD plot,1798,96,atogboga001
P8290386.JPG,171767,NA/NA/2015,Tabernaemontana penduliflora K.Schum.,3.25671,10.4927,50,Atog-boga,"1ha plot atogboga001, tag 96",11647,IRD plot,1798,96,atogboga001
P8290387.JPG,171767,NA/NA/2015,Tabernaemontana penduliflora K.Schum.,3.25671,10.4927,50,Atog-boga,"1ha plot atogboga001, tag 96",11647,IRD plot,1798,96,atogboga001
P8290388.JPG,171767,NA/NA/2015,Tabernaemontana penduliflora K.Schum.,3.25671,10.4927,50,Atog-boga,"1ha plot atogboga001, tag 96",11647,IRD plot,1798,96,atogboga001
P8290389.JPG,171767,NA/NA/2015,Tabernaemontana penduliflora K.Schum.,3.25671,10.4927,50,Atog-boga,"1ha plot atogboga001, tag 96",11647,IRD plot,1798,96,atogboga001
P8290390.JPG,171767,NA/NA/2015,Tabernaemontana penduliflora K.Schum.,3.25671,10.4927,50,Atog-boga,"1ha plot atogboga001, tag 96",11647,IRD plot,1798,96,atogboga001
P8290391.JPG,171767,NA/NA/2015,Tabernaemontana penduliflora K.Schum.,3.25671,10.4927,50,Atog-boga,"1ha plot atogboga001, tag 96",11647,IRD plot,1798,96,atogboga001
P8290392.JPG,171768,NA/NA/2015,Anisophyllea purpurascens Hutch. & Dalziel,3.25671,10.4927,50,Atog-boga,"1ha plot atogboga001, tag 97",11705,IRD plot,1799,97,atogboga001
P8290393.JPG,171768,NA/NA/2015,Anisophyllea purpurascens Hutch. & Dalziel,3.25671,10.4927,50,Atog-boga,"1ha plot atogboga001, tag 97",11705,IRD plot,1799,97,atogboga001
P8290394.JPG,171768,NA/NA/2015,Anisophyllea purpurascens Hutch. & Dalziel,3.25671,10.4927,50,Atog-boga,"1ha plot atogboga001, tag 97",11705,IRD plot,1799,97,atogboga001
P8290395.JPG,171768,NA/NA/2015,Anisophyllea purpurascens Hutch. & Dalziel,3.25671,10.4927,50,Atog-boga,"1ha plot atogboga001, tag 97",11705,IRD plot,1799,97,atogboga001
P8290396.JPG,171768,NA/NA/2015,Anisophyllea purpurascens Hutch. & Dalziel,3.25671,10.4927,50,Atog-boga,"1ha plot atogboga001, tag 97",11705,IRD plot,1799,97,atogboga001
P8290397.JPG,171768,NA/NA/2015,Anisophyllea purpurascens Hutch. & Dalziel,3.25671,10.4927,50,Atog-boga,"1ha plot atogboga001, tag 97",11705,IRD plot,1799,97,atogboga001
P8290398.JPG,171768,NA/NA/2015,Anisophyllea purpurascens Hutch. & Dalziel,3.25671,10.4927,50,Atog-boga,"1ha plot atogboga001, tag 97",11705,IRD plot,1799,97,atogboga001
P8290399.JPG,171768,NA/NA/2015,Anisophyllea purpurascens Hutch. & Dalziel,3.25671,10.4927,50,Atog-boga,"1ha plot atogboga001, tag 97",11705,IRD plot,1799,97,atogboga001
P8290400.JPG,171768,NA/NA/2015,Anisophyllea purpurascens Hutch. & Dalziel,3.25671,10.4927,50,Atog-boga,"1ha plot atogboga001, tag 97",11705,IRD plot,1799,97,atogboga001
P8290401.JPG,171768,NA/NA/2015,Anisophyllea purpurascens Hutch. & Dalziel,3.25671,10.4927,50,Atog-boga,"1ha plot atogboga001, tag 97",11705,IRD plot,1799,97,atogboga001
P8290402.JPG,171768,NA/NA/2015,Anisophyllea purpurascens Hutch. & Dalziel,3.25671,10.4927,50,Atog-boga,"1ha plot atogboga001, tag 97",11705,IRD plot,1799,97,atogboga001
P8290403.JPG,171768,NA/NA/2015,Anisophyllea purpurascens Hutch. & Dalziel,3.25671,10.4927,50,Atog-boga,"1ha plot atogboga001, tag 97",11705,IRD plot,1799,97,atogboga001
P8290404.JPG,171773,NA/NA/2015,Diospyros zenkeri (Gürke) F.White,3.25671,10.4927,50,Atog-boga,"1ha plot atogboga001, tag 102",11675,IRD plot,1800,102,atogboga001
P8290405.JPG,171773,NA/NA/2015,Diospyros zenkeri (Gürke) F.White,3.25671,10.4927,50,Atog-boga,"1ha plot atogboga001, tag 102",11675,IRD plot,1800,102,atogboga001
P8290406.JPG,171773,NA/NA/2015,Diospyros zenkeri (Gürke) F.White,3.25671,10.4927,50,Atog-boga,"1ha plot atogboga001, tag 102",11675,IRD plot,1800,102,atogboga001
P8290407.JPG,171773,NA/NA/2015,Diospyros zenkeri (Gürke) F.White,3.25671,10.4927,50,Atog-boga,"1ha plot atogboga001, tag 102",11675,IRD plot,1800,102,atogboga001
P8290408.JPG,171773,NA/NA/2015,Diospyros zenkeri (Gürke) F.White,3.25671,10.4927,50,Atog-boga,"1ha plot atogboga001, tag 102",11675,IRD plot,1800,102,atogboga001
P8290409.JPG,171773,NA/NA/2015,Diospyros zenkeri (Gürke) F.White,3.25671,10.4927,50,Atog-boga,"1ha plot atogboga001, tag 102",11675,IRD plot,1800,102,atogboga001
P8290410.JPG,171773,NA/NA/2015,Diospyros zenkeri (Gürke) F.White,3.25671,10.4927,50,Atog-boga,"1ha plot atogboga001, tag 102",11675,IRD plot,1800,102,atogboga001
P8290411.JPG,171773,NA/NA/2015,Diospyros zenkeri (Gürke) F.White,3.25671,10.4927,50,Atog-boga,"1ha plot atogboga001, tag 102",11675,IRD plot,1800,102,atogboga001
P8290412.JPG,171773,NA/NA/2015,Diospyros zenkeri (Gürke) F.White,3.25671,10.4927,50,Atog-boga,"1ha plot atogboga001, tag 102",11675,IRD plot,1800,102,atogboga001
P8290413.JPG,171773,NA/NA/2015,Diospyros zenkeri (Gürke) F.White,3.25671,10.4927,50,Atog-boga,"1ha plot atogboga001, tag 102",11675,IRD plot,1800,102,atogboga001
P8290414.JPG,171773,NA/NA/2015,Diospyros zenkeri (Gürke) F.White,3.25671,10.4927,50,Atog-boga,"1ha plot atogboga001, tag 102",11675,IRD plot,1800,102,atogboga001
P8290415.JPG,171778,NA/NA/2015,Centroplacus glaucinus Pierre,3.25671,10.4927,50,Atog-boga,"1ha plot atogboga001, tag 107",11715,IRD plot,1801,107,atogboga001
P8290416.JPG,171778,NA/NA/2015,Centroplacus glaucinus Pierre,3.25671,10.4927,50,Atog-boga,"1ha plot atogboga001, tag 107",11715,IRD plot,1801,107,atogboga001
P8290417.JPG,171778,NA/NA/2015,Centroplacus glaucinus Pierre,3.25671,10.4927,50,Atog-boga,"1ha plot atogboga001, tag 107",11715,IRD plot,1801,107,atogboga001
P8290418.JPG,171778,NA/NA/2015,Centroplacus glaucinus Pierre,3.25671,10.4927,50,Atog-boga,"1ha plot atogboga001, tag 107",11715,IRD plot,1801,107,atogboga001
P8290419.JPG,171778,NA/NA/2015,Centroplacus glaucinus Pierre,3.25671,10.4927,50,Atog-boga,"1ha plot atogboga001, tag 107",11715,IRD plot,1801,107,atogboga001
P8290420.JPG,171778,NA/NA/2015,Centroplacus glaucinus Pierre,3.25671,10.4927,50,Atog-boga,"1ha plot atogboga001, tag 107",11715,IRD plot,1801,107,atogboga001
P8290421.JPG,171778,NA/NA/2015,Centroplacus glaucinus Pierre,3.25671,10.4927,50,Atog-boga,"1ha plot atogboga001, tag 107",11715,IRD plot,1801,107,atogboga001
P8290422.JPG,171778,NA/NA/2015,Centroplacus glaucinus Pierre,3.25671,10.4927,50,Atog-boga,"1ha plot atogboga001, tag 107",11715,IRD plot,1801,107,atogboga001
P8290423.JPG,171778,NA/NA/2015,Centroplacus glaucinus Pierre,3.25671,10.4927,50,Atog-boga,"1ha plot atogboga001, tag 107",11715,IRD plot,1801,107,atogboga001
P8290424.JPG,171778,NA/NA/2015,Centroplacus glaucinus Pierre,3.25671,10.4927,50,Atog-boga,"1ha plot atogboga001, tag 107",11715,IRD plot,1801,107,atogboga001
P8290425.JPG,171778,NA/NA/2015,Centroplacus glaucinus Pierre,3.25671,10.4927,50,Atog-boga,"1ha plot atogboga001, tag 107",11715,IRD plot,1801,107,atogboga001
P8290426.JPG,171778,NA/NA/2015,Centroplacus glaucinus Pierre,3.25671,10.4927,50,Atog-boga,"1ha plot atogboga001, tag 107",11715,IRD plot,1801,107,atogboga001
P8290427.JPG,171778,NA/NA/2015,Centroplacus glaucinus Pierre,3.25671,10.4927,50,Atog-boga,"1ha plot atogboga001, tag 107",11715,IRD plot,1801,107,atogboga001
P8290428.JPG,171778,NA/NA/2015,Centroplacus glaucinus Pierre,3.25671,10.4927,50,Atog-boga,"1ha plot atogboga001, tag 107",11715,IRD plot,1801,107,atogboga001
P8290429.JPG,171782,NA/NA/2015,Annea afzelii (Oliv.) Mackinder & Wieringa,3.25671,10.4927,50,Atog-boga,"1ha plot atogboga001, tag 111",11687,IRD plot,1802,111,atogboga001
P8290430.JPG,171782,NA/NA/2015,Annea afzelii (Oliv.) Mackinder & Wieringa,3.25671,10.4927,50,Atog-boga,"1ha plot atogboga001, tag 111",11687,IRD plot,1802,111,atogboga001
P8290431.JPG,171782,NA/NA/2015,Annea afzelii (Oliv.) Mackinder & Wieringa,3.25671,10.4927,50,Atog-boga,"1ha plot atogboga001, tag 111",11687,IRD plot,1802,111,atogboga001
P8290432.JPG,171782,NA/NA/2015,Annea afzelii (Oliv.) Mackinder & Wieringa,3.25671,10.4927,50,Atog-boga,"1ha plot atogboga001, tag 111",11687,IRD plot,1802,111,atogboga001
P8290433.JPG,171782,NA/NA/2015,Annea afzelii (Oliv.) Mackinder & Wieringa,3.25671,10.4927,50,Atog-boga,"1ha plot atogboga001, tag 111",11687,IRD plot,1802,111,atogboga001
P8290434.JPG,171782,NA/NA/2015,Annea afzelii (Oliv.) Mackinder & Wieringa,3.25671,10.4927,50,Atog-boga,"1ha plot atogboga001, tag 111",11687,IRD plot,1802,111,atogboga001
P8290435.JPG,171782,NA/NA/2015,Annea afzelii (Oliv.) Mackinder & Wieringa,3.25671,10.4927,50,Atog-boga,"1ha plot atogboga001, tag 111",11687,IRD plot,1802,111,atogboga001
P8290436.JPG,171782,NA/NA/2015,Annea afzelii (Oliv.) Mackinder & Wieringa,3.25671,10.4927,50,Atog-boga,"1ha plot atogboga001, tag 111",11687,IRD plot,1802,111,atogboga001
P8290437.JPG,171782,NA/NA/2015,Annea afzelii (Oliv.) Mackinder & Wieringa,3.25671,10.4927,50,Atog-boga,"1ha plot atogboga001, tag 111",11687,IRD plot,1802,111,atogboga001
P8290438.JPG,171782,NA/NA/2015,Annea afzelii (Oliv.) Mackinder & Wieringa,3.25671,10.4927,50,Atog-boga,"1ha plot atogboga001, tag 111",11687,IRD plot,1802,111,atogboga001
P8290439.JPG,171782,NA/NA/2015,Annea afzelii (Oliv.) Mackinder & Wieringa,3.25671,10.4927,50,Atog-boga,"1ha plot atogboga001, tag 111",11687,IRD plot,1802,111,atogboga001
P8290440.JPG,171782,NA/NA/2015,Annea afzelii (Oliv.) Mackinder & Wieringa,3.25671,10.4927,50,Atog-boga,"1ha plot atogboga001, tag 111",11687,IRD plot,1802,111,atogboga001
P8290441.JPG,171782,NA/NA/2015,Annea afzelii (Oliv.) Mackinder & Wieringa,3.25671,10.4927,50,Atog-boga,"1ha plot atogboga001, tag 111",11687,IRD plot,1802,111,atogboga001
P8290442.JPG,171782,NA/NA/2015,Annea afzelii (Oliv.) Mackinder & Wieringa,3.25671,10.4927,50,Atog-boga,"1ha plot atogboga001, tag 111",11687,IRD plot,1802,111,atogboga001
P8290443.JPG,171782,NA/NA/2015,Annea afzelii (Oliv.) Mackinder & Wieringa,3.25671,10.4927,50,Atog-boga,"1ha plot atogboga001, tag 111",11687,IRD plot,1802,111,atogboga001
P8290445.JPG,171793,NA/NA/2015,Corynanthe macroceras K.Schum.,3.25671,10.4927,50,Atog-boga,"1ha plot atogboga001, tag 122",11668,IRD plot,1803,122,atogboga001
P8290446.JPG,171793,NA/NA/2015,Corynanthe macroceras K.Schum.,3.25671,10.4927,50,Atog-boga,"1ha plot atogboga001, tag 122",11668,IRD plot,1803,122,atogboga001
P8290447.JPG,171793,NA/NA/2015,Corynanthe macroceras K.Schum.,3.25671,10.4927,50,Atog-boga,"1ha plot atogboga001, tag 122",11668,IRD plot,1803,122,atogboga001
P8290448.JPG,171793,NA/NA/2015,Corynanthe macroceras K.Schum.,3.25671,10.4927,50,Atog-boga,"1ha plot atogboga001, tag 122",11668,IRD plot,1803,122,atogboga001
P8290449.JPG,171793,NA/NA/2015,Corynanthe macroceras K.Schum.,3.25671,10.4927,50,Atog-boga,"1ha plot atogboga001, tag 122",11668,IRD plot,1803,122,atogboga001
P8290450.JPG,171793,NA/NA/2015,Corynanthe macroceras K.Schum.,3.25671,10.4927,50,Atog-boga,"1ha plot atogboga001, tag 122",11668,IRD plot,1803,122,atogboga001
P8290451.JPG,171793,NA/NA/2015,Corynanthe macroceras K.Schum.,3.25671,10.4927,50,Atog-boga,"1ha plot atogboga001, tag 122",11668,IRD plot,1803,122,atogboga001
P8290452.JPG,171793,NA/NA/2015,Corynanthe macroceras K.Schum.,3.25671,10.4927,50,Atog-boga,"1ha plot atogboga001, tag 122",11668,IRD plot,1803,122,atogboga001
P8290453.JPG,171793,NA/NA/2015,Corynanthe macroceras K.Schum.,3.25671,10.4927,50,Atog-boga,"1ha plot atogboga001, tag 122",11668,IRD plot,1803,122,atogboga001
P8290454.JPG,171793,NA/NA/2015,Corynanthe macroceras K.Schum.,3.25671,10.4927,50,Atog-boga,"1ha plot atogboga001, tag 122",11668,IRD plot,1803,122,atogboga001
P8290455.JPG,171807,NA/NA/2015,Lepidobotrys staudtii Engl.,3.25671,10.4927,50,Atog-boga,"1ha plot atogboga001, tag 137",11661,IRD plot,1804,137,atogboga001
P8290456.JPG,171807,NA/NA/2015,Lepidobotrys staudtii Engl.,3.25671,10.4927,50,Atog-boga,"1ha plot atogboga001, tag 137",11661,IRD plot,1804,137,atogboga001
P8290457.JPG,171807,NA/NA/2015,Lepidobotrys staudtii Engl.,3.25671,10.4927,50,Atog-boga,"1ha plot atogboga001, tag 137",11661,IRD plot,1804,137,atogboga001
P8290458.JPG,171807,NA/NA/2015,Lepidobotrys staudtii Engl.,3.25671,10.4927,50,Atog-boga,"1ha plot atogboga001, tag 137",11661,IRD plot,1804,137,atogboga001
P8290459.JPG,171807,NA/NA/2015,Lepidobotrys staudtii Engl.,3.25671,10.4927,50,Atog-boga,"1ha plot atogboga001, tag 137",11661,IRD plot,1804,137,atogboga001
P8290460.JPG,171807,NA/NA/2015,Lepidobotrys staudtii Engl.,3.25671,10.4927,50,Atog-boga,"1ha plot atogboga001, tag 137",11661,IRD plot,1804,137,atogboga001
P8290461.JPG,171807,NA/NA/2015,Lepidobotrys staudtii Engl.,3.25671,10.4927,50,Atog-boga,"1ha plot atogboga001, tag 137",11661,IRD plot,1804,137,atogboga001
P8290462.JPG,171807,NA/NA/2015,Lepidobotrys staudtii Engl.,3.25671,10.4927,50,Atog-boga,"1ha plot atogboga001, tag 137",11661,IRD plot,1804,137,atogboga001
P8290463.JPG,171807,NA/NA/2015,Lepidobotrys staudtii Engl.,3.25671,10.4927,50,Atog-boga,"1ha plot atogboga001, tag 137",11661,IRD plot,1804,137,atogboga001
P8290464.JPG,171807,NA/NA/2015,Lepidobotrys staudtii Engl.,3.25671,10.4927,50,Atog-boga,"1ha plot atogboga001, tag 137",11661,IRD plot,1804,137,atogboga001
P8290465.JPG,171807,NA/NA/2015,Lepidobotrys staudtii Engl.,3.25671,10.4927,50,Atog-boga,"1ha plot atogboga001, tag 137",11661,IRD plot,1804,137,atogboga001
P8290466.JPG,171807,NA/NA/2015,Lepidobotrys staudtii Engl.,3.25671,10.4927,50,Atog-boga,"1ha plot atogboga001, tag 137",11661,IRD plot,1804,137,atogboga001
P8290467.JPG,171808,NA/NA/2015,Diospyros zenkeri (Gürke) F.White,3.25671,10.4927,50,Atog-boga,"1ha plot atogboga001, tag 138",11664,IRD plot,1805,138,atogboga001
P8290468.JPG,171808,NA/NA/2015,Diospyros zenkeri (Gürke) F.White,3.25671,10.4927,50,Atog-boga,"1ha plot atogboga001, tag 138",11664,IRD plot,1805,138,atogboga001
P8290469.JPG,171808,NA/NA/2015,Diospyros zenkeri (Gürke) F.White,3.25671,10.4927,50,Atog-boga,"1ha plot atogboga001, tag 138",11664,IRD plot,1805,138,atogboga001
P8290470.JPG,171808,NA/NA/2015,Diospyros zenkeri (Gürke) F.White,3.25671,10.4927,50,Atog-boga,"1ha plot atogboga001, tag 138",11664,IRD plot,1805,138,atogboga001
P8290471.JPG,171808,NA/NA/2015,Diospyros zenkeri (Gürke) F.White,3.25671,10.4927,50,Atog-boga,"1ha plot atogboga001, tag 138",11664,IRD plot,1805,138,atogboga001
P8290472.JPG,171808,NA/NA/2015,Diospyros zenkeri (Gürke) F.White,3.25671,10.4927,50,Atog-boga,"1ha plot atogboga001, tag 138",11664,IRD plot,1805,138,atogboga001
P8290473.JPG,171808,NA/NA/2015,Diospyros zenkeri (Gürke) F.White,3.25671,10.4927,50,Atog-boga,"1ha plot atogboga001, tag 138",11664,IRD plot,1805,138,atogboga001
P8290474.JPG,171808,NA/NA/2015,Diospyros zenkeri (Gürke) F.White,3.25671,10.4927,50,Atog-boga,"1ha plot atogboga001, tag 138",11664,IRD plot,1805,138,atogboga001
P8290475.JPG,171808,NA/NA/2015,Diospyros zenkeri (Gürke) F.White,3.25671,10.4927,50,Atog-boga,"1ha plot atogboga001, tag 138",11664,IRD plot,1805,138,atogboga001
P8290476.JPG,171809,NA/NA/2015,Julbernardia pellegriniana Troupin,3.25671,10.4927,50,Atog-boga,"1ha plot atogboga001, tag 139",11635,IRD plot,1806,139,atogboga001
P8290477.JPG,171809,NA/NA/2015,Julbernardia pellegriniana Troupin,3.25671,10.4927,50,Atog-boga,"1ha plot atogboga001, tag 139",11635,IRD plot,1806,139,atogboga001
P8290478.JPG,171809,NA/NA/2015,Julbernardia pellegriniana Troupin,3.25671,10.4927,50,Atog-boga,"1ha plot atogboga001, tag 139",11635,IRD plot,1806,139,atogboga001
P8290479.JPG,171809,NA/NA/2015,Julbernardia pellegriniana Troupin,3.25671,10.4927,50,Atog-boga,"1ha plot atogboga001, tag 139",11635,IRD plot,1806,139,atogboga001
P8290480.JPG,171809,NA/NA/2015,Julbernardia pellegriniana Troupin,3.25671,10.4927,50,Atog-boga,"1ha plot atogboga001, tag 139",11635,IRD plot,1806,139,atogboga001
P8290481.JPG,171809,NA/NA/2015,Julbernardia pellegriniana Troupin,3.25671,10.4927,50,Atog-boga,"1ha plot atogboga001, tag 139",11635,IRD plot,1806,139,atogboga001
P8290482.JPG,171809,NA/NA/2015,Julbernardia pellegriniana Troupin,3.25671,10.4927,50,Atog-boga,"1ha plot atogboga001, tag 139",11635,IRD plot,1806,139,atogboga001
P8290483.JPG,171809,NA/NA/2015,Julbernardia pellegriniana Troupin,3.25671,10.4927,50,Atog-boga,"1ha plot atogboga001, tag 139",11635,IRD plot,1806,139,atogboga001
P8290484.JPG,171809,NA/NA/2015,Julbernardia pellegriniana Troupin,3.25671,10.4927,50,Atog-boga,"1ha plot atogboga001, tag 139",11635,IRD plot,1806,139,atogboga001
P8290485.JPG,171809,NA/NA/2015,Julbernardia pellegriniana Troupin,3.25671,10.4927,50,Atog-boga,"1ha plot atogboga001, tag 139",11635,IRD plot,1806,139,atogboga001
P8290486.JPG,171812,NA/NA/2015,Strombosia pustulata Oliv.,3.25671,10.4927,50,Atog-boga,"1ha plot atogboga001, tag 142",11613,IRD plot,1807,142,atogboga001
P8290487.JPG,171812,NA/NA/2015,Strombosia pustulata Oliv.,3.25671,10.4927,50,Atog-boga,"1ha plot atogboga001, tag 142",11613,IRD plot,1807,142,atogboga001
P8290488.JPG,171812,NA/NA/2015,Strombosia pustulata Oliv.,3.25671,10.4927,50,Atog-boga,"1ha plot atogboga001, tag 142",11613,IRD plot,1807,142,atogboga001
P8290489.JPG,171812,NA/NA/2015,Strombosia pustulata Oliv.,3.25671,10.4927,50,Atog-boga,"1ha plot atogboga001, tag 142",11613,IRD plot,1807,142,atogboga001
P8290490.JPG,171812,NA/NA/2015,Strombosia pustulata Oliv.,3.25671,10.4927,50,Atog-boga,"1ha plot atogboga001, tag 142",11613,IRD plot,1807,142,atogboga001
P8290491.JPG,171812,NA/NA/2015,Strombosia pustulata Oliv.,3.25671,10.4927,50,Atog-boga,"1ha plot atogboga001, tag 142",11613,IRD plot,1807,142,atogboga001
P8290492.JPG,171812,NA/NA/2015,Strombosia pustulata Oliv.,3.25671,10.4927,50,Atog-boga,"1ha plot atogboga001, tag 142",11613,IRD plot,1807,142,atogboga001
P8290493.JPG,171812,NA/NA/2015,Strombosia pustulata Oliv.,3.25671,10.4927,50,Atog-boga,"1ha plot atogboga001, tag 142",11613,IRD plot,1807,142,atogboga001
P8290494.JPG,171812,NA/NA/2015,Strombosia pustulata Oliv.,3.25671,10.4927,50,Atog-boga,"1ha plot atogboga001, tag 142",11613,IRD plot,1807,142,atogboga001
P8290496.JPG,171808,NA/NA/2015,Diospyros zenkeri (Gürke) F.White,3.25671,10.4927,50,Atog-boga,"1ha plot atogboga001, tag 138",11664,IRD plot,1805,138,atogboga001
P8290497.JPG,171808,NA/NA/2015,Diospyros zenkeri (Gürke) F.White,3.25671,10.4927,50,Atog-boga,"1ha plot atogboga001, tag 138",11664,IRD plot,1805,138,atogboga001
P8290498.JPG,171808,NA/NA/2015,Diospyros zenkeri (Gürke) F.White,3.25671,10.4927,50,Atog-boga,"1ha plot atogboga001, tag 138",11664,IRD plot,1805,138,atogboga001
P8290499.JPG,171808,NA/NA/2015,Diospyros zenkeri (Gürke) F.White,3.25671,10.4927,50,Atog-boga,"1ha plot atogboga001, tag 138",11664,IRD plot,1805,138,atogboga001
P8290500.JPG,171808,NA/NA/2015,Diospyros zenkeri (Gürke) F.White,3.25671,10.4927,50,Atog-boga,"1ha plot atogboga001, tag 138",11664,IRD plot,1805,138,atogboga001
P8290501.JPG,171808,NA/NA/2015,Diospyros zenkeri (Gürke) F.White,3.25671,10.4927,50,Atog-boga,"1ha plot atogboga001, tag 138",11664,IRD plot,1805,138,atogboga001
P8290502.JPG,171808,NA/NA/2015,Diospyros zenkeri (Gürke) F.White,3.25671,10.4927,50,Atog-boga,"1ha plot atogboga001, tag 138",11664,IRD plot,1805,138,atogboga001
P8290503.JPG,171808,NA/NA/2015,Diospyros zenkeri (Gürke) F.White,3.25671,10.4927,50,Atog-boga,"1ha plot atogboga001, tag 138",11664,IRD plot,1805,138,atogboga001
P8290504.JPG,171877,NA/NA/2015,NA,3.25671,10.4927,50,Atog-boga,"1ha plot atogboga001, tag 207",11709,IRD plot,1814,207,atogboga001
P8290505.JPG,171877,NA/NA/2015,NA,3.25671,10.4927,50,Atog-boga,"1ha plot atogboga001, tag 207",11709,IRD plot,1814,207,atogboga001
P8290506.JPG,171877,NA/NA/2015,NA,3.25671,10.4927,50,Atog-boga,"1ha plot atogboga001, tag 207",11709,IRD plot,1814,207,atogboga001
P8290523.JPG,171868,NA/NA/2015,Coula edulis Baill.,3.25671,10.4927,50,Atog-boga,"1ha plot atogboga001, tag 198",11617,IRD plot,1811,198,atogboga001
P8290524.JPG,171868,NA/NA/2015,Coula edulis Baill.,3.25671,10.4927,50,Atog-boga,"1ha plot atogboga001, tag 198",11617,IRD plot,1811,198,atogboga001
P8290525.JPG,171868,NA/NA/2015,Coula edulis Baill.,3.25671,10.4927,50,Atog-boga,"1ha plot atogboga001, tag 198",11617,IRD plot,1811,198,atogboga001
P8290526.JPG,171868,NA/NA/2015,Coula edulis Baill.,3.25671,10.4927,50,Atog-boga,"1ha plot atogboga001, tag 198",11617,IRD plot,1811,198,atogboga001
P8290527.JPG,171868,NA/NA/2015,Coula edulis Baill.,3.25671,10.4927,50,Atog-boga,"1ha plot atogboga001, tag 198",11617,IRD plot,1811,198,atogboga001
P8290528.JPG,171868,NA/NA/2015,Coula edulis Baill.,3.25671,10.4927,50,Atog-boga,"1ha plot atogboga001, tag 198",11617,IRD plot,1811,198,atogboga001
P8290529.JPG,171868,NA/NA/2015,Coula edulis Baill.,3.25671,10.4927,50,Atog-boga,"1ha plot atogboga001, tag 198",11617,IRD plot,1811,198,atogboga001
P8290530.JPG,171868,NA/NA/2015,Coula edulis Baill.,3.25671,10.4927,50,Atog-boga,"1ha plot atogboga001, tag 198",11617,IRD plot,1811,198,atogboga001
P8290531.JPG,171868,NA/NA/2015,Coula edulis Baill.,3.25671,10.4927,50,Atog-boga,"1ha plot atogboga001, tag 198",11617,IRD plot,1811,198,atogboga001
P8290532.JPG,171868,NA/NA/2015,Coula edulis Baill.,3.25671,10.4927,50,Atog-boga,"1ha plot atogboga001, tag 198",11617,IRD plot,1811,198,atogboga001
P8290533.JPG,171868,NA/NA/2015,Coula edulis Baill.,3.25671,10.4927,50,Atog-boga,"1ha plot atogboga001, tag 198",11617,IRD plot,1811,198,atogboga001
P8290534.JPG,171868,NA/NA/2015,Coula edulis Baill.,3.25671,10.4927,50,Atog-boga,"1ha plot atogboga001, tag 198",11617,IRD plot,1811,198,atogboga001
P8290535.JPG,171868,NA/NA/2015,Coula edulis Baill.,3.25671,10.4927,50,Atog-boga,"1ha plot atogboga001, tag 198",11617,IRD plot,1811,198,atogboga001
P8290536.JPG,171868,NA/NA/2015,Coula edulis Baill.,3.25671,10.4927,50,Atog-boga,"1ha plot atogboga001, tag 198",11617,IRD plot,1811,198,atogboga001
P8290537.JPG,171868,NA/NA/2015,Coula edulis Baill.,3.25671,10.4927,50,Atog-boga,"1ha plot atogboga001, tag 198",11617,IRD plot,1811,198,atogboga001
P8290538.JPG,171868,NA/NA/2015,Coula edulis Baill.,3.25671,10.4927,50,Atog-boga,"1ha plot atogboga001, tag 198",11617,IRD plot,1811,198,atogboga001
P8290539.JPG,171844,NA/NA/2015,Garcinia ovalifolia Oliv.,3.25671,10.4927,50,Atog-boga,"1ha plot atogboga001, tag 174",11657,IRD plot,1809,174,atogboga001
P8290540.JPG,171844,NA/NA/2015,Garcinia ovalifolia Oliv.,3.25671,10.4927,50,Atog-boga,"1ha plot atogboga001, tag 174",11657,IRD plot,1809,174,atogboga001
P8290541.JPG,171844,NA/NA/2015,Garcinia ovalifolia Oliv.,3.25671,10.4927,50,Atog-boga,"1ha plot atogboga001, tag 174",11657,IRD plot,1809,174,atogboga001
P8290542.JPG,171844,NA/NA/2015,Garcinia ovalifolia Oliv.,3.25671,10.4927,50,Atog-boga,"1ha plot atogboga001, tag 174",11657,IRD plot,1809,174,atogboga001
P8290543.JPG,171844,NA/NA/2015,Garcinia ovalifolia Oliv.,3.25671,10.4927,50,Atog-boga,"1ha plot atogboga001, tag 174",11657,IRD plot,1809,174,atogboga001
P8290544.JPG,171844,NA/NA/2015,Garcinia ovalifolia Oliv.,3.25671,10.4927,50,Atog-boga,"1ha plot atogboga001, tag 174",11657,IRD plot,1809,174,atogboga001
P8290545.JPG,171844,NA/NA/2015,Garcinia ovalifolia Oliv.,3.25671,10.4927,50,Atog-boga,"1ha plot atogboga001, tag 174",11657,IRD plot,1809,174,atogboga001
P8290546.JPG,171844,NA/NA/2015,Garcinia ovalifolia Oliv.,3.25671,10.4927,50,Atog-boga,"1ha plot atogboga001, tag 174",11657,IRD plot,1809,174,atogboga001
P8290547.JPG,171844,NA/NA/2015,Garcinia ovalifolia Oliv.,3.25671,10.4927,50,Atog-boga,"1ha plot atogboga001, tag 174",11657,IRD plot,1809,174,atogboga001
P8290549.JPG,171882,NA/NA/2015,NA,3.25671,10.4927,50,Atog-boga,"1ha plot atogboga001, tag 212",11689,IRD plot,1815,212,atogboga001
P8290550.JPG,171882,NA/NA/2015,NA,3.25671,10.4927,50,Atog-boga,"1ha plot atogboga001, tag 212",11689,IRD plot,1815,212,atogboga001
P8290551.JPG,171882,NA/NA/2015,NA,3.25671,10.4927,50,Atog-boga,"1ha plot atogboga001, tag 212",11689,IRD plot,1815,212,atogboga001
P8290552.JPG,171882,NA/NA/2015,NA,3.25671,10.4927,50,Atog-boga,"1ha plot atogboga001, tag 212",11689,IRD plot,1815,212,atogboga001
P8290553.JPG,171882,NA/NA/2015,NA,3.25671,10.4927,50,Atog-boga,"1ha plot atogboga001, tag 212",11689,IRD plot,1815,212,atogboga001
P8290554.JPG,171882,NA/NA/2015,NA,3.25671,10.4927,50,Atog-boga,"1ha plot atogboga001, tag 212",11689,IRD plot,1815,212,atogboga001
P8290555.JPG,171874,NA/NA/2015,Pseudospondias microcarpa (A.Rich.) Engl.,3.25671,10.4927,50,Atog-boga,"1ha plot atogboga001, tag 204",11720,IRD plot,1813,204,atogboga001
P8290556.JPG,171874,NA/NA/2015,Pseudospondias microcarpa (A.Rich.) Engl.,3.25671,10.4927,50,Atog-boga,"1ha plot atogboga001, tag 204",11720,IRD plot,1813,204,atogboga001
P8290557.JPG,171874,NA/NA/2015,Pseudospondias microcarpa (A.Rich.) Engl.,3.25671,10.4927,50,Atog-boga,"1ha plot atogboga001, tag 204",11720,IRD plot,1813,204,atogboga001
P8290558.JPG,171874,NA/NA/2015,Pseudospondias microcarpa (A.Rich.) Engl.,3.25671,10.4927,50,Atog-boga,"1ha plot atogboga001, tag 204",11720,IRD plot,1813,204,atogboga001
P8290559.JPG,171874,NA/NA/2015,Pseudospondias microcarpa (A.Rich.) Engl.,3.25671,10.4927,50,Atog-boga,"1ha plot atogboga001, tag 204",11720,IRD plot,1813,204,atogboga001
P8290560.JPG,171874,NA/NA/2015,Pseudospondias microcarpa (A.Rich.) Engl.,3.25671,10.4927,50,Atog-boga,"1ha plot atogboga001, tag 204",11720,IRD plot,1813,204,atogboga001
P8290561.JPG,171874,NA/NA/2015,Pseudospondias microcarpa (A.Rich.) Engl.,3.25671,10.4927,50,Atog-boga,"1ha plot atogboga001, tag 204",11720,IRD plot,1813,204,atogboga001
P8290562.JPG,171874,NA/NA/2015,Pseudospondias microcarpa (A.Rich.) Engl.,3.25671,10.4927,50,Atog-boga,"1ha plot atogboga001, tag 204",11720,IRD plot,1813,204,atogboga001
P8290563.JPG,171874,NA/NA/2015,Pseudospondias microcarpa (A.Rich.) Engl.,3.25671,10.4927,50,Atog-boga,"1ha plot atogboga001, tag 204",11720,IRD plot,1813,204,atogboga001
P8290564.JPG,171874,NA/NA/2015,Pseudospondias microcarpa (A.Rich.) Engl.,3.25671,10.4927,50,Atog-boga,"1ha plot atogboga001, tag 204",11720,IRD plot,1813,204,atogboga001
P8290565.JPG,171874,NA/NA/2015,Pseudospondias microcarpa (A.Rich.) Engl.,3.25671,10.4927,50,Atog-boga,"1ha plot atogboga001, tag 204",11720,IRD plot,1813,204,atogboga001
P8290566.JPG,171869,NA/NA/2015,Scottellia klaineana Pierre,3.25671,10.4927,50,Atog-boga,"1ha plot atogboga001, tag 199",11659,IRD plot,1812,199,atogboga001
P8290567.JPG,171869,NA/NA/2015,Scottellia klaineana Pierre,3.25671,10.4927,50,Atog-boga,"1ha plot atogboga001, tag 199",11659,IRD plot,1812,199,atogboga001
P8290568.JPG,171869,NA/NA/2015,Scottellia klaineana Pierre,3.25671,10.4927,50,Atog-boga,"1ha plot atogboga001, tag 199",11659,IRD plot,1812,199,atogboga001
P8290569.JPG,171869,NA/NA/2015,Scottellia klaineana Pierre,3.25671,10.4927,50,Atog-boga,"1ha plot atogboga001, tag 199",11659,IRD plot,1812,199,atogboga001
P8290570.JPG,171869,NA/NA/2015,Scottellia klaineana Pierre,3.25671,10.4927,50,Atog-boga,"1ha plot atogboga001, tag 199",11659,IRD plot,1812,199,atogboga001
P8290571.JPG,171869,NA/NA/2015,Scottellia klaineana Pierre,3.25671,10.4927,50,Atog-boga,"1ha plot atogboga001, tag 199",11659,IRD plot,1812,199,atogboga001
P8290572.JPG,171869,NA/NA/2015,Scottellia klaineana Pierre,3.25671,10.4927,50,Atog-boga,"1ha plot atogboga001, tag 199",11659,IRD plot,1812,199,atogboga001
P8290573.JPG,171869,NA/NA/2015,Scottellia klaineana Pierre,3.25671,10.4927,50,Atog-boga,"1ha plot atogboga001, tag 199",11659,IRD plot,1812,199,atogboga001
P8290574.JPG,171869,NA/NA/2015,Scottellia klaineana Pierre,3.25671,10.4927,50,Atog-boga,"1ha plot atogboga001, tag 199",11659,IRD plot,1812,199,atogboga001
P8290598.JPG,171892,NA/NA/2015,NA,3.25671,10.4927,50,Atog-boga,"1ha plot atogboga001, tag 222",11698,IRD plot,1816,222,atogboga001
P8290599.JPG,171892,NA/NA/2015,NA,3.25671,10.4927,50,Atog-boga,"1ha plot atogboga001, tag 222",11698,IRD plot,1816,222,atogboga001
P8290600.JPG,171892,NA/NA/2015,NA,3.25671,10.4927,50,Atog-boga,"1ha plot atogboga001, tag 222",11698,IRD plot,1816,222,atogboga001
P8290601.JPG,171892,NA/NA/2015,NA,3.25671,10.4927,50,Atog-boga,"1ha plot atogboga001, tag 222",11698,IRD plot,1816,222,atogboga001
P8290602.JPG,171892,NA/NA/2015,NA,3.25671,10.4927,50,Atog-boga,"1ha plot atogboga001, tag 222",11698,IRD plot,1816,222,atogboga001
P8290603.JPG,171892,NA/NA/2015,NA,3.25671,10.4927,50,Atog-boga,"1ha plot atogboga001, tag 222",11698,IRD plot,1816,222,atogboga001
P8290604.JPG,171892,NA/NA/2015,NA,3.25671,10.4927,50,Atog-boga,"1ha plot atogboga001, tag 222",11698,IRD plot,1816,222,atogboga001
P8290605.JPG,171892,NA/NA/2015,NA,3.25671,10.4927,50,Atog-boga,"1ha plot atogboga001, tag 222",11698,IRD plot,1816,222,atogboga001
P8290606.JPG,171892,NA/NA/2015,NA,3.25671,10.4927,50,Atog-boga,"1ha plot atogboga001, tag 222",11698,IRD plot,1816,222,atogboga001
P8290607.JPG,171892,NA/NA/2015,NA,3.25671,10.4927,50,Atog-boga,"1ha plot atogboga001, tag 222",11698,IRD plot,1816,222,atogboga001
P8290608.JPG,171892,NA/NA/2015,NA,3.25671,10.4927,50,Atog-boga,"1ha plot atogboga001, tag 222",11698,IRD plot,1816,222,atogboga001
P8290609.JPG,171892,NA/NA/2015,NA,3.25671,10.4927,50,Atog-boga,"1ha plot atogboga001, tag 222",11698,IRD plot,1816,222,atogboga001
P8290610.JPG,171892,NA/NA/2015,NA,3.25671,10.4927,50,Atog-boga,"1ha plot atogboga001, tag 222",11698,IRD plot,1816,222,atogboga001
P8290611.JPG,171919,NA/NA/2015,Strombosia grandifolia Hook.f.,3.25671,10.4927,50,Atog-boga,"1ha plot atogboga001, tag 249",11653,IRD plot,1818,249,atogboga001
P8290612.JPG,171919,NA/NA/2015,Strombosia grandifolia Hook.f.,3.25671,10.4927,50,Atog-boga,"1ha plot atogboga001, tag 249",11653,IRD plot,1818,249,atogboga001
P8290613.JPG,171919,NA/NA/2015,Strombosia grandifolia Hook.f.,3.25671,10.4927,50,Atog-boga,"1ha plot atogboga001, tag 249",11653,IRD plot,1818,249,atogboga001
P8290614.JPG,171919,NA/NA/2015,Strombosia grandifolia Hook.f.,3.25671,10.4927,50,Atog-boga,"1ha plot atogboga001, tag 249",11653,IRD plot,1818,249,atogboga001
P8290615.JPG,171919,NA/NA/2015,Strombosia grandifolia Hook.f.,3.25671,10.4927,50,Atog-boga,"1ha plot atogboga001, tag 249",11653,IRD plot,1818,249,atogboga001
P8290616.JPG,171919,NA/NA/2015,Strombosia grandifolia Hook.f.,3.25671,10.4927,50,Atog-boga,"1ha plot atogboga001, tag 249",11653,IRD plot,1818,249,atogboga001
P8290617.JPG,171919,NA/NA/2015,Strombosia grandifolia Hook.f.,3.25671,10.4927,50,Atog-boga,"1ha plot atogboga001, tag 249",11653,IRD plot,1818,249,atogboga001
P8290618.JPG,171919,NA/NA/2015,Strombosia grandifolia Hook.f.,3.25671,10.4927,50,Atog-boga,"1ha plot atogboga001, tag 249",11653,IRD plot,1818,249,atogboga001
P8290619.JPG,171921,NA/NA/2015,Coula edulis Baill.,3.25671,10.4927,50,Atog-boga,"1ha plot atogboga001, tag 251",11614,IRD plot,1819,251,atogboga001
P8290620.JPG,171921,NA/NA/2015,Coula edulis Baill.,3.25671,10.4927,50,Atog-boga,"1ha plot atogboga001, tag 251",11614,IRD plot,1819,251,atogboga001
P8290621.JPG,171921,NA/NA/2015,Coula edulis Baill.,3.25671,10.4927,50,Atog-boga,"1ha plot atogboga001, tag 251",11614,IRD plot,1819,251,atogboga001
P8290622.JPG,171921,NA/NA/2015,Coula edulis Baill.,3.25671,10.4927,50,Atog-boga,"1ha plot atogboga001, tag 251",11614,IRD plot,1819,251,atogboga001
P8290623.JPG,171921,NA/NA/2015,Coula edulis Baill.,3.25671,10.4927,50,Atog-boga,"1ha plot atogboga001, tag 251",11614,IRD plot,1819,251,atogboga001
P8290624.JPG,171921,NA/NA/2015,Coula edulis Baill.,3.25671,10.4927,50,Atog-boga,"1ha plot atogboga001, tag 251",11614,IRD plot,1819,251,atogboga001
P8290625.JPG,171916,NA/NA/2015,Anthonotha macrophylla P.Beauv.,3.25671,10.4927,50,Atog-boga,"1ha plot atogboga001, tag 246",11658,IRD plot,1817,246,atogboga001
P8290626.JPG,171916,NA/NA/2015,Anthonotha macrophylla P.Beauv.,3.25671,10.4927,50,Atog-boga,"1ha plot atogboga001, tag 246",11658,IRD plot,1817,246,atogboga001
P8290627.JPG,171916,NA/NA/2015,Anthonotha macrophylla P.Beauv.,3.25671,10.4927,50,Atog-boga,"1ha plot atogboga001, tag 246",11658,IRD plot,1817,246,atogboga001
P8290628.JPG,171916,NA/NA/2015,Anthonotha macrophylla P.Beauv.,3.25671,10.4927,50,Atog-boga,"1ha plot atogboga001, tag 246",11658,IRD plot,1817,246,atogboga001
P8290629.JPG,171916,NA/NA/2015,Anthonotha macrophylla P.Beauv.,3.25671,10.4927,50,Atog-boga,"1ha plot atogboga001, tag 246",11658,IRD plot,1817,246,atogboga001
P8290630.JPG,171958,NA/NA/2015,Strombosia pustulata Oliv.,3.25671,10.4927,50,Atog-boga,"1ha plot atogboga001, tag 288",11623,IRD plot,1821,288,atogboga001
P8290631.JPG,171958,NA/NA/2015,Strombosia pustulata Oliv.,3.25671,10.4927,50,Atog-boga,"1ha plot atogboga001, tag 288",11623,IRD plot,1821,288,atogboga001
P8290632.JPG,171958,NA/NA/2015,Strombosia pustulata Oliv.,3.25671,10.4927,50,Atog-boga,"1ha plot atogboga001, tag 288",11623,IRD plot,1821,288,atogboga001
P8290633.JPG,171958,NA/NA/2015,Strombosia pustulata Oliv.,3.25671,10.4927,50,Atog-boga,"1ha plot atogboga001, tag 288",11623,IRD plot,1821,288,atogboga001
P8290634.JPG,171958,NA/NA/2015,Strombosia pustulata Oliv.,3.25671,10.4927,50,Atog-boga,"1ha plot atogboga001, tag 288",11623,IRD plot,1821,288,atogboga001
P8290635.JPG,171958,NA/NA/2015,Strombosia pustulata Oliv.,3.25671,10.4927,50,Atog-boga,"1ha plot atogboga001, tag 288",11623,IRD plot,1821,288,atogboga001
P8290636.JPG,171958,NA/NA/2015,Strombosia pustulata Oliv.,3.25671,10.4927,50,Atog-boga,"1ha plot atogboga001, tag 288",11623,IRD plot,1821,288,atogboga001
P8290637.JPG,171958,NA/NA/2015,Strombosia pustulata Oliv.,3.25671,10.4927,50,Atog-boga,"1ha plot atogboga001, tag 288",11623,IRD plot,1821,288,atogboga001
P8290638.JPG,171950,NA/NA/2015,NA,3.25671,10.4927,50,Atog-boga,"1ha plot atogboga001, tag 280",11688,IRD plot,1820,280,atogboga001
P8290639.JPG,171950,NA/NA/2015,NA,3.25671,10.4927,50,Atog-boga,"1ha plot atogboga001, tag 280",11688,IRD plot,1820,280,atogboga001
P8290640.JPG,171950,NA/NA/2015,NA,3.25671,10.4927,50,Atog-boga,"1ha plot atogboga001, tag 280",11688,IRD plot,1820,280,atogboga001
P8290641.JPG,171950,NA/NA/2015,NA,3.25671,10.4927,50,Atog-boga,"1ha plot atogboga001, tag 280",11688,IRD plot,1820,280,atogboga001
P8290642.JPG,171950,NA/NA/2015,NA,3.25671,10.4927,50,Atog-boga,"1ha plot atogboga001, tag 280",11688,IRD plot,1820,280,atogboga001
P8290643.JPG,171950,NA/NA/2015,NA,3.25671,10.4927,50,Atog-boga,"1ha plot atogboga001, tag 280",11688,IRD plot,1820,280,atogboga001
P8290644.JPG,171950,NA/NA/2015,NA,3.25671,10.4927,50,Atog-boga,"1ha plot atogboga001, tag 280",11688,IRD plot,1820,280,atogboga001
P8290645.JPG,171950,NA/NA/2015,NA,3.25671,10.4927,50,Atog-boga,"1ha plot atogboga001, tag 280",11688,IRD plot,1820,280,atogboga001
P8290646.JPG,171964,NA/NA/2015,Hypodaphnis zenkeri (Engl.) Stapf,3.25671,10.4927,50,Atog-boga,"1ha plot atogboga001, tag 294",11677,IRD plot,1866,294,atogboga001
P8290647.JPG,171964,NA/NA/2015,Hypodaphnis zenkeri (Engl.) Stapf,3.25671,10.4927,50,Atog-boga,"1ha plot atogboga001, tag 294",11677,IRD plot,1866,294,atogboga001
P8290648.JPG,171964,NA/NA/2015,Hypodaphnis zenkeri (Engl.) Stapf,3.25671,10.4927,50,Atog-boga,"1ha plot atogboga001, tag 294",11677,IRD plot,1866,294,atogboga001
P8290649.JPG,171964,NA/NA/2015,Hypodaphnis zenkeri (Engl.) Stapf,3.25671,10.4927,50,Atog-boga,"1ha plot atogboga001, tag 294",11677,IRD plot,1866,294,atogboga001
P8290650.JPG,171964,NA/NA/2015,Hypodaphnis zenkeri (Engl.) Stapf,3.25671,10.4927,50,Atog-boga,"1ha plot atogboga001, tag 294",11677,IRD plot,1866,294,atogboga001
P8290651.JPG,171964,NA/NA/2015,Hypodaphnis zenkeri (Engl.) Stapf,3.25671,10.4927,50,Atog-boga,"1ha plot atogboga001, tag 294",11677,IRD plot,1866,294,atogboga001
P8290652.JPG,171964,NA/NA/2015,Hypodaphnis zenkeri (Engl.) Stapf,3.25671,10.4927,50,Atog-boga,"1ha plot atogboga001, tag 294",11677,IRD plot,1866,294,atogboga001
P8290653.JPG,171964,NA/NA/2015,Hypodaphnis zenkeri (Engl.) Stapf,3.25671,10.4927,50,Atog-boga,"1ha plot atogboga001, tag 294",11677,IRD plot,1866,294,atogboga001
P8290654.JPG,171964,NA/NA/2015,Hypodaphnis zenkeri (Engl.) Stapf,3.25671,10.4927,50,Atog-boga,"1ha plot atogboga001, tag 294",11677,IRD plot,1866,294,atogboga001
P8290655.JPG,171964,NA/NA/2015,Hypodaphnis zenkeri (Engl.) Stapf,3.25671,10.4927,50,Atog-boga,"1ha plot atogboga001, tag 294",11677,IRD plot,1866,294,atogboga001
P8290656.JPG,171976,NA/NA/2015,Lophira alata Banks ex C.F.Gaertn.,3.25671,10.4927,50,Atog-boga,"1ha plot atogboga001, tag 306",11629,IRD plot,1822,306,atogboga001
P8290657.JPG,171976,NA/NA/2015,Lophira alata Banks ex C.F.Gaertn.,3.25671,10.4927,50,Atog-boga,"1ha plot atogboga001, tag 306",11629,IRD plot,1822,306,atogboga001
P8290658.JPG,171976,NA/NA/2015,Lophira alata Banks ex C.F.Gaertn.,3.25671,10.4927,50,Atog-boga,"1ha plot atogboga001, tag 306",11629,IRD plot,1822,306,atogboga001
P8290659.JPG,171976,NA/NA/2015,Lophira alata Banks ex C.F.Gaertn.,3.25671,10.4927,50,Atog-boga,"1ha plot atogboga001, tag 306",11629,IRD plot,1822,306,atogboga001
P8290660.JPG,171976,NA/NA/2015,Lophira alata Banks ex C.F.Gaertn.,3.25671,10.4927,50,Atog-boga,"1ha plot atogboga001, tag 306",11629,IRD plot,1822,306,atogboga001
P8290661.JPG,171976,NA/NA/2015,Lophira alata Banks ex C.F.Gaertn.,3.25671,10.4927,50,Atog-boga,"1ha plot atogboga001, tag 306",11629,IRD plot,1822,306,atogboga001
P8290662.JPG,171976,NA/NA/2015,Lophira alata Banks ex C.F.Gaertn.,3.25671,10.4927,50,Atog-boga,"1ha plot atogboga001, tag 306",11629,IRD plot,1822,306,atogboga001
P8290663.JPG,171976,NA/NA/2015,Lophira alata Banks ex C.F.Gaertn.,3.25671,10.4927,50,Atog-boga,"1ha plot atogboga001, tag 306",11629,IRD plot,1822,306,atogboga001
P8290664.JPG,171976,NA/NA/2015,Lophira alata Banks ex C.F.Gaertn.,3.25671,10.4927,50,Atog-boga,"1ha plot atogboga001, tag 306",11629,IRD plot,1822,306,atogboga001
P8290665.JPG,171976,NA/NA/2015,Lophira alata Banks ex C.F.Gaertn.,3.25671,10.4927,50,Atog-boga,"1ha plot atogboga001, tag 306",11629,IRD plot,1822,306,atogboga001
P8290666.JPG,171976,NA/NA/2015,Lophira alata Banks ex C.F.Gaertn.,3.25671,10.4927,50,Atog-boga,"1ha plot atogboga001, tag 306",11629,IRD plot,1822,306,atogboga001
P8290667.JPG,171976,NA/NA/2015,Lophira alata Banks ex C.F.Gaertn.,3.25671,10.4927,50,Atog-boga,"1ha plot atogboga001, tag 306",11629,IRD plot,1822,306,atogboga001
P8290668.JPG,171977,NA/NA/2015,NA,3.25671,10.4927,50,Atog-boga,"1ha plot atogboga001, tag 307",NA,NA,NA,307,atogboga001
P8290669.JPG,171977,NA/NA/2015,NA,3.25671,10.4927,50,Atog-boga,"1ha plot atogboga001, tag 307",NA,NA,NA,307,atogboga001
P8290670.JPG,171977,NA/NA/2015,NA,3.25671,10.4927,50,Atog-boga,"1ha plot atogboga001, tag 307",NA,NA,NA,307,atogboga001
P8290671.JPG,171977,NA/NA/2015,NA,3.25671,10.4927,50,Atog-boga,"1ha plot atogboga001, tag 307",NA,NA,NA,307,atogboga001
P8290672.JPG,171977,NA/NA/2015,NA,3.25671,10.4927,50,Atog-boga,"1ha plot atogboga001, tag 307",NA,NA,NA,307,atogboga001
P8290673.JPG,171977,NA/NA/2015,NA,3.25671,10.4927,50,Atog-boga,"1ha plot atogboga001, tag 307",NA,NA,NA,307,atogboga001
P8290674.JPG,171977,NA/NA/2015,NA,3.25671,10.4927,50,Atog-boga,"1ha plot atogboga001, tag 307",NA,NA,NA,307,atogboga001
P8290675.JPG,171977,NA/NA/2015,NA,3.25671,10.4927,50,Atog-boga,"1ha plot atogboga001, tag 307",NA,NA,NA,307,atogboga001
P8290676.JPG,171977,NA/NA/2015,NA,3.25671,10.4927,50,Atog-boga,"1ha plot atogboga001, tag 307",NA,NA,NA,307,atogboga001
P8290677.JPG,171977,NA/NA/2015,NA,3.25671,10.4927,50,Atog-boga,"1ha plot atogboga001, tag 307",NA,NA,NA,307,atogboga001
P8290678.JPG,171977,NA/NA/2015,NA,3.25671,10.4927,50,Atog-boga,"1ha plot atogboga001, tag 307",NA,NA,NA,307,atogboga001
P8290679.JPG,171977,NA/NA/2015,NA,3.25671,10.4927,50,Atog-boga,"1ha plot atogboga001, tag 307",NA,NA,NA,307,atogboga001
P8290680.JPG,171977,NA/NA/2015,NA,3.25671,10.4927,50,Atog-boga,"1ha plot atogboga001, tag 307",NA,NA,NA,307,atogboga001
P8290681.JPG,171977,NA/NA/2015,NA,3.25671,10.4927,50,Atog-boga,"1ha plot atogboga001, tag 307",NA,NA,NA,307,atogboga001
P8290682.JPG,171977,NA/NA/2015,NA,3.25671,10.4927,50,Atog-boga,"1ha plot atogboga001, tag 307",NA,NA,NA,307,atogboga001
P8290683.JPG,171977,NA/NA/2015,NA,3.25671,10.4927,50,Atog-boga,"1ha plot atogboga001, tag 307",NA,NA,NA,307,atogboga001
P8290684.JPG,171977,NA/NA/2015,NA,3.25671,10.4927,50,Atog-boga,"1ha plot atogboga001, tag 307",NA,NA,NA,307,atogboga001
P8290685.JPG,171977,NA/NA/2015,NA,3.25671,10.4927,50,Atog-boga,"1ha plot atogboga001, tag 307",NA,NA,NA,307,atogboga001
P8290686.JPG,171977,NA/NA/2015,NA,3.25671,10.4927,50,Atog-boga,"1ha plot atogboga001, tag 307",NA,NA,NA,307,atogboga001
P8290687.JPG,171977,NA/NA/2015,NA,3.25671,10.4927,50,Atog-boga,"1ha plot atogboga001, tag 307",NA,NA,NA,307,atogboga001
P8290688.JPG,171977,NA/NA/2015,NA,3.25671,10.4927,50,Atog-boga,"1ha plot atogboga001, tag 307",NA,NA,NA,307,atogboga001
P8290689.JPG,171977,NA/NA/2015,NA,3.25671,10.4927,50,Atog-boga,"1ha plot atogboga001, tag 307",NA,NA,NA,307,atogboga001
P8290690.JPG,171977,NA/NA/2015,NA,3.25671,10.4927,50,Atog-boga,"1ha plot atogboga001, tag 307",NA,NA,NA,307,atogboga001
P8290691.JPG,171977,NA/NA/2015,NA,3.25671,10.4927,50,Atog-boga,"1ha plot atogboga001, tag 307",NA,NA,NA,307,atogboga001
P8290692.JPG,171980,NA/NA/2015,NA,3.25671,10.4927,50,Atog-boga,"1ha plot atogboga001, tag 310",11678,IRD plot,1823,310,atogboga001
P8290693.JPG,171980,NA/NA/2015,NA,3.25671,10.4927,50,Atog-boga,"1ha plot atogboga001, tag 310",11678,IRD plot,1823,310,atogboga001
P8290694.JPG,171980,NA/NA/2015,NA,3.25671,10.4927,50,Atog-boga,"1ha plot atogboga001, tag 310",11678,IRD plot,1823,310,atogboga001
P8290695.JPG,171980,NA/NA/2015,NA,3.25671,10.4927,50,Atog-boga,"1ha plot atogboga001, tag 310",11678,IRD plot,1823,310,atogboga001
P8290696.JPG,171980,NA/NA/2015,NA,3.25671,10.4927,50,Atog-boga,"1ha plot atogboga001, tag 310",11678,IRD plot,1823,310,atogboga001
P8290697.JPG,171980,NA/NA/2015,NA,3.25671,10.4927,50,Atog-boga,"1ha plot atogboga001, tag 310",11678,IRD plot,1823,310,atogboga001
P8290698.JPG,171980,NA/NA/2015,NA,3.25671,10.4927,50,Atog-boga,"1ha plot atogboga001, tag 310",11678,IRD plot,1823,310,atogboga001
P8290699.JPG,171980,NA/NA/2015,NA,3.25671,10.4927,50,Atog-boga,"1ha plot atogboga001, tag 310",11678,IRD plot,1823,310,atogboga001
P8290700.JPG,171980,NA/NA/2015,NA,3.25671,10.4927,50,Atog-boga,"1ha plot atogboga001, tag 310",11678,IRD plot,1823,310,atogboga001
P8290701.JPG,171980,NA/NA/2015,NA,3.25671,10.4927,50,Atog-boga,"1ha plot atogboga001, tag 310",11678,IRD plot,1823,310,atogboga001
P8290702.JPG,171980,NA/NA/2015,NA,3.25671,10.4927,50,Atog-boga,"1ha plot atogboga001, tag 310",11678,IRD plot,1823,310,atogboga001
P8290703.JPG,171980,NA/NA/2015,NA,3.25671,10.4927,50,Atog-boga,"1ha plot atogboga001, tag 310",11678,IRD plot,1823,310,atogboga001
P8290704.JPG,171990,NA/NA/2015,NA,3.25671,10.4927,50,Atog-boga,"1ha plot atogboga001, tag 320",11679,IRD plot,1824,320,atogboga001
P8290705.JPG,171990,NA/NA/2015,NA,3.25671,10.4927,50,Atog-boga,"1ha plot atogboga001, tag 320",11679,IRD plot,1824,320,atogboga001
P8290706.JPG,171990,NA/NA/2015,NA,3.25671,10.4927,50,Atog-boga,"1ha plot atogboga001, tag 320",11679,IRD plot,1824,320,atogboga001
P8290707.JPG,171990,NA/NA/2015,NA,3.25671,10.4927,50,Atog-boga,"1ha plot atogboga001, tag 320",11679,IRD plot,1824,320,atogboga001
P8290708.JPG,171990,NA/NA/2015,NA,3.25671,10.4927,50,Atog-boga,"1ha plot atogboga001, tag 320",11679,IRD plot,1824,320,atogboga001
P8290709.JPG,171990,NA/NA/2015,NA,3.25671,10.4927,50,Atog-boga,"1ha plot atogboga001, tag 320",11679,IRD plot,1824,320,atogboga001
P8290710.JPG,171990,NA/NA/2015,NA,3.25671,10.4927,50,Atog-boga,"1ha plot atogboga001, tag 320",11679,IRD plot,1824,320,atogboga001
P8290711.JPG,171990,NA/NA/2015,NA,3.25671,10.4927,50,Atog-boga,"1ha plot atogboga001, tag 320",11679,IRD plot,1824,320,atogboga001
P8290712.JPG,171990,NA/NA/2015,NA,3.25671,10.4927,50,Atog-boga,"1ha plot atogboga001, tag 320",11679,IRD plot,1824,320,atogboga001
P8290713.JPG,171990,NA/NA/2015,NA,3.25671,10.4927,50,Atog-boga,"1ha plot atogboga001, tag 320",11679,IRD plot,1824,320,atogboga001
P8290714.JPG,171990,NA/NA/2015,NA,3.25671,10.4927,50,Atog-boga,"1ha plot atogboga001, tag 320",11679,IRD plot,1824,320,atogboga001
P8290715.JPG,171990,NA/NA/2015,NA,3.25671,10.4927,50,Atog-boga,"1ha plot atogboga001, tag 320",11679,IRD plot,1824,320,atogboga001
P8290716.JPG,171990,NA/NA/2015,NA,3.25671,10.4927,50,Atog-boga,"1ha plot atogboga001, tag 320",11679,IRD plot,1824,320,atogboga001
P8290717.JPG,171990,NA/NA/2015,NA,3.25671,10.4927,50,Atog-boga,"1ha plot atogboga001, tag 320",11679,IRD plot,1824,320,atogboga001
P8290718.JPG,171990,NA/NA/2015,NA,3.25671,10.4927,50,Atog-boga,"1ha plot atogboga001, tag 320",11679,IRD plot,1824,320,atogboga001
P8290719.JPG,171990,NA/NA/2015,NA,3.25671,10.4927,50,Atog-boga,"1ha plot atogboga001, tag 320",11679,IRD plot,1824,320,atogboga001
P8300747.JPG,171776,NA/NA/2015,NA,3.25671,10.4927,50,Atog-boga,"1ha plot atogboga001, tag 105",NA,NA,NA,105,atogboga001
P8300748.JPG,171776,NA/NA/2015,NA,3.25671,10.4927,50,Atog-boga,"1ha plot atogboga001, tag 105",NA,NA,NA,105,atogboga001
P8300749.JPG,171776,NA/NA/2015,NA,3.25671,10.4927,50,Atog-boga,"1ha plot atogboga001, tag 105",NA,NA,NA,105,atogboga001
P8300750.JPG,171776,NA/NA/2015,NA,3.25671,10.4927,50,Atog-boga,"1ha plot atogboga001, tag 105",NA,NA,NA,105,atogboga001
P8300751.JPG,171776,NA/NA/2015,NA,3.25671,10.4927,50,Atog-boga,"1ha plot atogboga001, tag 105",NA,NA,NA,105,atogboga001
P8300752.JPG,171776,NA/NA/2015,NA,3.25671,10.4927,50,Atog-boga,"1ha plot atogboga001, tag 105",NA,NA,NA,105,atogboga001
P8300753.JPG,171776,NA/NA/2015,NA,3.25671,10.4927,50,Atog-boga,"1ha plot atogboga001, tag 105",NA,NA,NA,105,atogboga001
P8300754.JPG,171776,NA/NA/2015,NA,3.25671,10.4927,50,Atog-boga,"1ha plot atogboga001, tag 105",NA,NA,NA,105,atogboga001
P8300755.JPG,171776,NA/NA/2015,NA,3.25671,10.4927,50,Atog-boga,"1ha plot atogboga001, tag 105",NA,NA,NA,105,atogboga001
P8300756.JPG,171776,NA/NA/2015,NA,3.25671,10.4927,50,Atog-boga,"1ha plot atogboga001, tag 105",NA,NA,NA,105,atogboga001
P8300757.JPG,171776,NA/NA/2015,NA,3.25671,10.4927,50,Atog-boga,"1ha plot atogboga001, tag 105",NA,NA,NA,105,atogboga001
P8300758.JPG,172015,NA/NA/2015,Scottellia klaineana Pierre,3.25671,10.4927,50,Atog-boga,"1ha plot atogboga001, tag 345",11721,IRD plot,1825,345,atogboga001
P8300759.JPG,172015,NA/NA/2015,Scottellia klaineana Pierre,3.25671,10.4927,50,Atog-boga,"1ha plot atogboga001, tag 345",11721,IRD plot,1825,345,atogboga001
P8300760.JPG,172015,NA/NA/2015,Scottellia klaineana Pierre,3.25671,10.4927,50,Atog-boga,"1ha plot atogboga001, tag 345",11721,IRD plot,1825,345,atogboga001
P8300761.JPG,172015,NA/NA/2015,Scottellia klaineana Pierre,3.25671,10.4927,50,Atog-boga,"1ha plot atogboga001, tag 345",11721,IRD plot,1825,345,atogboga001
P8300762.JPG,172015,NA/NA/2015,Scottellia klaineana Pierre,3.25671,10.4927,50,Atog-boga,"1ha plot atogboga001, tag 345",11721,IRD plot,1825,345,atogboga001
P8300763.JPG,172015,NA/NA/2015,Scottellia klaineana Pierre,3.25671,10.4927,50,Atog-boga,"1ha plot atogboga001, tag 345",11721,IRD plot,1825,345,atogboga001
P8300764.JPG,172015,NA/NA/2015,Scottellia klaineana Pierre,3.25671,10.4927,50,Atog-boga,"1ha plot atogboga001, tag 345",11721,IRD plot,1825,345,atogboga001
P8300765.JPG,172015,NA/NA/2015,Scottellia klaineana Pierre,3.25671,10.4927,50,Atog-boga,"1ha plot atogboga001, tag 345",11721,IRD plot,1825,345,atogboga001
P8300766.JPG,172015,NA/NA/2015,Scottellia klaineana Pierre,3.25671,10.4927,50,Atog-boga,"1ha plot atogboga001, tag 345",11721,IRD plot,1825,345,atogboga001
P8300767.JPG,172015,NA/NA/2015,Scottellia klaineana Pierre,3.25671,10.4927,50,Atog-boga,"1ha plot atogboga001, tag 345",11721,IRD plot,1825,345,atogboga001
P8300768.JPG,172015,NA/NA/2015,Scottellia klaineana Pierre,3.25671,10.4927,50,Atog-boga,"1ha plot atogboga001, tag 345",11721,IRD plot,1825,345,atogboga001
P8300769.JPG,172015,NA/NA/2015,Scottellia klaineana Pierre,3.25671,10.4927,50,Atog-boga,"1ha plot atogboga001, tag 345",11721,IRD plot,1825,345,atogboga001
P8300771.JPG,172017,NA/NA/2015,Crateranthus congolensis Lecomte,3.25671,10.4927,50,Atog-boga,"1ha plot atogboga001, tag 347",11680,IRD plot,1833,347,atogboga001
P8300772.JPG,172017,NA/NA/2015,Crateranthus congolensis Lecomte,3.25671,10.4927,50,Atog-boga,"1ha plot atogboga001, tag 347",11680,IRD plot,1833,347,atogboga001
P8300773.JPG,172017,NA/NA/2015,Crateranthus congolensis Lecomte,3.25671,10.4927,50,Atog-boga,"1ha plot atogboga001, tag 347",11680,IRD plot,1833,347,atogboga001
P8300774.JPG,172017,NA/NA/2015,Crateranthus congolensis Lecomte,3.25671,10.4927,50,Atog-boga,"1ha plot atogboga001, tag 347",11680,IRD plot,1833,347,atogboga001
P8300775.JPG,172017,NA/NA/2015,Crateranthus congolensis Lecomte,3.25671,10.4927,50,Atog-boga,"1ha plot atogboga001, tag 347",11680,IRD plot,1833,347,atogboga001
P8300776.JPG,172017,NA/NA/2015,Crateranthus congolensis Lecomte,3.25671,10.4927,50,Atog-boga,"1ha plot atogboga001, tag 347",11680,IRD plot,1833,347,atogboga001
P8300777.JPG,172017,NA/NA/2015,Crateranthus congolensis Lecomte,3.25671,10.4927,50,Atog-boga,"1ha plot atogboga001, tag 347",11680,IRD plot,1833,347,atogboga001
P8300778.JPG,172017,NA/NA/2015,Crateranthus congolensis Lecomte,3.25671,10.4927,50,Atog-boga,"1ha plot atogboga001, tag 347",11680,IRD plot,1833,347,atogboga001
P8300779.JPG,172017,NA/NA/2015,Crateranthus congolensis Lecomte,3.25671,10.4927,50,Atog-boga,"1ha plot atogboga001, tag 347",11680,IRD plot,1833,347,atogboga001
P8300780.JPG,172017,NA/NA/2015,Crateranthus congolensis Lecomte,3.25671,10.4927,50,Atog-boga,"1ha plot atogboga001, tag 347",11680,IRD plot,1833,347,atogboga001
P8300781.JPG,172017,NA/NA/2015,Crateranthus congolensis Lecomte,3.25671,10.4927,50,Atog-boga,"1ha plot atogboga001, tag 347",11680,IRD plot,1833,347,atogboga001
P8300782.JPG,172017,NA/NA/2015,Crateranthus congolensis Lecomte,3.25671,10.4927,50,Atog-boga,"1ha plot atogboga001, tag 347",11680,IRD plot,1833,347,atogboga001
P8300783.JPG,172033,NA/NA/2015,Maprounea membranacea Pax & K.Hoffm.,3.25671,10.4927,50,Atog-boga,"1ha plot atogboga001, tag 363",11713,IRD plot,1829,363,atogboga001
P8300784.JPG,172033,NA/NA/2015,Maprounea membranacea Pax & K.Hoffm.,3.25671,10.4927,50,Atog-boga,"1ha plot atogboga001, tag 363",11713,IRD plot,1829,363,atogboga001
P8300785.JPG,172033,NA/NA/2015,Maprounea membranacea Pax & K.Hoffm.,3.25671,10.4927,50,Atog-boga,"1ha plot atogboga001, tag 363",11713,IRD plot,1829,363,atogboga001
P8300786.JPG,172033,NA/NA/2015,Maprounea membranacea Pax & K.Hoffm.,3.25671,10.4927,50,Atog-boga,"1ha plot atogboga001, tag 363",11713,IRD plot,1829,363,atogboga001
P8300787.JPG,172033,NA/NA/2015,Maprounea membranacea Pax & K.Hoffm.,3.25671,10.4927,50,Atog-boga,"1ha plot atogboga001, tag 363",11713,IRD plot,1829,363,atogboga001
P8300788.JPG,172033,NA/NA/2015,Maprounea membranacea Pax & K.Hoffm.,3.25671,10.4927,50,Atog-boga,"1ha plot atogboga001, tag 363",11713,IRD plot,1829,363,atogboga001
P8300789.JPG,172033,NA/NA/2015,Maprounea membranacea Pax & K.Hoffm.,3.25671,10.4927,50,Atog-boga,"1ha plot atogboga001, tag 363",11713,IRD plot,1829,363,atogboga001
P8300790.JPG,172033,NA/NA/2015,Maprounea membranacea Pax & K.Hoffm.,3.25671,10.4927,50,Atog-boga,"1ha plot atogboga001, tag 363",11713,IRD plot,1829,363,atogboga001
P8300791.JPG,172033,NA/NA/2015,Maprounea membranacea Pax & K.Hoffm.,3.25671,10.4927,50,Atog-boga,"1ha plot atogboga001, tag 363",11713,IRD plot,1829,363,atogboga001
P8300792.JPG,172033,NA/NA/2015,Maprounea membranacea Pax & K.Hoffm.,3.25671,10.4927,50,Atog-boga,"1ha plot atogboga001, tag 363",11713,IRD plot,1829,363,atogboga001
P8300793.JPG,172033,NA/NA/2015,Maprounea membranacea Pax & K.Hoffm.,3.25671,10.4927,50,Atog-boga,"1ha plot atogboga001, tag 363",11713,IRD plot,1829,363,atogboga001
P8300794.JPG,172033,NA/NA/2015,Maprounea membranacea Pax & K.Hoffm.,3.25671,10.4927,50,Atog-boga,"1ha plot atogboga001, tag 363",11713,IRD plot,1829,363,atogboga001
P8300795.JPG,172033,NA/NA/2015,Maprounea membranacea Pax & K.Hoffm.,3.25671,10.4927,50,Atog-boga,"1ha plot atogboga001, tag 363",11713,IRD plot,1829,363,atogboga001
P8300796.JPG,172033,NA/NA/2015,Maprounea membranacea Pax & K.Hoffm.,3.25671,10.4927,50,Atog-boga,"1ha plot atogboga001, tag 363",11713,IRD plot,1829,363,atogboga001
P8300797.JPG,172027,NA/NA/2015,NA,3.25671,10.4927,50,Atog-boga,"1ha plot atogboga001, tag 357",11693,IRD plot,1828,357,atogboga001
P8300798.JPG,172027,NA/NA/2015,NA,3.25671,10.4927,50,Atog-boga,"1ha plot atogboga001, tag 357",11693,IRD plot,1828,357,atogboga001
P8300799.JPG,172027,NA/NA/2015,NA,3.25671,10.4927,50,Atog-boga,"1ha plot atogboga001, tag 357",11693,IRD plot,1828,357,atogboga001
P8300800.JPG,172027,NA/NA/2015,NA,3.25671,10.4927,50,Atog-boga,"1ha plot atogboga001, tag 357",11693,IRD plot,1828,357,atogboga001
P8300801.JPG,172027,NA/NA/2015,NA,3.25671,10.4927,50,Atog-boga,"1ha plot atogboga001, tag 357",11693,IRD plot,1828,357,atogboga001
P8300802.JPG,172027,NA/NA/2015,NA,3.25671,10.4927,50,Atog-boga,"1ha plot atogboga001, tag 357",11693,IRD plot,1828,357,atogboga001
P8300803.JPG,172027,NA/NA/2015,NA,3.25671,10.4927,50,Atog-boga,"1ha plot atogboga001, tag 357",11693,IRD plot,1828,357,atogboga001
P8300804.JPG,172027,NA/NA/2015,NA,3.25671,10.4927,50,Atog-boga,"1ha plot atogboga001, tag 357",11693,IRD plot,1828,357,atogboga001
P8300805.JPG,172027,NA/NA/2015,NA,3.25671,10.4927,50,Atog-boga,"1ha plot atogboga001, tag 357",11693,IRD plot,1828,357,atogboga001
P8300806.JPG,172027,NA/NA/2015,NA,3.25671,10.4927,50,Atog-boga,"1ha plot atogboga001, tag 357",11693,IRD plot,1828,357,atogboga001
P8300807.JPG,172027,NA/NA/2015,NA,3.25671,10.4927,50,Atog-boga,"1ha plot atogboga001, tag 357",11693,IRD plot,1828,357,atogboga001
P8300808.JPG,172027,NA/NA/2015,NA,3.25671,10.4927,50,Atog-boga,"1ha plot atogboga001, tag 357",11693,IRD plot,1828,357,atogboga001
P8300809.JPG,172027,NA/NA/2015,NA,3.25671,10.4927,50,Atog-boga,"1ha plot atogboga001, tag 357",11693,IRD plot,1828,357,atogboga001
P8300810.JPG,172027,NA/NA/2015,NA,3.25671,10.4927,50,Atog-boga,"1ha plot atogboga001, tag 357",11693,IRD plot,1828,357,atogboga001
P8300811.JPG,172027,NA/NA/2015,NA,3.25671,10.4927,50,Atog-boga,"1ha plot atogboga001, tag 357",11693,IRD plot,1828,357,atogboga001
P8300812.JPG,172019,NA/NA/2015,Desbordesia glaucescens (Engl.) Tiegh.,3.25671,10.4927,50,Atog-boga,"1ha plot atogboga001, tag 349",11722,IRD plot,1826,349,atogboga001
P8300813.JPG,172019,NA/NA/2015,Desbordesia glaucescens (Engl.) Tiegh.,3.25671,10.4927,50,Atog-boga,"1ha plot atogboga001, tag 349",11722,IRD plot,1826,349,atogboga001
P8300814.JPG,172019,NA/NA/2015,Desbordesia glaucescens (Engl.) Tiegh.,3.25671,10.4927,50,Atog-boga,"1ha plot atogboga001, tag 349",11722,IRD plot,1826,349,atogboga001
P8300815.JPG,172019,NA/NA/2015,Desbordesia glaucescens (Engl.) Tiegh.,3.25671,10.4927,50,Atog-boga,"1ha plot atogboga001, tag 349",11722,IRD plot,1826,349,atogboga001
P8300816.JPG,172019,NA/NA/2015,Desbordesia glaucescens (Engl.) Tiegh.,3.25671,10.4927,50,Atog-boga,"1ha plot atogboga001, tag 349",11722,IRD plot,1826,349,atogboga001
P8300817.JPG,172019,NA/NA/2015,Desbordesia glaucescens (Engl.) Tiegh.,3.25671,10.4927,50,Atog-boga,"1ha plot atogboga001, tag 349",11722,IRD plot,1826,349,atogboga001
P8300818.JPG,172019,NA/NA/2015,Desbordesia glaucescens (Engl.) Tiegh.,3.25671,10.4927,50,Atog-boga,"1ha plot atogboga001, tag 349",11722,IRD plot,1826,349,atogboga001
P8300819.JPG,172019,NA/NA/2015,Desbordesia glaucescens (Engl.) Tiegh.,3.25671,10.4927,50,Atog-boga,"1ha plot atogboga001, tag 349",11722,IRD plot,1826,349,atogboga001
P8300820.JPG,172019,NA/NA/2015,Desbordesia glaucescens (Engl.) Tiegh.,3.25671,10.4927,50,Atog-boga,"1ha plot atogboga001, tag 349",11722,IRD plot,1826,349,atogboga001
P8300821.JPG,172019,NA/NA/2015,Desbordesia glaucescens (Engl.) Tiegh.,3.25671,10.4927,50,Atog-boga,"1ha plot atogboga001, tag 349",11722,IRD plot,1826,349,atogboga001
P8300822.JPG,172019,NA/NA/2015,Desbordesia glaucescens (Engl.) Tiegh.,3.25671,10.4927,50,Atog-boga,"1ha plot atogboga001, tag 349",11722,IRD plot,1826,349,atogboga001
P8300823.JPG,172019,NA/NA/2015,Desbordesia glaucescens (Engl.) Tiegh.,3.25671,10.4927,50,Atog-boga,"1ha plot atogboga001, tag 349",11722,IRD plot,1826,349,atogboga001
P8300824.JPG,172019,NA/NA/2015,Desbordesia glaucescens (Engl.) Tiegh.,3.25671,10.4927,50,Atog-boga,"1ha plot atogboga001, tag 349",11722,IRD plot,1826,349,atogboga001
P8300825.JPG,172019,NA/NA/2015,Desbordesia glaucescens (Engl.) Tiegh.,3.25671,10.4927,50,Atog-boga,"1ha plot atogboga001, tag 349",11722,IRD plot,1826,349,atogboga001
P8300826.JPG,172019,NA/NA/2015,Desbordesia glaucescens (Engl.) Tiegh.,3.25671,10.4927,50,Atog-boga,"1ha plot atogboga001, tag 349",11722,IRD plot,1826,349,atogboga001
P8300827.JPG,172019,NA/NA/2015,Desbordesia glaucescens (Engl.) Tiegh.,3.25671,10.4927,50,Atog-boga,"1ha plot atogboga001, tag 349",11722,IRD plot,1826,349,atogboga001
P8300828.JPG,172019,NA/NA/2015,Desbordesia glaucescens (Engl.) Tiegh.,3.25671,10.4927,50,Atog-boga,"1ha plot atogboga001, tag 349",11722,IRD plot,1826,349,atogboga001
P8300829.JPG,172019,NA/NA/2015,Desbordesia glaucescens (Engl.) Tiegh.,3.25671,10.4927,50,Atog-boga,"1ha plot atogboga001, tag 349",11722,IRD plot,1826,349,atogboga001
P8300830.JPG,172022,NA/NA/2015,Hymenostegia bakeriana Hutch. & Dalziel,3.25671,10.4927,50,Atog-boga,"1ha plot atogboga001, tag 352",11676,IRD plot,1827,352,atogboga001
P8300831.JPG,172022,NA/NA/2015,Hymenostegia bakeriana Hutch. & Dalziel,3.25671,10.4927,50,Atog-boga,"1ha plot atogboga001, tag 352",11676,IRD plot,1827,352,atogboga001
P8300832.JPG,172022,NA/NA/2015,Hymenostegia bakeriana Hutch. & Dalziel,3.25671,10.4927,50,Atog-boga,"1ha plot atogboga001, tag 352",11676,IRD plot,1827,352,atogboga001
P8300833.JPG,172022,NA/NA/2015,Hymenostegia bakeriana Hutch. & Dalziel,3.25671,10.4927,50,Atog-boga,"1ha plot atogboga001, tag 352",11676,IRD plot,1827,352,atogboga001
P8300834.JPG,172022,NA/NA/2015,Hymenostegia bakeriana Hutch. & Dalziel,3.25671,10.4927,50,Atog-boga,"1ha plot atogboga001, tag 352",11676,IRD plot,1827,352,atogboga001
P8300835.JPG,172022,NA/NA/2015,Hymenostegia bakeriana Hutch. & Dalziel,3.25671,10.4927,50,Atog-boga,"1ha plot atogboga001, tag 352",11676,IRD plot,1827,352,atogboga001
P8300836.JPG,172022,NA/NA/2015,Hymenostegia bakeriana Hutch. & Dalziel,3.25671,10.4927,50,Atog-boga,"1ha plot atogboga001, tag 352",11676,IRD plot,1827,352,atogboga001
P8300837.JPG,172022,NA/NA/2015,Hymenostegia bakeriana Hutch. & Dalziel,3.25671,10.4927,50,Atog-boga,"1ha plot atogboga001, tag 352",11676,IRD plot,1827,352,atogboga001
P8300838.JPG,172022,NA/NA/2015,Hymenostegia bakeriana Hutch. & Dalziel,3.25671,10.4927,50,Atog-boga,"1ha plot atogboga001, tag 352",11676,IRD plot,1827,352,atogboga001
P8300839.JPG,172022,NA/NA/2015,Hymenostegia bakeriana Hutch. & Dalziel,3.25671,10.4927,50,Atog-boga,"1ha plot atogboga001, tag 352",11676,IRD plot,1827,352,atogboga001
P8300840.JPG,172022,NA/NA/2015,Hymenostegia bakeriana Hutch. & Dalziel,3.25671,10.4927,50,Atog-boga,"1ha plot atogboga001, tag 352",11676,IRD plot,1827,352,atogboga001
P8300841.JPG,172038,NA/NA/2015,NA,3.25671,10.4927,50,Atog-boga,"1ha plot atogboga001, tag 368",11698,IRD plot,1816,368,atogboga001
P8300842.JPG,172038,NA/NA/2015,NA,3.25671,10.4927,50,Atog-boga,"1ha plot atogboga001, tag 368",11698,IRD plot,1816,368,atogboga001
P8300843.JPG,172038,NA/NA/2015,NA,3.25671,10.4927,50,Atog-boga,"1ha plot atogboga001, tag 368",11698,IRD plot,1816,368,atogboga001
P8300844.JPG,172038,NA/NA/2015,NA,3.25671,10.4927,50,Atog-boga,"1ha plot atogboga001, tag 368",11698,IRD plot,1816,368,atogboga001
P8300845.JPG,172038,NA/NA/2015,NA,3.25671,10.4927,50,Atog-boga,"1ha plot atogboga001, tag 368",11698,IRD plot,1816,368,atogboga001
P8300846.JPG,172038,NA/NA/2015,NA,3.25671,10.4927,50,Atog-boga,"1ha plot atogboga001, tag 368",11698,IRD plot,1816,368,atogboga001
P8300847.JPG,172038,NA/NA/2015,NA,3.25671,10.4927,50,Atog-boga,"1ha plot atogboga001, tag 368",11698,IRD plot,1816,368,atogboga001
P8300848.JPG,172038,NA/NA/2015,NA,3.25671,10.4927,50,Atog-boga,"1ha plot atogboga001, tag 368",11698,IRD plot,1816,368,atogboga001
P8300849.JPG,172038,NA/NA/2015,NA,3.25671,10.4927,50,Atog-boga,"1ha plot atogboga001, tag 368",11698,IRD plot,1816,368,atogboga001
P8300850.JPG,172038,NA/NA/2015,NA,3.25671,10.4927,50,Atog-boga,"1ha plot atogboga001, tag 368",11698,IRD plot,1816,368,atogboga001
P8300851.JPG,172095,NA/NA/2015,Rinorea grandifolia,3.25671,10.4927,50,Atog-boga,"1ha plot atogboga001, tag 425",NA,NA,NA,425,atogboga001
P8300852.JPG,172095,NA/NA/2015,Rinorea grandifolia,3.25671,10.4927,50,Atog-boga,"1ha plot atogboga001, tag 425",NA,NA,NA,425,atogboga001
P8300853.JPG,172095,NA/NA/2015,Rinorea grandifolia,3.25671,10.4927,50,Atog-boga,"1ha plot atogboga001, tag 425",NA,NA,NA,425,atogboga001
P8300854.JPG,172095,NA/NA/2015,Rinorea grandifolia,3.25671,10.4927,50,Atog-boga,"1ha plot atogboga001, tag 425",NA,NA,NA,425,atogboga001
P8300855.JPG,172095,NA/NA/2015,Rinorea grandifolia,3.25671,10.4927,50,Atog-boga,"1ha plot atogboga001, tag 425",NA,NA,NA,425,atogboga001
P8300856.JPG,172095,NA/NA/2015,Rinorea grandifolia,3.25671,10.4927,50,Atog-boga,"1ha plot atogboga001, tag 425",NA,NA,NA,425,atogboga001
P8300857.JPG,172095,NA/NA/2015,Rinorea grandifolia,3.25671,10.4927,50,Atog-boga,"1ha plot atogboga001, tag 425",NA,NA,NA,425,atogboga001
P8300858.JPG,172095,NA/NA/2015,Rinorea grandifolia,3.25671,10.4927,50,Atog-boga,"1ha plot atogboga001, tag 425",NA,NA,NA,425,atogboga001
P8300859.JPG,172095,NA/NA/2015,Rinorea grandifolia,3.25671,10.4927,50,Atog-boga,"1ha plot atogboga001, tag 425",NA,NA,NA,425,atogboga001
P8310893.JPG,172116,NA/NA/2015,Anonidium mannii (Oliv.) Engl. & Diels,3.24889,10.4975,50,Atog-boga,"1ha plot atogboga002, tag 6",11611,IRD plot,1831,6,atogboga002
P8310894.JPG,172116,NA/NA/2015,Anonidium mannii (Oliv.) Engl. & Diels,3.24889,10.4975,50,Atog-boga,"1ha plot atogboga002, tag 6",11611,IRD plot,1831,6,atogboga002
P8310895.JPG,172116,NA/NA/2015,Anonidium mannii (Oliv.) Engl. & Diels,3.24889,10.4975,50,Atog-boga,"1ha plot atogboga002, tag 6",11611,IRD plot,1831,6,atogboga002
P8310896.JPG,172116,NA/NA/2015,Anonidium mannii (Oliv.) Engl. & Diels,3.24889,10.4975,50,Atog-boga,"1ha plot atogboga002, tag 6",11611,IRD plot,1831,6,atogboga002
P8310897.JPG,172116,NA/NA/2015,Anonidium mannii (Oliv.) Engl. & Diels,3.24889,10.4975,50,Atog-boga,"1ha plot atogboga002, tag 6",11611,IRD plot,1831,6,atogboga002
P8310898.JPG,172116,NA/NA/2015,Anonidium mannii (Oliv.) Engl. & Diels,3.24889,10.4975,50,Atog-boga,"1ha plot atogboga002, tag 6",11611,IRD plot,1831,6,atogboga002
P8310899.JPG,172121,NA/NA/2015,Crateranthus congolensis Lecomte,3.24889,10.4975,50,Atog-boga,"1ha plot atogboga002, tag 11",11681,IRD plot,1832,11,atogboga002
P8310900.JPG,172121,NA/NA/2015,Crateranthus congolensis Lecomte,3.24889,10.4975,50,Atog-boga,"1ha plot atogboga002, tag 11",11681,IRD plot,1832,11,atogboga002
P8310901.JPG,172121,NA/NA/2015,Crateranthus congolensis Lecomte,3.24889,10.4975,50,Atog-boga,"1ha plot atogboga002, tag 11",11681,IRD plot,1832,11,atogboga002
P8310902.JPG,172121,NA/NA/2015,Crateranthus congolensis Lecomte,3.24889,10.4975,50,Atog-boga,"1ha plot atogboga002, tag 11",11681,IRD plot,1832,11,atogboga002
P8310903.JPG,172121,NA/NA/2015,Crateranthus congolensis Lecomte,3.24889,10.4975,50,Atog-boga,"1ha plot atogboga002, tag 11",11681,IRD plot,1832,11,atogboga002
P8310904.JPG,172121,NA/NA/2015,Crateranthus congolensis Lecomte,3.24889,10.4975,50,Atog-boga,"1ha plot atogboga002, tag 11",11681,IRD plot,1832,11,atogboga002
P8310905.JPG,172121,NA/NA/2015,Crateranthus congolensis Lecomte,3.24889,10.4975,50,Atog-boga,"1ha plot atogboga002, tag 11",11681,IRD plot,1832,11,atogboga002
P8310906.JPG,172124,NA/NA/2015,Crateranthus congolensis Lecomte,3.24889,10.4975,50,Atog-boga,"1ha plot atogboga002, tag 14",11680,IRD plot,1833,14,atogboga002
P8310907.JPG,172124,NA/NA/2015,Crateranthus congolensis Lecomte,3.24889,10.4975,50,Atog-boga,"1ha plot atogboga002, tag 14",11680,IRD plot,1833,14,atogboga002
P8310908.JPG,172124,NA/NA/2015,Crateranthus congolensis Lecomte,3.24889,10.4975,50,Atog-boga,"1ha plot atogboga002, tag 14",11680,IRD plot,1833,14,atogboga002
P8310909.JPG,172124,NA/NA/2015,Crateranthus congolensis Lecomte,3.24889,10.4975,50,Atog-boga,"1ha plot atogboga002, tag 14",11680,IRD plot,1833,14,atogboga002
P8310910.JPG,172124,NA/NA/2015,Crateranthus congolensis Lecomte,3.24889,10.4975,50,Atog-boga,"1ha plot atogboga002, tag 14",11680,IRD plot,1833,14,atogboga002
P8310911.JPG,172124,NA/NA/2015,Crateranthus congolensis Lecomte,3.24889,10.4975,50,Atog-boga,"1ha plot atogboga002, tag 14",11680,IRD plot,1833,14,atogboga002
P8310912.JPG,172124,NA/NA/2015,Crateranthus congolensis Lecomte,3.24889,10.4975,50,Atog-boga,"1ha plot atogboga002, tag 14",11680,IRD plot,1833,14,atogboga002
P8310913.JPG,172124,NA/NA/2015,Crateranthus congolensis Lecomte,3.24889,10.4975,50,Atog-boga,"1ha plot atogboga002, tag 14",11680,IRD plot,1833,14,atogboga002
P8310914.JPG,172124,NA/NA/2015,Crateranthus congolensis Lecomte,3.24889,10.4975,50,Atog-boga,"1ha plot atogboga002, tag 14",11680,IRD plot,1833,14,atogboga002
P8310915.JPG,172124,NA/NA/2015,Crateranthus congolensis Lecomte,3.24889,10.4975,50,Atog-boga,"1ha plot atogboga002, tag 14",11680,IRD plot,1833,14,atogboga002
P8310916.JPG,172124,NA/NA/2015,Crateranthus congolensis Lecomte,3.24889,10.4975,50,Atog-boga,"1ha plot atogboga002, tag 14",11680,IRD plot,1833,14,atogboga002
P8310917.JPG,172130,NA/NA/2015,Octoknema chailluensis Malécot & Gosline,3.24889,10.4975,50,Atog-boga,"1ha plot atogboga002, tag 20",11692,IRD plot,1834,20,atogboga002
P8310918.JPG,172130,NA/NA/2015,Octoknema chailluensis Malécot & Gosline,3.24889,10.4975,50,Atog-boga,"1ha plot atogboga002, tag 20",11692,IRD plot,1834,20,atogboga002
P8310919.JPG,172130,NA/NA/2015,Octoknema chailluensis Malécot & Gosline,3.24889,10.4975,50,Atog-boga,"1ha plot atogboga002, tag 20",11692,IRD plot,1834,20,atogboga002
P8310920.JPG,172130,NA/NA/2015,Octoknema chailluensis Malécot & Gosline,3.24889,10.4975,50,Atog-boga,"1ha plot atogboga002, tag 20",11692,IRD plot,1834,20,atogboga002
P8310921.JPG,172130,NA/NA/2015,Octoknema chailluensis Malécot & Gosline,3.24889,10.4975,50,Atog-boga,"1ha plot atogboga002, tag 20",11692,IRD plot,1834,20,atogboga002
P8310922.JPG,172130,NA/NA/2015,Octoknema chailluensis Malécot & Gosline,3.24889,10.4975,50,Atog-boga,"1ha plot atogboga002, tag 20",11692,IRD plot,1834,20,atogboga002
P8310923.JPG,172130,NA/NA/2015,Octoknema chailluensis Malécot & Gosline,3.24889,10.4975,50,Atog-boga,"1ha plot atogboga002, tag 20",11692,IRD plot,1834,20,atogboga002
P8310924.JPG,172130,NA/NA/2015,Octoknema chailluensis Malécot & Gosline,3.24889,10.4975,50,Atog-boga,"1ha plot atogboga002, tag 20",11692,IRD plot,1834,20,atogboga002
P8310925.JPG,172130,NA/NA/2015,Octoknema chailluensis Malécot & Gosline,3.24889,10.4975,50,Atog-boga,"1ha plot atogboga002, tag 20",11692,IRD plot,1834,20,atogboga002
P8310926.JPG,172130,NA/NA/2015,Octoknema chailluensis Malécot & Gosline,3.24889,10.4975,50,Atog-boga,"1ha plot atogboga002, tag 20",11692,IRD plot,1834,20,atogboga002
P8310927.JPG,172130,NA/NA/2015,Octoknema chailluensis Malécot & Gosline,3.24889,10.4975,50,Atog-boga,"1ha plot atogboga002, tag 20",11692,IRD plot,1834,20,atogboga002
P8310928.JPG,172130,NA/NA/2015,Octoknema chailluensis Malécot & Gosline,3.24889,10.4975,50,Atog-boga,"1ha plot atogboga002, tag 20",11692,IRD plot,1834,20,atogboga002
P8310929.JPG,172131,NA/NA/2015,Strombosia grandifolia Hook.f.,3.24889,10.4975,50,Atog-boga,"1ha plot atogboga002, tag 21",11723,IRD plot,1835,21,atogboga002
P8310930.JPG,172131,NA/NA/2015,Strombosia grandifolia Hook.f.,3.24889,10.4975,50,Atog-boga,"1ha plot atogboga002, tag 21",11723,IRD plot,1835,21,atogboga002
P8310931.JPG,172131,NA/NA/2015,Strombosia grandifolia Hook.f.,3.24889,10.4975,50,Atog-boga,"1ha plot atogboga002, tag 21",11723,IRD plot,1835,21,atogboga002
P8310932.JPG,172131,NA/NA/2015,Strombosia grandifolia Hook.f.,3.24889,10.4975,50,Atog-boga,"1ha plot atogboga002, tag 21",11723,IRD plot,1835,21,atogboga002
P8310933.JPG,172131,NA/NA/2015,Strombosia grandifolia Hook.f.,3.24889,10.4975,50,Atog-boga,"1ha plot atogboga002, tag 21",11723,IRD plot,1835,21,atogboga002
P8310934.JPG,172131,NA/NA/2015,Strombosia grandifolia Hook.f.,3.24889,10.4975,50,Atog-boga,"1ha plot atogboga002, tag 21",11723,IRD plot,1835,21,atogboga002
P8310935.JPG,172131,NA/NA/2015,Strombosia grandifolia Hook.f.,3.24889,10.4975,50,Atog-boga,"1ha plot atogboga002, tag 21",11723,IRD plot,1835,21,atogboga002
P8310936.JPG,172131,NA/NA/2015,Strombosia grandifolia Hook.f.,3.24889,10.4975,50,Atog-boga,"1ha plot atogboga002, tag 21",11723,IRD plot,1835,21,atogboga002
P8310937.JPG,172131,NA/NA/2015,Strombosia grandifolia Hook.f.,3.24889,10.4975,50,Atog-boga,"1ha plot atogboga002, tag 21",11723,IRD plot,1835,21,atogboga002
P8310938.JPG,172136,NA/NA/2015,Piptostigma mortehanii De Wild.,3.24889,10.4975,50,Atog-boga,"1ha plot atogboga002, tag 26",11712,IRD plot,1836,26,atogboga002
P8310939.JPG,172136,NA/NA/2015,Piptostigma mortehanii De Wild.,3.24889,10.4975,50,Atog-boga,"1ha plot atogboga002, tag 26",11712,IRD plot,1836,26,atogboga002
P8310940.JPG,172136,NA/NA/2015,Piptostigma mortehanii De Wild.,3.24889,10.4975,50,Atog-boga,"1ha plot atogboga002, tag 26",11712,IRD plot,1836,26,atogboga002
P8310941.JPG,172136,NA/NA/2015,Piptostigma mortehanii De Wild.,3.24889,10.4975,50,Atog-boga,"1ha plot atogboga002, tag 26",11712,IRD plot,1836,26,atogboga002
P8310942.JPG,172136,NA/NA/2015,Piptostigma mortehanii De Wild.,3.24889,10.4975,50,Atog-boga,"1ha plot atogboga002, tag 26",11712,IRD plot,1836,26,atogboga002
P8310943.JPG,172136,NA/NA/2015,Piptostigma mortehanii De Wild.,3.24889,10.4975,50,Atog-boga,"1ha plot atogboga002, tag 26",11712,IRD plot,1836,26,atogboga002
P8310944.JPG,172136,NA/NA/2015,Piptostigma mortehanii De Wild.,3.24889,10.4975,50,Atog-boga,"1ha plot atogboga002, tag 26",11712,IRD plot,1836,26,atogboga002
P8310945.JPG,172136,NA/NA/2015,Piptostigma mortehanii De Wild.,3.24889,10.4975,50,Atog-boga,"1ha plot atogboga002, tag 26",11712,IRD plot,1836,26,atogboga002
P8310946.JPG,172136,NA/NA/2015,Piptostigma mortehanii De Wild.,3.24889,10.4975,50,Atog-boga,"1ha plot atogboga002, tag 26",11712,IRD plot,1836,26,atogboga002
P8310947.JPG,172136,NA/NA/2015,Piptostigma mortehanii De Wild.,3.24889,10.4975,50,Atog-boga,"1ha plot atogboga002, tag 26",11712,IRD plot,1836,26,atogboga002
P8310948.JPG,172136,NA/NA/2015,Piptostigma mortehanii De Wild.,3.24889,10.4975,50,Atog-boga,"1ha plot atogboga002, tag 26",11712,IRD plot,1836,26,atogboga002
P8310949.JPG,172136,NA/NA/2015,Piptostigma mortehanii De Wild.,3.24889,10.4975,50,Atog-boga,"1ha plot atogboga002, tag 26",11712,IRD plot,1836,26,atogboga002
P8310950.JPG,172136,NA/NA/2015,Piptostigma mortehanii De Wild.,3.24889,10.4975,50,Atog-boga,"1ha plot atogboga002, tag 26",11712,IRD plot,1836,26,atogboga002
P8310951.JPG,172136,NA/NA/2015,Piptostigma mortehanii De Wild.,3.24889,10.4975,50,Atog-boga,"1ha plot atogboga002, tag 26",11712,IRD plot,1836,26,atogboga002
P9010995.JPG,172141,NA/NA/2015,Plagiosiphon multijugus (Harms) J.Léonard,3.24889,10.4975,50,Atog-boga,"1ha plot atogboga002, tag 31",11695,IRD plot,1837,31,atogboga002
P9010996.JPG,172141,NA/NA/2015,Plagiosiphon multijugus (Harms) J.Léonard,3.24889,10.4975,50,Atog-boga,"1ha plot atogboga002, tag 31",11695,IRD plot,1837,31,atogboga002
P9010997.JPG,172141,NA/NA/2015,Plagiosiphon multijugus (Harms) J.Léonard,3.24889,10.4975,50,Atog-boga,"1ha plot atogboga002, tag 31",11695,IRD plot,1837,31,atogboga002
P9010998.JPG,172141,NA/NA/2015,Plagiosiphon multijugus (Harms) J.Léonard,3.24889,10.4975,50,Atog-boga,"1ha plot atogboga002, tag 31",11695,IRD plot,1837,31,atogboga002
P9010999.JPG,172141,NA/NA/2015,Plagiosiphon multijugus (Harms) J.Léonard,3.24889,10.4975,50,Atog-boga,"1ha plot atogboga002, tag 31",11695,IRD plot,1837,31,atogboga002
P9011001.JPG,172141,NA/NA/2015,Plagiosiphon multijugus (Harms) J.Léonard,3.24889,10.4975,50,Atog-boga,"1ha plot atogboga002, tag 31",11695,IRD plot,1837,31,atogboga002
P9011003.JPG,172141,NA/NA/2015,Plagiosiphon multijugus (Harms) J.Léonard,3.24889,10.4975,50,Atog-boga,"1ha plot atogboga002, tag 31",11695,IRD plot,1837,31,atogboga002
P9011004.JPG,172141,NA/NA/2015,Plagiosiphon multijugus (Harms) J.Léonard,3.24889,10.4975,50,Atog-boga,"1ha plot atogboga002, tag 31",11695,IRD plot,1837,31,atogboga002
P9011006.JPG,172141,NA/NA/2015,Plagiosiphon multijugus (Harms) J.Léonard,3.24889,10.4975,50,Atog-boga,"1ha plot atogboga002, tag 31",11695,IRD plot,1837,31,atogboga002
P9011007.JPG,172141,NA/NA/2015,Plagiosiphon multijugus (Harms) J.Léonard,3.24889,10.4975,50,Atog-boga,"1ha plot atogboga002, tag 31",11695,IRD plot,1837,31,atogboga002
P9011008.JPG,172141,NA/NA/2015,Plagiosiphon multijugus (Harms) J.Léonard,3.24889,10.4975,50,Atog-boga,"1ha plot atogboga002, tag 31",11695,IRD plot,1837,31,atogboga002
P9011009.JPG,172141,NA/NA/2015,Plagiosiphon multijugus (Harms) J.Léonard,3.24889,10.4975,50,Atog-boga,"1ha plot atogboga002, tag 31",11695,IRD plot,1837,31,atogboga002
P9011010.JPG,172141,NA/NA/2015,Plagiosiphon multijugus (Harms) J.Léonard,3.24889,10.4975,50,Atog-boga,"1ha plot atogboga002, tag 31",11695,IRD plot,1837,31,atogboga002
P9011011.JPG,172141,NA/NA/2015,Plagiosiphon multijugus (Harms) J.Léonard,3.24889,10.4975,50,Atog-boga,"1ha plot atogboga002, tag 31",11695,IRD plot,1837,31,atogboga002
P9011012.JPG,172162,NA/NA/2015,Trichilia prieuriana A.Juss.,3.24889,10.4975,50,Atog-boga,"1ha plot atogboga002, tag 52",11669,IRD plot,1839,52,atogboga002
P9011013.JPG,172162,NA/NA/2015,Trichilia prieuriana A.Juss.,3.24889,10.4975,50,Atog-boga,"1ha plot atogboga002, tag 52",11669,IRD plot,1839,52,atogboga002
P9011014.JPG,172162,NA/NA/2015,Trichilia prieuriana A.Juss.,3.24889,10.4975,50,Atog-boga,"1ha plot atogboga002, tag 52",11669,IRD plot,1839,52,atogboga002
P9011015.JPG,172162,NA/NA/2015,Trichilia prieuriana A.Juss.,3.24889,10.4975,50,Atog-boga,"1ha plot atogboga002, tag 52",11669,IRD plot,1839,52,atogboga002
P9011016.JPG,172162,NA/NA/2015,Trichilia prieuriana A.Juss.,3.24889,10.4975,50,Atog-boga,"1ha plot atogboga002, tag 52",11669,IRD plot,1839,52,atogboga002
P9011017.JPG,172162,NA/NA/2015,Trichilia prieuriana A.Juss.,3.24889,10.4975,50,Atog-boga,"1ha plot atogboga002, tag 52",11669,IRD plot,1839,52,atogboga002
P9011019.JPG,172162,NA/NA/2015,Trichilia prieuriana A.Juss.,3.24889,10.4975,50,Atog-boga,"1ha plot atogboga002, tag 52",11669,IRD plot,1839,52,atogboga002
P9011020.JPG,172162,NA/NA/2015,Trichilia prieuriana A.Juss.,3.24889,10.4975,50,Atog-boga,"1ha plot atogboga002, tag 52",11669,IRD plot,1839,52,atogboga002
P9011021.JPG,172162,NA/NA/2015,Trichilia prieuriana A.Juss.,3.24889,10.4975,50,Atog-boga,"1ha plot atogboga002, tag 52",11669,IRD plot,1839,52,atogboga002
P9011032.JPG,172153,NA/NA/2015,Uapaca guineensis Müll.Arg.,3.24889,10.4975,50,Atog-boga,"1ha plot atogboga002, tag 43",11724,IRD plot,1838,43,atogboga002
P9011033.JPG,172153,NA/NA/2015,Uapaca guineensis Müll.Arg.,3.24889,10.4975,50,Atog-boga,"1ha plot atogboga002, tag 43",11724,IRD plot,1838,43,atogboga002
P9011034.JPG,172153,NA/NA/2015,Uapaca guineensis Müll.Arg.,3.24889,10.4975,50,Atog-boga,"1ha plot atogboga002, tag 43",11724,IRD plot,1838,43,atogboga002
P9011035.JPG,172153,NA/NA/2015,Uapaca guineensis Müll.Arg.,3.24889,10.4975,50,Atog-boga,"1ha plot atogboga002, tag 43",11724,IRD plot,1838,43,atogboga002
P9011036.JPG,172153,NA/NA/2015,Uapaca guineensis Müll.Arg.,3.24889,10.4975,50,Atog-boga,"1ha plot atogboga002, tag 43",11724,IRD plot,1838,43,atogboga002
P9011039.JPG,172153,NA/NA/2015,Uapaca guineensis Müll.Arg.,3.24889,10.4975,50,Atog-boga,"1ha plot atogboga002, tag 43",11724,IRD plot,1838,43,atogboga002
P9011040.JPG,172153,NA/NA/2015,Uapaca guineensis Müll.Arg.,3.24889,10.4975,50,Atog-boga,"1ha plot atogboga002, tag 43",11724,IRD plot,1838,43,atogboga002
P9011041.JPG,172153,NA/NA/2015,Uapaca guineensis Müll.Arg.,3.24889,10.4975,50,Atog-boga,"1ha plot atogboga002, tag 43",11724,IRD plot,1838,43,atogboga002
P9011042.JPG,172153,NA/NA/2015,Uapaca guineensis Müll.Arg.,3.24889,10.4975,50,Atog-boga,"1ha plot atogboga002, tag 43",11724,IRD plot,1838,43,atogboga002
P9011043.JPG,172172,NA/NA/2015,Vitex grandifolia Gürke,3.24889,10.4975,50,Atog-boga,"1ha plot atogboga002, tag 62",11619,IRD plot,1840,62,atogboga002
P9011044.JPG,172172,NA/NA/2015,Vitex grandifolia Gürke,3.24889,10.4975,50,Atog-boga,"1ha plot atogboga002, tag 62",11619,IRD plot,1840,62,atogboga002
P9011045.JPG,172172,NA/NA/2015,Vitex grandifolia Gürke,3.24889,10.4975,50,Atog-boga,"1ha plot atogboga002, tag 62",11619,IRD plot,1840,62,atogboga002
P9011046.JPG,172172,NA/NA/2015,Vitex grandifolia Gürke,3.24889,10.4975,50,Atog-boga,"1ha plot atogboga002, tag 62",11619,IRD plot,1840,62,atogboga002
P9011047.JPG,172172,NA/NA/2015,Vitex grandifolia Gürke,3.24889,10.4975,50,Atog-boga,"1ha plot atogboga002, tag 62",11619,IRD plot,1840,62,atogboga002
P9011048.JPG,172172,NA/NA/2015,Vitex grandifolia Gürke,3.24889,10.4975,50,Atog-boga,"1ha plot atogboga002, tag 62",11619,IRD plot,1840,62,atogboga002
P9011049.JPG,172172,NA/NA/2015,Vitex grandifolia Gürke,3.24889,10.4975,50,Atog-boga,"1ha plot atogboga002, tag 62",11619,IRD plot,1840,62,atogboga002
P9011050.JPG,172172,NA/NA/2015,Vitex grandifolia Gürke,3.24889,10.4975,50,Atog-boga,"1ha plot atogboga002, tag 62",11619,IRD plot,1840,62,atogboga002
P9011051.JPG,172172,NA/NA/2015,Vitex grandifolia Gürke,3.24889,10.4975,50,Atog-boga,"1ha plot atogboga002, tag 62",11619,IRD plot,1840,62,atogboga002
P9011052.JPG,172172,NA/NA/2015,Vitex grandifolia Gürke,3.24889,10.4975,50,Atog-boga,"1ha plot atogboga002, tag 62",11619,IRD plot,1840,62,atogboga002
P9011053.JPG,172172,NA/NA/2015,Vitex grandifolia Gürke,3.24889,10.4975,50,Atog-boga,"1ha plot atogboga002, tag 62",11619,IRD plot,1840,62,atogboga002
P9011054.JPG,172153,NA/NA/2015,Uapaca guineensis Müll.Arg.,3.24889,10.4975,50,Atog-boga,"1ha plot atogboga002, tag 43",11724,IRD plot,1838,43,atogboga002
P9011055.JPG,172153,NA/NA/2015,Uapaca guineensis Müll.Arg.,3.24889,10.4975,50,Atog-boga,"1ha plot atogboga002, tag 43",11724,IRD plot,1838,43,atogboga002
P9011056.JPG,172153,NA/NA/2015,Uapaca guineensis Müll.Arg.,3.24889,10.4975,50,Atog-boga,"1ha plot atogboga002, tag 43",11724,IRD plot,1838,43,atogboga002
P9011057.JPG,172153,NA/NA/2015,Uapaca guineensis Müll.Arg.,3.24889,10.4975,50,Atog-boga,"1ha plot atogboga002, tag 43",11724,IRD plot,1838,43,atogboga002
P9011058.JPG,172153,NA/NA/2015,Uapaca guineensis Müll.Arg.,3.24889,10.4975,50,Atog-boga,"1ha plot atogboga002, tag 43",11724,IRD plot,1838,43,atogboga002
P9011059.JPG,172153,NA/NA/2015,Uapaca guineensis Müll.Arg.,3.24889,10.4975,50,Atog-boga,"1ha plot atogboga002, tag 43",11724,IRD plot,1838,43,atogboga002
P9011060.JPG,172177,NA/NA/2015,NA,3.24889,10.4975,50,Atog-boga,"1ha plot atogboga002, tag 67",11691,IRD plot,1841,67,atogboga002
P9011061.JPG,172177,NA/NA/2015,NA,3.24889,10.4975,50,Atog-boga,"1ha plot atogboga002, tag 67",11691,IRD plot,1841,67,atogboga002
P9011062.JPG,172177,NA/NA/2015,NA,3.24889,10.4975,50,Atog-boga,"1ha plot atogboga002, tag 67",11691,IRD plot,1841,67,atogboga002
P9011063.JPG,172177,NA/NA/2015,NA,3.24889,10.4975,50,Atog-boga,"1ha plot atogboga002, tag 67",11691,IRD plot,1841,67,atogboga002
P9011064.JPG,172177,NA/NA/2015,NA,3.24889,10.4975,50,Atog-boga,"1ha plot atogboga002, tag 67",11691,IRD plot,1841,67,atogboga002
P9011065.JPG,172177,NA/NA/2015,NA,3.24889,10.4975,50,Atog-boga,"1ha plot atogboga002, tag 67",11691,IRD plot,1841,67,atogboga002
P9011066.JPG,172177,NA/NA/2015,NA,3.24889,10.4975,50,Atog-boga,"1ha plot atogboga002, tag 67",11691,IRD plot,1841,67,atogboga002
P9011067.JPG,172177,NA/NA/2015,NA,3.24889,10.4975,50,Atog-boga,"1ha plot atogboga002, tag 67",11691,IRD plot,1841,67,atogboga002
P9011068.JPG,172177,NA/NA/2015,NA,3.24889,10.4975,50,Atog-boga,"1ha plot atogboga002, tag 67",11691,IRD plot,1841,67,atogboga002
P9011069.JPG,172177,NA/NA/2015,NA,3.24889,10.4975,50,Atog-boga,"1ha plot atogboga002, tag 67",11691,IRD plot,1841,67,atogboga002
P9011070.JPG,172177,NA/NA/2015,NA,3.24889,10.4975,50,Atog-boga,"1ha plot atogboga002, tag 67",11691,IRD plot,1841,67,atogboga002
P9011071.JPG,172177,NA/NA/2015,NA,3.24889,10.4975,50,Atog-boga,"1ha plot atogboga002, tag 67",11691,IRD plot,1841,67,atogboga002
P9011072.JPG,172177,NA/NA/2015,NA,3.24889,10.4975,50,Atog-boga,"1ha plot atogboga002, tag 67",11691,IRD plot,1841,67,atogboga002
P9011073.JPG,172177,NA/NA/2015,NA,3.24889,10.4975,50,Atog-boga,"1ha plot atogboga002, tag 67",11691,IRD plot,1841,67,atogboga002
P9011074.JPG,172177,NA/NA/2015,NA,3.24889,10.4975,50,Atog-boga,"1ha plot atogboga002, tag 67",11691,IRD plot,1841,67,atogboga002
P9011075.JPG,172210,NA/NA/2015,Tetraberlinia bifoliolata (Harms) Hauman,3.24889,10.4975,50,Atog-boga,"1ha plot atogboga002, tag 100",11625,IRD plot,1843,100,atogboga002
P9011076.JPG,172210,NA/NA/2015,Tetraberlinia bifoliolata (Harms) Hauman,3.24889,10.4975,50,Atog-boga,"1ha plot atogboga002, tag 100",11625,IRD plot,1843,100,atogboga002
P9011077.JPG,172210,NA/NA/2015,Tetraberlinia bifoliolata (Harms) Hauman,3.24889,10.4975,50,Atog-boga,"1ha plot atogboga002, tag 100",11625,IRD plot,1843,100,atogboga002
P9011078.JPG,172210,NA/NA/2015,Tetraberlinia bifoliolata (Harms) Hauman,3.24889,10.4975,50,Atog-boga,"1ha plot atogboga002, tag 100",11625,IRD plot,1843,100,atogboga002
P9011079.JPG,172210,NA/NA/2015,Tetraberlinia bifoliolata (Harms) Hauman,3.24889,10.4975,50,Atog-boga,"1ha plot atogboga002, tag 100",11625,IRD plot,1843,100,atogboga002
P9011080.JPG,172210,NA/NA/2015,Tetraberlinia bifoliolata (Harms) Hauman,3.24889,10.4975,50,Atog-boga,"1ha plot atogboga002, tag 100",11625,IRD plot,1843,100,atogboga002
P9011081.JPG,172210,NA/NA/2015,Tetraberlinia bifoliolata (Harms) Hauman,3.24889,10.4975,50,Atog-boga,"1ha plot atogboga002, tag 100",11625,IRD plot,1843,100,atogboga002
P9011082.JPG,172210,NA/NA/2015,Tetraberlinia bifoliolata (Harms) Hauman,3.24889,10.4975,50,Atog-boga,"1ha plot atogboga002, tag 100",11625,IRD plot,1843,100,atogboga002
P9011083.JPG,172210,NA/NA/2015,Tetraberlinia bifoliolata (Harms) Hauman,3.24889,10.4975,50,Atog-boga,"1ha plot atogboga002, tag 100",11625,IRD plot,1843,100,atogboga002
P9011084.JPG,172210,NA/NA/2015,Tetraberlinia bifoliolata (Harms) Hauman,3.24889,10.4975,50,Atog-boga,"1ha plot atogboga002, tag 100",11625,IRD plot,1843,100,atogboga002
P9011085.JPG,172210,NA/NA/2015,Tetraberlinia bifoliolata (Harms) Hauman,3.24889,10.4975,50,Atog-boga,"1ha plot atogboga002, tag 100",11625,IRD plot,1843,100,atogboga002
P9011086.JPG,172227,NA/NA/2015,Chrysophyllum africanum A.DC.,3.24889,10.4975,50,Atog-boga,"1ha plot atogboga002, tag 117",11620,IRD plot,1844,117,atogboga002
P9011087.JPG,172227,NA/NA/2015,Chrysophyllum africanum A.DC.,3.24889,10.4975,50,Atog-boga,"1ha plot atogboga002, tag 117",11620,IRD plot,1844,117,atogboga002
P9011088.JPG,172227,NA/NA/2015,Chrysophyllum africanum A.DC.,3.24889,10.4975,50,Atog-boga,"1ha plot atogboga002, tag 117",11620,IRD plot,1844,117,atogboga002
P9011089.JPG,172227,NA/NA/2015,Chrysophyllum africanum A.DC.,3.24889,10.4975,50,Atog-boga,"1ha plot atogboga002, tag 117",11620,IRD plot,1844,117,atogboga002
P9011090.JPG,172227,NA/NA/2015,Chrysophyllum africanum A.DC.,3.24889,10.4975,50,Atog-boga,"1ha plot atogboga002, tag 117",11620,IRD plot,1844,117,atogboga002
P9011091.JPG,172227,NA/NA/2015,Chrysophyllum africanum A.DC.,3.24889,10.4975,50,Atog-boga,"1ha plot atogboga002, tag 117",11620,IRD plot,1844,117,atogboga002
P9011092.JPG,172227,NA/NA/2015,Chrysophyllum africanum A.DC.,3.24889,10.4975,50,Atog-boga,"1ha plot atogboga002, tag 117",11620,IRD plot,1844,117,atogboga002
P9011093.JPG,172227,NA/NA/2015,Chrysophyllum africanum A.DC.,3.24889,10.4975,50,Atog-boga,"1ha plot atogboga002, tag 117",11620,IRD plot,1844,117,atogboga002
P9011094.JPG,172227,NA/NA/2015,Chrysophyllum africanum A.DC.,3.24889,10.4975,50,Atog-boga,"1ha plot atogboga002, tag 117",11620,IRD plot,1844,117,atogboga002
P9011095.JPG,172227,NA/NA/2015,Chrysophyllum africanum A.DC.,3.24889,10.4975,50,Atog-boga,"1ha plot atogboga002, tag 117",11620,IRD plot,1844,117,atogboga002
P9011096.JPG,172227,NA/NA/2015,Chrysophyllum africanum A.DC.,3.24889,10.4975,50,Atog-boga,"1ha plot atogboga002, tag 117",11620,IRD plot,1844,117,atogboga002
P9011097.JPG,172227,NA/NA/2015,Chrysophyllum africanum A.DC.,3.24889,10.4975,50,Atog-boga,"1ha plot atogboga002, tag 117",11620,IRD plot,1844,117,atogboga002
P9011098.JPG,172205,NA/NA/2015,Rhabdophyllum calophyllum (Hook.f.) Tiegh.,3.24889,10.4975,50,Atog-boga,"1ha plot atogboga002, tag 95",11704,IRD plot,1842,95,atogboga002
P9011099.JPG,172205,NA/NA/2015,Rhabdophyllum calophyllum (Hook.f.) Tiegh.,3.24889,10.4975,50,Atog-boga,"1ha plot atogboga002, tag 95",11704,IRD plot,1842,95,atogboga002
P9011100.JPG,172205,NA/NA/2015,Rhabdophyllum calophyllum (Hook.f.) Tiegh.,3.24889,10.4975,50,Atog-boga,"1ha plot atogboga002, tag 95",11704,IRD plot,1842,95,atogboga002
P9011101.JPG,172205,NA/NA/2015,Rhabdophyllum calophyllum (Hook.f.) Tiegh.,3.24889,10.4975,50,Atog-boga,"1ha plot atogboga002, tag 95",11704,IRD plot,1842,95,atogboga002
P9011102.JPG,172205,NA/NA/2015,Rhabdophyllum calophyllum (Hook.f.) Tiegh.,3.24889,10.4975,50,Atog-boga,"1ha plot atogboga002, tag 95",11704,IRD plot,1842,95,atogboga002
P9011103.JPG,172205,NA/NA/2015,Rhabdophyllum calophyllum (Hook.f.) Tiegh.,3.24889,10.4975,50,Atog-boga,"1ha plot atogboga002, tag 95",11704,IRD plot,1842,95,atogboga002
P9011104.JPG,172205,NA/NA/2015,Rhabdophyllum calophyllum (Hook.f.) Tiegh.,3.24889,10.4975,50,Atog-boga,"1ha plot atogboga002, tag 95",11704,IRD plot,1842,95,atogboga002
P9011105.JPG,172205,NA/NA/2015,Rhabdophyllum calophyllum (Hook.f.) Tiegh.,3.24889,10.4975,50,Atog-boga,"1ha plot atogboga002, tag 95",11704,IRD plot,1842,95,atogboga002
P9011106.JPG,172205,NA/NA/2015,Rhabdophyllum calophyllum (Hook.f.) Tiegh.,3.24889,10.4975,50,Atog-boga,"1ha plot atogboga002, tag 95",11704,IRD plot,1842,95,atogboga002
P9011107.JPG,172205,NA/NA/2015,Rhabdophyllum calophyllum (Hook.f.) Tiegh.,3.24889,10.4975,50,Atog-boga,"1ha plot atogboga002, tag 95",11704,IRD plot,1842,95,atogboga002
P9011108.JPG,172205,NA/NA/2015,Rhabdophyllum calophyllum (Hook.f.) Tiegh.,3.24889,10.4975,50,Atog-boga,"1ha plot atogboga002, tag 95",11704,IRD plot,1842,95,atogboga002
P9011109.JPG,172228,NA/NA/2015,Garcinia epunctata Stapf,3.24889,10.4975,50,Atog-boga,"1ha plot atogboga002, tag 118",11666,IRD plot,1845,118,atogboga002
P9011110.JPG,172228,NA/NA/2015,Garcinia epunctata Stapf,3.24889,10.4975,50,Atog-boga,"1ha plot atogboga002, tag 118",11666,IRD plot,1845,118,atogboga002
P9011111.JPG,172228,NA/NA/2015,Garcinia epunctata Stapf,3.24889,10.4975,50,Atog-boga,"1ha plot atogboga002, tag 118",11666,IRD plot,1845,118,atogboga002
P9011112.JPG,172228,NA/NA/2015,Garcinia epunctata Stapf,3.24889,10.4975,50,Atog-boga,"1ha plot atogboga002, tag 118",11666,IRD plot,1845,118,atogboga002
P9011113.JPG,172228,NA/NA/2015,Garcinia epunctata Stapf,3.24889,10.4975,50,Atog-boga,"1ha plot atogboga002, tag 118",11666,IRD plot,1845,118,atogboga002
P9011114.JPG,172228,NA/NA/2015,Garcinia epunctata Stapf,3.24889,10.4975,50,Atog-boga,"1ha plot atogboga002, tag 118",11666,IRD plot,1845,118,atogboga002
P9011115.JPG,172228,NA/NA/2015,Garcinia epunctata Stapf,3.24889,10.4975,50,Atog-boga,"1ha plot atogboga002, tag 118",11666,IRD plot,1845,118,atogboga002
P9011116.JPG,172228,NA/NA/2015,Garcinia epunctata Stapf,3.24889,10.4975,50,Atog-boga,"1ha plot atogboga002, tag 118",11666,IRD plot,1845,118,atogboga002
P9011117.JPG,172228,NA/NA/2015,Garcinia epunctata Stapf,3.24889,10.4975,50,Atog-boga,"1ha plot atogboga002, tag 118",11666,IRD plot,1845,118,atogboga002
P9011118.JPG,172228,NA/NA/2015,Garcinia epunctata Stapf,3.24889,10.4975,50,Atog-boga,"1ha plot atogboga002, tag 118",11666,IRD plot,1845,118,atogboga002
P9011119.JPG,172228,NA/NA/2015,Garcinia epunctata Stapf,3.24889,10.4975,50,Atog-boga,"1ha plot atogboga002, tag 118",11666,IRD plot,1845,118,atogboga002
P9011120.JPG,172228,NA/NA/2015,Garcinia epunctata Stapf,3.24889,10.4975,50,Atog-boga,"1ha plot atogboga002, tag 118",11666,IRD plot,1845,118,atogboga002
P9011121.JPG,172228,NA/NA/2015,Garcinia epunctata Stapf,3.24889,10.4975,50,Atog-boga,"1ha plot atogboga002, tag 118",11666,IRD plot,1845,118,atogboga002
P9011122.JPG,172228,NA/NA/2015,Garcinia epunctata Stapf,3.24889,10.4975,50,Atog-boga,"1ha plot atogboga002, tag 118",11666,IRD plot,1845,118,atogboga002
P9011123.JPG,172228,NA/NA/2015,Garcinia epunctata Stapf,3.24889,10.4975,50,Atog-boga,"1ha plot atogboga002, tag 118",11666,IRD plot,1845,118,atogboga002
P9011137.JPG,172245,NA/NA/2015,Trichilia prieuriana A.Juss.,3.24889,10.4975,50,Atog-boga,"1ha plot atogboga002, tag 135",11628,IRD plot,1848,135,atogboga002
P9011138.JPG,172245,NA/NA/2015,Trichilia prieuriana A.Juss.,3.24889,10.4975,50,Atog-boga,"1ha plot atogboga002, tag 135",11628,IRD plot,1848,135,atogboga002
P9011139.JPG,172245,NA/NA/2015,Trichilia prieuriana A.Juss.,3.24889,10.4975,50,Atog-boga,"1ha plot atogboga002, tag 135",11628,IRD plot,1848,135,atogboga002
P9011140.JPG,172245,NA/NA/2015,Trichilia prieuriana A.Juss.,3.24889,10.4975,50,Atog-boga,"1ha plot atogboga002, tag 135",11628,IRD plot,1848,135,atogboga002
P9011141.JPG,172245,NA/NA/2015,Trichilia prieuriana A.Juss.,3.24889,10.4975,50,Atog-boga,"1ha plot atogboga002, tag 135",11628,IRD plot,1848,135,atogboga002
P9011142.JPG,172245,NA/NA/2015,Trichilia prieuriana A.Juss.,3.24889,10.4975,50,Atog-boga,"1ha plot atogboga002, tag 135",11628,IRD plot,1848,135,atogboga002
P9011143.JPG,172245,NA/NA/2015,Trichilia prieuriana A.Juss.,3.24889,10.4975,50,Atog-boga,"1ha plot atogboga002, tag 135",11628,IRD plot,1848,135,atogboga002
P9011144.JPG,172245,NA/NA/2015,Trichilia prieuriana A.Juss.,3.24889,10.4975,50,Atog-boga,"1ha plot atogboga002, tag 135",11628,IRD plot,1848,135,atogboga002
P9011145.JPG,172245,NA/NA/2015,Trichilia prieuriana A.Juss.,3.24889,10.4975,50,Atog-boga,"1ha plot atogboga002, tag 135",11628,IRD plot,1848,135,atogboga002
P9011146.JPG,172245,NA/NA/2015,Trichilia prieuriana A.Juss.,3.24889,10.4975,50,Atog-boga,"1ha plot atogboga002, tag 135",11628,IRD plot,1848,135,atogboga002
P9011147.JPG,172245,NA/NA/2015,Trichilia prieuriana A.Juss.,3.24889,10.4975,50,Atog-boga,"1ha plot atogboga002, tag 135",11628,IRD plot,1848,135,atogboga002
P9011148.JPG,172245,NA/NA/2015,Trichilia prieuriana A.Juss.,3.24889,10.4975,50,Atog-boga,"1ha plot atogboga002, tag 135",11628,IRD plot,1848,135,atogboga002
P9011149.JPG,172245,NA/NA/2015,Trichilia prieuriana A.Juss.,3.24889,10.4975,50,Atog-boga,"1ha plot atogboga002, tag 135",11628,IRD plot,1848,135,atogboga002
P9011150.JPG,172250,NA/NA/2015,NA,3.24889,10.4975,50,Atog-boga,"1ha plot atogboga002, tag 140",11682,IRD plot,1849,140,atogboga002
P9011151.JPG,172250,NA/NA/2015,NA,3.24889,10.4975,50,Atog-boga,"1ha plot atogboga002, tag 140",11682,IRD plot,1849,140,atogboga002
P9011152.JPG,172250,NA/NA/2015,NA,3.24889,10.4975,50,Atog-boga,"1ha plot atogboga002, tag 140",11682,IRD plot,1849,140,atogboga002
P9011153.JPG,172250,NA/NA/2015,NA,3.24889,10.4975,50,Atog-boga,"1ha plot atogboga002, tag 140",11682,IRD plot,1849,140,atogboga002
P9011154.JPG,172250,NA/NA/2015,NA,3.24889,10.4975,50,Atog-boga,"1ha plot atogboga002, tag 140",11682,IRD plot,1849,140,atogboga002
P9011155.JPG,172250,NA/NA/2015,NA,3.24889,10.4975,50,Atog-boga,"1ha plot atogboga002, tag 140",11682,IRD plot,1849,140,atogboga002
P9011156.JPG,172250,NA/NA/2015,NA,3.24889,10.4975,50,Atog-boga,"1ha plot atogboga002, tag 140",11682,IRD plot,1849,140,atogboga002
P9011157.JPG,172250,NA/NA/2015,NA,3.24889,10.4975,50,Atog-boga,"1ha plot atogboga002, tag 140",11682,IRD plot,1849,140,atogboga002
P9011158.JPG,172250,NA/NA/2015,NA,3.24889,10.4975,50,Atog-boga,"1ha plot atogboga002, tag 140",11682,IRD plot,1849,140,atogboga002
P9011159.JPG,172250,NA/NA/2015,NA,3.24889,10.4975,50,Atog-boga,"1ha plot atogboga002, tag 140",11682,IRD plot,1849,140,atogboga002
P9011160.JPG,172250,NA/NA/2015,NA,3.24889,10.4975,50,Atog-boga,"1ha plot atogboga002, tag 140",11682,IRD plot,1849,140,atogboga002
P9011161.JPG,172235,NA/NA/2015,Placodiscus opacus Radlk.,3.24889,10.4975,50,Atog-boga,"1ha plot atogboga002, tag 125",11671,IRD plot,1846,125,atogboga002
P9011162.JPG,172235,NA/NA/2015,Placodiscus opacus Radlk.,3.24889,10.4975,50,Atog-boga,"1ha plot atogboga002, tag 125",11671,IRD plot,1846,125,atogboga002
P9011163.JPG,172235,NA/NA/2015,Placodiscus opacus Radlk.,3.24889,10.4975,50,Atog-boga,"1ha plot atogboga002, tag 125",11671,IRD plot,1846,125,atogboga002
P9011164.JPG,172235,NA/NA/2015,Placodiscus opacus Radlk.,3.24889,10.4975,50,Atog-boga,"1ha plot atogboga002, tag 125",11671,IRD plot,1846,125,atogboga002
P9011165.JPG,172235,NA/NA/2015,Placodiscus opacus Radlk.,3.24889,10.4975,50,Atog-boga,"1ha plot atogboga002, tag 125",11671,IRD plot,1846,125,atogboga002
P9011166.JPG,172235,NA/NA/2015,Placodiscus opacus Radlk.,3.24889,10.4975,50,Atog-boga,"1ha plot atogboga002, tag 125",11671,IRD plot,1846,125,atogboga002
P9011167.JPG,172235,NA/NA/2015,Placodiscus opacus Radlk.,3.24889,10.4975,50,Atog-boga,"1ha plot atogboga002, tag 125",11671,IRD plot,1846,125,atogboga002
P9011168.JPG,172235,NA/NA/2015,Placodiscus opacus Radlk.,3.24889,10.4975,50,Atog-boga,"1ha plot atogboga002, tag 125",11671,IRD plot,1846,125,atogboga002
P9011169.JPG,172235,NA/NA/2015,Placodiscus opacus Radlk.,3.24889,10.4975,50,Atog-boga,"1ha plot atogboga002, tag 125",11671,IRD plot,1846,125,atogboga002
P9011170.JPG,172243,NA/NA/2015,Diospyros kamerunensis Gürke,3.24889,10.4975,50,Atog-boga,"1ha plot atogboga002, tag 133",11710,IRD plot,1847,133,atogboga002
P9011171.JPG,172243,NA/NA/2015,Diospyros kamerunensis Gürke,3.24889,10.4975,50,Atog-boga,"1ha plot atogboga002, tag 133",11710,IRD plot,1847,133,atogboga002
P9011172.JPG,172243,NA/NA/2015,Diospyros kamerunensis Gürke,3.24889,10.4975,50,Atog-boga,"1ha plot atogboga002, tag 133",11710,IRD plot,1847,133,atogboga002
P9011173.JPG,172243,NA/NA/2015,Diospyros kamerunensis Gürke,3.24889,10.4975,50,Atog-boga,"1ha plot atogboga002, tag 133",11710,IRD plot,1847,133,atogboga002
P9011174.JPG,172243,NA/NA/2015,Diospyros kamerunensis Gürke,3.24889,10.4975,50,Atog-boga,"1ha plot atogboga002, tag 133",11710,IRD plot,1847,133,atogboga002
P9011175.JPG,172243,NA/NA/2015,Diospyros kamerunensis Gürke,3.24889,10.4975,50,Atog-boga,"1ha plot atogboga002, tag 133",11710,IRD plot,1847,133,atogboga002
P9011176.JPG,172243,NA/NA/2015,Diospyros kamerunensis Gürke,3.24889,10.4975,50,Atog-boga,"1ha plot atogboga002, tag 133",11710,IRD plot,1847,133,atogboga002
P9011177.JPG,172262,NA/NA/2015,Ficus vogeliana (Miq.) Miq.,3.24889,10.4975,50,Atog-boga,"1ha plot atogboga002, tag 152",11660,IRD plot,1850,152,atogboga002
P9011178.JPG,172262,NA/NA/2015,Ficus vogeliana (Miq.) Miq.,3.24889,10.4975,50,Atog-boga,"1ha plot atogboga002, tag 152",11660,IRD plot,1850,152,atogboga002
P9011179.JPG,172262,NA/NA/2015,Ficus vogeliana (Miq.) Miq.,3.24889,10.4975,50,Atog-boga,"1ha plot atogboga002, tag 152",11660,IRD plot,1850,152,atogboga002
P9011180.JPG,172262,NA/NA/2015,Ficus vogeliana (Miq.) Miq.,3.24889,10.4975,50,Atog-boga,"1ha plot atogboga002, tag 152",11660,IRD plot,1850,152,atogboga002
P9011181.JPG,172262,NA/NA/2015,Ficus vogeliana (Miq.) Miq.,3.24889,10.4975,50,Atog-boga,"1ha plot atogboga002, tag 152",11660,IRD plot,1850,152,atogboga002
P9011182.JPG,172262,NA/NA/2015,Ficus vogeliana (Miq.) Miq.,3.24889,10.4975,50,Atog-boga,"1ha plot atogboga002, tag 152",11660,IRD plot,1850,152,atogboga002
P9011183.JPG,172262,NA/NA/2015,Ficus vogeliana (Miq.) Miq.,3.24889,10.4975,50,Atog-boga,"1ha plot atogboga002, tag 152",11660,IRD plot,1850,152,atogboga002
P9021184.JPG,172283,NA/NA/2015,Aidia micrantha (K.Schum.) Bullock ex F.White,3.24889,10.4975,50,Atog-boga,"1ha plot atogboga002, tag 173",11670,IRD plot,1852,173,atogboga002
P9021185.JPG,172283,NA/NA/2015,Aidia micrantha (K.Schum.) Bullock ex F.White,3.24889,10.4975,50,Atog-boga,"1ha plot atogboga002, tag 173",11670,IRD plot,1852,173,atogboga002
P9021186.JPG,172283,NA/NA/2015,Aidia micrantha (K.Schum.) Bullock ex F.White,3.24889,10.4975,50,Atog-boga,"1ha plot atogboga002, tag 173",11670,IRD plot,1852,173,atogboga002
P9021187.JPG,172283,NA/NA/2015,Aidia micrantha (K.Schum.) Bullock ex F.White,3.24889,10.4975,50,Atog-boga,"1ha plot atogboga002, tag 173",11670,IRD plot,1852,173,atogboga002
P9021188.JPG,172283,NA/NA/2015,Aidia micrantha (K.Schum.) Bullock ex F.White,3.24889,10.4975,50,Atog-boga,"1ha plot atogboga002, tag 173",11670,IRD plot,1852,173,atogboga002
P9021189.JPG,172283,NA/NA/2015,Aidia micrantha (K.Schum.) Bullock ex F.White,3.24889,10.4975,50,Atog-boga,"1ha plot atogboga002, tag 173",11670,IRD plot,1852,173,atogboga002
P9021190.JPG,172283,NA/NA/2015,Aidia micrantha (K.Schum.) Bullock ex F.White,3.24889,10.4975,50,Atog-boga,"1ha plot atogboga002, tag 173",11670,IRD plot,1852,173,atogboga002
P9021191.JPG,172283,NA/NA/2015,Aidia micrantha (K.Schum.) Bullock ex F.White,3.24889,10.4975,50,Atog-boga,"1ha plot atogboga002, tag 173",11670,IRD plot,1852,173,atogboga002
P9021192.JPG,172283,NA/NA/2015,Aidia micrantha (K.Schum.) Bullock ex F.White,3.24889,10.4975,50,Atog-boga,"1ha plot atogboga002, tag 173",11670,IRD plot,1852,173,atogboga002
P9021193.JPG,172290,NA/NA/2015,Treculia obovoidea N.E.Br.,3.24889,10.4975,50,Atog-boga,"1ha plot atogboga002, tag 180",11618,IRD plot,1853,180,atogboga002
P9021194.JPG,172290,NA/NA/2015,Treculia obovoidea N.E.Br.,3.24889,10.4975,50,Atog-boga,"1ha plot atogboga002, tag 180",11618,IRD plot,1853,180,atogboga002
P9021195.JPG,172290,NA/NA/2015,Treculia obovoidea N.E.Br.,3.24889,10.4975,50,Atog-boga,"1ha plot atogboga002, tag 180",11618,IRD plot,1853,180,atogboga002
P9021196.JPG,172290,NA/NA/2015,Treculia obovoidea N.E.Br.,3.24889,10.4975,50,Atog-boga,"1ha plot atogboga002, tag 180",11618,IRD plot,1853,180,atogboga002
P9021197.JPG,172290,NA/NA/2015,Treculia obovoidea N.E.Br.,3.24889,10.4975,50,Atog-boga,"1ha plot atogboga002, tag 180",11618,IRD plot,1853,180,atogboga002
P9021198.JPG,172290,NA/NA/2015,Treculia obovoidea N.E.Br.,3.24889,10.4975,50,Atog-boga,"1ha plot atogboga002, tag 180",11618,IRD plot,1853,180,atogboga002
P9021199.JPG,172290,NA/NA/2015,Treculia obovoidea N.E.Br.,3.24889,10.4975,50,Atog-boga,"1ha plot atogboga002, tag 180",11618,IRD plot,1853,180,atogboga002
P9021200.JPG,172290,NA/NA/2015,Treculia obovoidea N.E.Br.,3.24889,10.4975,50,Atog-boga,"1ha plot atogboga002, tag 180",11618,IRD plot,1853,180,atogboga002
P9021201.JPG,172290,NA/NA/2015,Treculia obovoidea N.E.Br.,3.24889,10.4975,50,Atog-boga,"1ha plot atogboga002, tag 180",11618,IRD plot,1853,180,atogboga002
P9021202.JPG,172307,NA/NA/2015,Tetraberlinia bifoliolata (Harms) Hauman,3.24889,10.4975,50,Atog-boga,"1ha plot atogboga002, tag 197",11624,IRD plot,1854,197,atogboga002
P9021203.JPG,172307,NA/NA/2015,Tetraberlinia bifoliolata (Harms) Hauman,3.24889,10.4975,50,Atog-boga,"1ha plot atogboga002, tag 197",11624,IRD plot,1854,197,atogboga002
P9021204.JPG,172307,NA/NA/2015,Tetraberlinia bifoliolata (Harms) Hauman,3.24889,10.4975,50,Atog-boga,"1ha plot atogboga002, tag 197",11624,IRD plot,1854,197,atogboga002
P9021205.JPG,172307,NA/NA/2015,Tetraberlinia bifoliolata (Harms) Hauman,3.24889,10.4975,50,Atog-boga,"1ha plot atogboga002, tag 197",11624,IRD plot,1854,197,atogboga002
P9021206.JPG,172307,NA/NA/2015,Tetraberlinia bifoliolata (Harms) Hauman,3.24889,10.4975,50,Atog-boga,"1ha plot atogboga002, tag 197",11624,IRD plot,1854,197,atogboga002
P9021207.JPG,172307,NA/NA/2015,Tetraberlinia bifoliolata (Harms) Hauman,3.24889,10.4975,50,Atog-boga,"1ha plot atogboga002, tag 197",11624,IRD plot,1854,197,atogboga002
P9021208.JPG,172307,NA/NA/2015,Tetraberlinia bifoliolata (Harms) Hauman,3.24889,10.4975,50,Atog-boga,"1ha plot atogboga002, tag 197",11624,IRD plot,1854,197,atogboga002
P9021209.JPG,172307,NA/NA/2015,Tetraberlinia bifoliolata (Harms) Hauman,3.24889,10.4975,50,Atog-boga,"1ha plot atogboga002, tag 197",11624,IRD plot,1854,197,atogboga002
P9021210.JPG,172307,NA/NA/2015,Tetraberlinia bifoliolata (Harms) Hauman,3.24889,10.4975,50,Atog-boga,"1ha plot atogboga002, tag 197",11624,IRD plot,1854,197,atogboga002
P9021211.JPG,172314,NA/NA/2015,Rhaptopetalum coriaceum Oliv.,3.24889,10.4975,50,Atog-boga,"1ha plot atogboga002, tag 204",11700,IRD plot,1855,204,atogboga002
P9021212.JPG,172314,NA/NA/2015,Rhaptopetalum coriaceum Oliv.,3.24889,10.4975,50,Atog-boga,"1ha plot atogboga002, tag 204",11700,IRD plot,1855,204,atogboga002
P9021213.JPG,172314,NA/NA/2015,Rhaptopetalum coriaceum Oliv.,3.24889,10.4975,50,Atog-boga,"1ha plot atogboga002, tag 204",11700,IRD plot,1855,204,atogboga002
P9021214.JPG,172314,NA/NA/2015,Rhaptopetalum coriaceum Oliv.,3.24889,10.4975,50,Atog-boga,"1ha plot atogboga002, tag 204",11700,IRD plot,1855,204,atogboga002
P9021215.JPG,172314,NA/NA/2015,Rhaptopetalum coriaceum Oliv.,3.24889,10.4975,50,Atog-boga,"1ha plot atogboga002, tag 204",11700,IRD plot,1855,204,atogboga002
P9021216.JPG,172314,NA/NA/2015,Rhaptopetalum coriaceum Oliv.,3.24889,10.4975,50,Atog-boga,"1ha plot atogboga002, tag 204",11700,IRD plot,1855,204,atogboga002
P9021217.JPG,172314,NA/NA/2015,Rhaptopetalum coriaceum Oliv.,3.24889,10.4975,50,Atog-boga,"1ha plot atogboga002, tag 204",11700,IRD plot,1855,204,atogboga002
P9021218.JPG,172314,NA/NA/2015,Rhaptopetalum coriaceum Oliv.,3.24889,10.4975,50,Atog-boga,"1ha plot atogboga002, tag 204",11700,IRD plot,1855,204,atogboga002
P9021219.JPG,172328,NA/NA/2015,Garcinia lucida Vesque,3.24889,10.4975,50,Atog-boga,"1ha plot atogboga002, tag 218",11667,IRD plot,1856,218,atogboga002
P9021220.JPG,172328,NA/NA/2015,Garcinia lucida Vesque,3.24889,10.4975,50,Atog-boga,"1ha plot atogboga002, tag 218",11667,IRD plot,1856,218,atogboga002
P9021221.JPG,172328,NA/NA/2015,Garcinia lucida Vesque,3.24889,10.4975,50,Atog-boga,"1ha plot atogboga002, tag 218",11667,IRD plot,1856,218,atogboga002
P9021222.JPG,172328,NA/NA/2015,Garcinia lucida Vesque,3.24889,10.4975,50,Atog-boga,"1ha plot atogboga002, tag 218",11667,IRD plot,1856,218,atogboga002
P9021223.JPG,172328,NA/NA/2015,Garcinia lucida Vesque,3.24889,10.4975,50,Atog-boga,"1ha plot atogboga002, tag 218",11667,IRD plot,1856,218,atogboga002
P9021224.JPG,172328,NA/NA/2015,Garcinia lucida Vesque,3.24889,10.4975,50,Atog-boga,"1ha plot atogboga002, tag 218",11667,IRD plot,1856,218,atogboga002
P9021225.JPG,172328,NA/NA/2015,Garcinia lucida Vesque,3.24889,10.4975,50,Atog-boga,"1ha plot atogboga002, tag 218",11667,IRD plot,1856,218,atogboga002
P9021226.JPG,172328,NA/NA/2015,Garcinia lucida Vesque,3.24889,10.4975,50,Atog-boga,"1ha plot atogboga002, tag 218",11667,IRD plot,1856,218,atogboga002
P9021227.JPG,172328,NA/NA/2015,Garcinia lucida Vesque,3.24889,10.4975,50,Atog-boga,"1ha plot atogboga002, tag 218",11667,IRD plot,1856,218,atogboga002
P9021228.JPG,172328,NA/NA/2015,Garcinia lucida Vesque,3.24889,10.4975,50,Atog-boga,"1ha plot atogboga002, tag 218",11667,IRD plot,1856,218,atogboga002
P9021229.JPG,172328,NA/NA/2015,Garcinia lucida Vesque,3.24889,10.4975,50,Atog-boga,"1ha plot atogboga002, tag 218",11667,IRD plot,1856,218,atogboga002
P9021230.JPG,172328,NA/NA/2015,Garcinia lucida Vesque,3.24889,10.4975,50,Atog-boga,"1ha plot atogboga002, tag 218",11667,IRD plot,1856,218,atogboga002
P9021231.JPG,172337,NA/NA/2015,Uapaca guineensis Müll.Arg.,3.24889,10.4975,50,Atog-boga,"1ha plot atogboga002, tag 227",11631,IRD plot,1857,227,atogboga002
P9021232.JPG,172337,NA/NA/2015,Uapaca guineensis Müll.Arg.,3.24889,10.4975,50,Atog-boga,"1ha plot atogboga002, tag 227",11631,IRD plot,1857,227,atogboga002
P9021233.JPG,172337,NA/NA/2015,Uapaca guineensis Müll.Arg.,3.24889,10.4975,50,Atog-boga,"1ha plot atogboga002, tag 227",11631,IRD plot,1857,227,atogboga002
P9021234.JPG,172337,NA/NA/2015,Uapaca guineensis Müll.Arg.,3.24889,10.4975,50,Atog-boga,"1ha plot atogboga002, tag 227",11631,IRD plot,1857,227,atogboga002
P9021235.JPG,172337,NA/NA/2015,Uapaca guineensis Müll.Arg.,3.24889,10.4975,50,Atog-boga,"1ha plot atogboga002, tag 227",11631,IRD plot,1857,227,atogboga002
P9021236.JPG,172337,NA/NA/2015,Uapaca guineensis Müll.Arg.,3.24889,10.4975,50,Atog-boga,"1ha plot atogboga002, tag 227",11631,IRD plot,1857,227,atogboga002
P9021237.JPG,172342,NA/NA/2015,Heisteria parvifolia Sm.,3.24889,10.4975,50,Atog-boga,"1ha plot atogboga002, tag 232",11636,IRD plot,1858,232,atogboga002
P9021238.JPG,172342,NA/NA/2015,Heisteria parvifolia Sm.,3.24889,10.4975,50,Atog-boga,"1ha plot atogboga002, tag 232",11636,IRD plot,1858,232,atogboga002
P9021239.JPG,172342,NA/NA/2015,Heisteria parvifolia Sm.,3.24889,10.4975,50,Atog-boga,"1ha plot atogboga002, tag 232",11636,IRD plot,1858,232,atogboga002
P9021240.JPG,172342,NA/NA/2015,Heisteria parvifolia Sm.,3.24889,10.4975,50,Atog-boga,"1ha plot atogboga002, tag 232",11636,IRD plot,1858,232,atogboga002
P9021241.JPG,172342,NA/NA/2015,Heisteria parvifolia Sm.,3.24889,10.4975,50,Atog-boga,"1ha plot atogboga002, tag 232",11636,IRD plot,1858,232,atogboga002
P9021242.JPG,172342,NA/NA/2015,Heisteria parvifolia Sm.,3.24889,10.4975,50,Atog-boga,"1ha plot atogboga002, tag 232",11636,IRD plot,1858,232,atogboga002
P9021243.JPG,172342,NA/NA/2015,Heisteria parvifolia Sm.,3.24889,10.4975,50,Atog-boga,"1ha plot atogboga002, tag 232",11636,IRD plot,1858,232,atogboga002
P9021244.JPG,172342,NA/NA/2015,Heisteria parvifolia Sm.,3.24889,10.4975,50,Atog-boga,"1ha plot atogboga002, tag 232",11636,IRD plot,1858,232,atogboga002
P9021245.JPG,172342,NA/NA/2015,Heisteria parvifolia Sm.,3.24889,10.4975,50,Atog-boga,"1ha plot atogboga002, tag 232",11636,IRD plot,1858,232,atogboga002
P9021246.JPG,172342,NA/NA/2015,Heisteria parvifolia Sm.,3.24889,10.4975,50,Atog-boga,"1ha plot atogboga002, tag 232",11636,IRD plot,1858,232,atogboga002
P9021254.JPG,172386,NA/NA/2015,Oubanguia africana Baill.,3.24889,10.4975,50,Atog-boga,"1ha plot atogboga002, tag 276",11699,IRD plot,1860,276,atogboga002
P9021255.JPG,172386,NA/NA/2015,Oubanguia africana Baill.,3.24889,10.4975,50,Atog-boga,"1ha plot atogboga002, tag 276",11699,IRD plot,1860,276,atogboga002
P9021256.JPG,172386,NA/NA/2015,Oubanguia africana Baill.,3.24889,10.4975,50,Atog-boga,"1ha plot atogboga002, tag 276",11699,IRD plot,1860,276,atogboga002
P9021257.JPG,172386,NA/NA/2015,Oubanguia africana Baill.,3.24889,10.4975,50,Atog-boga,"1ha plot atogboga002, tag 276",11699,IRD plot,1860,276,atogboga002
P9021258.JPG,172386,NA/NA/2015,Oubanguia africana Baill.,3.24889,10.4975,50,Atog-boga,"1ha plot atogboga002, tag 276",11699,IRD plot,1860,276,atogboga002
P9021259.JPG,172386,NA/NA/2015,Oubanguia africana Baill.,3.24889,10.4975,50,Atog-boga,"1ha plot atogboga002, tag 276",11699,IRD plot,1860,276,atogboga002
P9021260.JPG,172386,NA/NA/2015,Oubanguia africana Baill.,3.24889,10.4975,50,Atog-boga,"1ha plot atogboga002, tag 276",11699,IRD plot,1860,276,atogboga002
P9021261.JPG,172407,NA/NA/2015,Uapaca staudtii Pax,3.24889,10.4975,50,Atog-boga,"1ha plot atogboga002, tag 297",11632,IRD plot,1861,297,atogboga002
P9021262.JPG,172407,NA/NA/2015,Uapaca staudtii Pax,3.24889,10.4975,50,Atog-boga,"1ha plot atogboga002, tag 297",11632,IRD plot,1861,297,atogboga002
P9021263.JPG,172407,NA/NA/2015,Uapaca staudtii Pax,3.24889,10.4975,50,Atog-boga,"1ha plot atogboga002, tag 297",11632,IRD plot,1861,297,atogboga002
P9021264.JPG,172407,NA/NA/2015,Uapaca staudtii Pax,3.24889,10.4975,50,Atog-boga,"1ha plot atogboga002, tag 297",11632,IRD plot,1861,297,atogboga002
P9021265.JPG,172407,NA/NA/2015,Uapaca staudtii Pax,3.24889,10.4975,50,Atog-boga,"1ha plot atogboga002, tag 297",11632,IRD plot,1861,297,atogboga002
P9021266.JPG,172407,NA/NA/2015,Uapaca staudtii Pax,3.24889,10.4975,50,Atog-boga,"1ha plot atogboga002, tag 297",11632,IRD plot,1861,297,atogboga002
P9021267.JPG,172407,NA/NA/2015,Uapaca staudtii Pax,3.24889,10.4975,50,Atog-boga,"1ha plot atogboga002, tag 297",11632,IRD plot,1861,297,atogboga002
P9021268.JPG,172407,NA/NA/2015,Uapaca staudtii Pax,3.24889,10.4975,50,Atog-boga,"1ha plot atogboga002, tag 297",11632,IRD plot,1861,297,atogboga002
P9021269.JPG,172407,NA/NA/2015,Uapaca staudtii Pax,3.24889,10.4975,50,Atog-boga,"1ha plot atogboga002, tag 297",11632,IRD plot,1861,297,atogboga002
P9021270.JPG,172407,NA/NA/2015,Uapaca staudtii Pax,3.24889,10.4975,50,Atog-boga,"1ha plot atogboga002, tag 297",11632,IRD plot,1861,297,atogboga002
P9021271.JPG,172407,NA/NA/2015,Uapaca staudtii Pax,3.24889,10.4975,50,Atog-boga,"1ha plot atogboga002, tag 297",11632,IRD plot,1861,297,atogboga002
P9021272.JPG,172407,NA/NA/2015,Uapaca staudtii Pax,3.24889,10.4975,50,Atog-boga,"1ha plot atogboga002, tag 297",11632,IRD plot,1861,297,atogboga002
P9021273.JPG,172472,NA/NA/2015,Vepris quadrisulcata O.Lachenaud sp.nov.,3.24889,10.4975,50,Atog-boga,"1ha plot atogboga002, tag 361",11652,IRD plot,1863,361,atogboga002
P9021274.JPG,172472,NA/NA/2015,Vepris quadrisulcata O.Lachenaud sp.nov.,3.24889,10.4975,50,Atog-boga,"1ha plot atogboga002, tag 361",11652,IRD plot,1863,361,atogboga002
P9021275.JPG,172472,NA/NA/2015,Vepris quadrisulcata O.Lachenaud sp.nov.,3.24889,10.4975,50,Atog-boga,"1ha plot atogboga002, tag 361",11652,IRD plot,1863,361,atogboga002
P9021276.JPG,172472,NA/NA/2015,Vepris quadrisulcata O.Lachenaud sp.nov.,3.24889,10.4975,50,Atog-boga,"1ha plot atogboga002, tag 361",11652,IRD plot,1863,361,atogboga002
P9021277.JPG,172454,NA/NA/2015,Aidia micrantha (K.Schum.) Bullock ex F.White,3.24889,10.4975,50,Atog-boga,"1ha plot atogboga002, tag 343",11672,IRD plot,1862,343,atogboga002
P9021278.JPG,172454,NA/NA/2015,Aidia micrantha (K.Schum.) Bullock ex F.White,3.24889,10.4975,50,Atog-boga,"1ha plot atogboga002, tag 343",11672,IRD plot,1862,343,atogboga002
P9021279.JPG,172454,NA/NA/2015,Aidia micrantha (K.Schum.) Bullock ex F.White,3.24889,10.4975,50,Atog-boga,"1ha plot atogboga002, tag 343",11672,IRD plot,1862,343,atogboga002
P9021280.JPG,172454,NA/NA/2015,Aidia micrantha (K.Schum.) Bullock ex F.White,3.24889,10.4975,50,Atog-boga,"1ha plot atogboga002, tag 343",11672,IRD plot,1862,343,atogboga002
P6120241.JPG,170965,NA/NA/2015,Corynanthe pachyceras K.Schum.,3.23407,10.5789,50,Ngovayang,"1ha plot ngovayang002, tag 7",11582,IRD plot,1734,7,ngovayang002
P6120242.JPG,170965,NA/NA/2015,Corynanthe pachyceras K.Schum.,3.23407,10.5789,50,Ngovayang,"1ha plot ngovayang002, tag 7",11582,IRD plot,1734,7,ngovayang002
P6120245.JPG,170965,NA/NA/2015,Corynanthe pachyceras K.Schum.,3.23407,10.5789,50,Ngovayang,"1ha plot ngovayang002, tag 7",11582,IRD plot,1734,7,ngovayang002
P6120246.JPG,170965,NA/NA/2015,Corynanthe pachyceras K.Schum.,3.23407,10.5789,50,Ngovayang,"1ha plot ngovayang002, tag 7",11582,IRD plot,1734,7,ngovayang002
P6120247.JPG,170965,NA/NA/2015,Corynanthe pachyceras K.Schum.,3.23407,10.5789,50,Ngovayang,"1ha plot ngovayang002, tag 7",11582,IRD plot,1734,7,ngovayang002
P6120248.JPG,170965,NA/NA/2015,Corynanthe pachyceras K.Schum.,3.23407,10.5789,50,Ngovayang,"1ha plot ngovayang002, tag 7",11582,IRD plot,1734,7,ngovayang002
P6120249.JPG,170968,NA/NA/2015,Dialium tessmannii Harms,3.23407,10.5789,50,Ngovayang,"1ha plot ngovayang002, tag 10",11583,IRD plot,1735,10,ngovayang002
P6120250.JPG,170968,NA/NA/2015,Dialium tessmannii Harms,3.23407,10.5789,50,Ngovayang,"1ha plot ngovayang002, tag 10",11583,IRD plot,1735,10,ngovayang002
P6120251.JPG,170968,NA/NA/2015,Dialium tessmannii Harms,3.23407,10.5789,50,Ngovayang,"1ha plot ngovayang002, tag 10",11583,IRD plot,1735,10,ngovayang002
P6120253.JPG,170968,NA/NA/2015,Dialium tessmannii Harms,3.23407,10.5789,50,Ngovayang,"1ha plot ngovayang002, tag 10",11583,IRD plot,1735,10,ngovayang002
P6120254.JPG,170968,NA/NA/2015,Dialium tessmannii Harms,3.23407,10.5789,50,Ngovayang,"1ha plot ngovayang002, tag 10",11583,IRD plot,1735,10,ngovayang002
P6120255.JPG,170968,NA/NA/2015,Dialium tessmannii Harms,3.23407,10.5789,50,Ngovayang,"1ha plot ngovayang002, tag 10",11583,IRD plot,1735,10,ngovayang002
P6120256.JPG,170978,NA/NA/2015,Drypetes klainei Pierre ex Pax,3.23407,10.5789,50,Ngovayang,"1ha plot ngovayang002, tag 20",11576,IRD plot,1725,20,ngovayang002
P6120257.JPG,170978,NA/NA/2015,Drypetes klainei Pierre ex Pax,3.23407,10.5789,50,Ngovayang,"1ha plot ngovayang002, tag 20",11576,IRD plot,1725,20,ngovayang002
P6120258.JPG,170978,NA/NA/2015,Drypetes klainei Pierre ex Pax,3.23407,10.5789,50,Ngovayang,"1ha plot ngovayang002, tag 20",11576,IRD plot,1725,20,ngovayang002
P6120259.JPG,170978,NA/NA/2015,Drypetes klainei Pierre ex Pax,3.23407,10.5789,50,Ngovayang,"1ha plot ngovayang002, tag 20",11576,IRD plot,1725,20,ngovayang002
P6120260.JPG,170978,NA/NA/2015,Drypetes klainei Pierre ex Pax,3.23407,10.5789,50,Ngovayang,"1ha plot ngovayang002, tag 20",11576,IRD plot,1725,20,ngovayang002
P6120261.JPG,170978,NA/NA/2015,Drypetes klainei Pierre ex Pax,3.23407,10.5789,50,Ngovayang,"1ha plot ngovayang002, tag 20",11576,IRD plot,1725,20,ngovayang002
P6120262.JPG,170984,NA/NA/2015,Anthonotha lamprophylla (Harms) J.Léonard,3.23407,10.5789,50,Ngovayang,"1ha plot ngovayang002, tag 26",11580,IRD plot,1730,26,ngovayang002
P6120263.JPG,170984,NA/NA/2015,Anthonotha lamprophylla (Harms) J.Léonard,3.23407,10.5789,50,Ngovayang,"1ha plot ngovayang002, tag 26",11580,IRD plot,1730,26,ngovayang002
P6120264.JPG,170984,NA/NA/2015,Anthonotha lamprophylla (Harms) J.Léonard,3.23407,10.5789,50,Ngovayang,"1ha plot ngovayang002, tag 26",11580,IRD plot,1730,26,ngovayang002
P6120265.JPG,170984,NA/NA/2015,Anthonotha lamprophylla (Harms) J.Léonard,3.23407,10.5789,50,Ngovayang,"1ha plot ngovayang002, tag 26",11580,IRD plot,1730,26,ngovayang002
P6120266.JPG,170984,NA/NA/2015,Anthonotha lamprophylla (Harms) J.Léonard,3.23407,10.5789,50,Ngovayang,"1ha plot ngovayang002, tag 26",11580,IRD plot,1730,26,ngovayang002
P6120267.JPG,170984,NA/NA/2015,Anthonotha lamprophylla (Harms) J.Léonard,3.23407,10.5789,50,Ngovayang,"1ha plot ngovayang002, tag 26",11580,IRD plot,1730,26,ngovayang002
P6120268.JPG,170996,NA/NA/2015,Tetrorchidium didymostemon (Baill.) Pax & K.Hoffm.,3.23407,10.5789,50,Ngovayang,"1ha plot ngovayang002, tag 38",11577,IRD plot,1726,38,ngovayang002
P6120269.JPG,170996,NA/NA/2015,Tetrorchidium didymostemon (Baill.) Pax & K.Hoffm.,3.23407,10.5789,50,Ngovayang,"1ha plot ngovayang002, tag 38",11577,IRD plot,1726,38,ngovayang002
P6120272.JPG,170996,NA/NA/2015,Tetrorchidium didymostemon (Baill.) Pax & K.Hoffm.,3.23407,10.5789,50,Ngovayang,"1ha plot ngovayang002, tag 38",11577,IRD plot,1726,38,ngovayang002
P6120273.JPG,170996,NA/NA/2015,Tetrorchidium didymostemon (Baill.) Pax & K.Hoffm.,3.23407,10.5789,50,Ngovayang,"1ha plot ngovayang002, tag 38",11577,IRD plot,1726,38,ngovayang002
P6120274.JPG,170996,NA/NA/2015,Tetrorchidium didymostemon (Baill.) Pax & K.Hoffm.,3.23407,10.5789,50,Ngovayang,"1ha plot ngovayang002, tag 38",11577,IRD plot,1726,38,ngovayang002
P6120275.JPG,170996,NA/NA/2015,Tetrorchidium didymostemon (Baill.) Pax & K.Hoffm.,3.23407,10.5789,50,Ngovayang,"1ha plot ngovayang002, tag 38",11577,IRD plot,1726,38,ngovayang002
P6120276.JPG,171000,NA/NA/2015,Scytopetalum klaineanum Pierre,3.23407,10.5789,50,Ngovayang,"1ha plot ngovayang002, tag 42",11575,IRD plot,1724,42,ngovayang002
P6120277.JPG,171000,NA/NA/2015,Scytopetalum klaineanum Pierre,3.23407,10.5789,50,Ngovayang,"1ha plot ngovayang002, tag 42",11575,IRD plot,1724,42,ngovayang002
P6120278.JPG,171000,NA/NA/2015,Scytopetalum klaineanum Pierre,3.23407,10.5789,50,Ngovayang,"1ha plot ngovayang002, tag 42",11575,IRD plot,1724,42,ngovayang002
P6120279.JPG,171000,NA/NA/2015,Scytopetalum klaineanum Pierre,3.23407,10.5789,50,Ngovayang,"1ha plot ngovayang002, tag 42",11575,IRD plot,1724,42,ngovayang002
P6120280.JPG,171000,NA/NA/2015,Scytopetalum klaineanum Pierre,3.23407,10.5789,50,Ngovayang,"1ha plot ngovayang002, tag 42",11575,IRD plot,1724,42,ngovayang002
P6120281.JPG,171000,NA/NA/2015,Scytopetalum klaineanum Pierre,3.23407,10.5789,50,Ngovayang,"1ha plot ngovayang002, tag 42",11575,IRD plot,1724,42,ngovayang002
P6120282.JPG,171000,NA/NA/2015,Scytopetalum klaineanum Pierre,3.23407,10.5789,50,Ngovayang,"1ha plot ngovayang002, tag 42",11575,IRD plot,1724,42,ngovayang002
P6120283.JPG,171006,NA/NA/2015,Ptychopetalum petiolatum Oliv.,3.23407,10.5789,50,Ngovayang,"1ha plot ngovayang002, tag 48",11523,IRD plot,1733,48,ngovayang002
P6120284.JPG,171006,NA/NA/2015,Ptychopetalum petiolatum Oliv.,3.23407,10.5789,50,Ngovayang,"1ha plot ngovayang002, tag 48",11523,IRD plot,1733,48,ngovayang002
P6120286.JPG,171006,NA/NA/2015,Ptychopetalum petiolatum Oliv.,3.23407,10.5789,50,Ngovayang,"1ha plot ngovayang002, tag 48",11523,IRD plot,1733,48,ngovayang002
P6120288.JPG,171006,NA/NA/2015,Ptychopetalum petiolatum Oliv.,3.23407,10.5789,50,Ngovayang,"1ha plot ngovayang002, tag 48",11523,IRD plot,1733,48,ngovayang002
P6120289.JPG,171006,NA/NA/2015,Ptychopetalum petiolatum Oliv.,3.23407,10.5789,50,Ngovayang,"1ha plot ngovayang002, tag 48",11523,IRD plot,1733,48,ngovayang002
P6120290.JPG,171006,NA/NA/2015,Ptychopetalum petiolatum Oliv.,3.23407,10.5789,50,Ngovayang,"1ha plot ngovayang002, tag 48",11523,IRD plot,1733,48,ngovayang002
P6120291.JPG,171019,NA/NA/2015,Carapa oreophila Kenfack,3.23407,10.5789,50,Ngovayang,"1ha plot ngovayang002, tag 61",11578,IRD plot,1727,61,ngovayang002
P6120292.JPG,171019,NA/NA/2015,Carapa oreophila Kenfack,3.23407,10.5789,50,Ngovayang,"1ha plot ngovayang002, tag 61",11578,IRD plot,1727,61,ngovayang002
P6120294.JPG,171019,NA/NA/2015,Carapa oreophila Kenfack,3.23407,10.5789,50,Ngovayang,"1ha plot ngovayang002, tag 61",11578,IRD plot,1727,61,ngovayang002
P6120295.JPG,171019,NA/NA/2015,Carapa oreophila Kenfack,3.23407,10.5789,50,Ngovayang,"1ha plot ngovayang002, tag 61",11578,IRD plot,1727,61,ngovayang002
P6120296.JPG,171019,NA/NA/2015,Carapa oreophila Kenfack,3.23407,10.5789,50,Ngovayang,"1ha plot ngovayang002, tag 61",11578,IRD plot,1727,61,ngovayang002
P6120297.JPG,171019,NA/NA/2015,Carapa oreophila Kenfack,3.23407,10.5789,50,Ngovayang,"1ha plot ngovayang002, tag 61",11578,IRD plot,1727,61,ngovayang002
P6120310.JPG,171056,NA/NA/2015,Tabernaemontana crassa Benth.,3.23407,10.5789,50,Ngovayang,"1ha plot ngovayang002, tag 98",11529,IRD plot,1736,98,ngovayang002
P6120311.JPG,171056,NA/NA/2015,Tabernaemontana crassa Benth.,3.23407,10.5789,50,Ngovayang,"1ha plot ngovayang002, tag 98",11529,IRD plot,1736,98,ngovayang002
P6120312.JPG,171056,NA/NA/2015,Tabernaemontana crassa Benth.,3.23407,10.5789,50,Ngovayang,"1ha plot ngovayang002, tag 98",11529,IRD plot,1736,98,ngovayang002
P6120314.JPG,171056,NA/NA/2015,Tabernaemontana crassa Benth.,3.23407,10.5789,50,Ngovayang,"1ha plot ngovayang002, tag 98",11529,IRD plot,1736,98,ngovayang002
P6120315.JPG,171056,NA/NA/2015,Tabernaemontana crassa Benth.,3.23407,10.5789,50,Ngovayang,"1ha plot ngovayang002, tag 98",11529,IRD plot,1736,98,ngovayang002
P6120316.JPG,171056,NA/NA/2015,Tabernaemontana crassa Benth.,3.23407,10.5789,50,Ngovayang,"1ha plot ngovayang002, tag 98",11529,IRD plot,1736,98,ngovayang002
P6120317.JPG,171056,NA/NA/2015,Tabernaemontana crassa Benth.,3.23407,10.5789,50,Ngovayang,"1ha plot ngovayang002, tag 98",11529,IRD plot,1736,98,ngovayang002
P6120318.JPG,171056,NA/NA/2015,Tabernaemontana crassa Benth.,3.23407,10.5789,50,Ngovayang,"1ha plot ngovayang002, tag 98",11529,IRD plot,1736,98,ngovayang002
P6120319.JPG,171073,NA/NA/2015,NA,3.23407,10.5789,50,Ngovayang,"1ha plot ngovayang002, tag 115",11584,IRD plot,1737,115,ngovayang002
P6120320.JPG,171073,NA/NA/2015,NA,3.23407,10.5789,50,Ngovayang,"1ha plot ngovayang002, tag 115",11584,IRD plot,1737,115,ngovayang002
P6120321.JPG,171073,NA/NA/2015,NA,3.23407,10.5789,50,Ngovayang,"1ha plot ngovayang002, tag 115",11584,IRD plot,1737,115,ngovayang002
P6120323.JPG,171073,NA/NA/2015,NA,3.23407,10.5789,50,Ngovayang,"1ha plot ngovayang002, tag 115",11584,IRD plot,1737,115,ngovayang002
P6120324.JPG,171073,NA/NA/2015,NA,3.23407,10.5789,50,Ngovayang,"1ha plot ngovayang002, tag 115",11584,IRD plot,1737,115,ngovayang002
P6120326.JPG,171073,NA/NA/2015,NA,3.23407,10.5789,50,Ngovayang,"1ha plot ngovayang002, tag 115",11584,IRD plot,1737,115,ngovayang002
P6120327.JPG,171079,NA/NA/2015,Garcinia mannii Oliv.,3.23407,10.5789,50,Ngovayang,"1ha plot ngovayang002, tag 121",11525,IRD plot,1732,121,ngovayang002
P6120328.JPG,171079,NA/NA/2015,Garcinia mannii Oliv.,3.23407,10.5789,50,Ngovayang,"1ha plot ngovayang002, tag 121",11525,IRD plot,1732,121,ngovayang002
P6120329.JPG,171079,NA/NA/2015,Garcinia mannii Oliv.,3.23407,10.5789,50,Ngovayang,"1ha plot ngovayang002, tag 121",11525,IRD plot,1732,121,ngovayang002
P6120330.JPG,171079,NA/NA/2015,Garcinia mannii Oliv.,3.23407,10.5789,50,Ngovayang,"1ha plot ngovayang002, tag 121",11525,IRD plot,1732,121,ngovayang002
P6120331.JPG,171079,NA/NA/2015,Garcinia mannii Oliv.,3.23407,10.5789,50,Ngovayang,"1ha plot ngovayang002, tag 121",11525,IRD plot,1732,121,ngovayang002
P6120332.JPG,171079,NA/NA/2015,Garcinia mannii Oliv.,3.23407,10.5789,50,Ngovayang,"1ha plot ngovayang002, tag 121",11525,IRD plot,1732,121,ngovayang002
P6120333.JPG,171098,NA/NA/2015,NA,3.23407,10.5789,50,Ngovayang,"1ha plot ngovayang002, tag 140",11530,IRD plot,1728,140,ngovayang002
P6120334.JPG,171098,NA/NA/2015,NA,3.23407,10.5789,50,Ngovayang,"1ha plot ngovayang002, tag 140",11530,IRD plot,1728,140,ngovayang002
P6120335.JPG,171098,NA/NA/2015,NA,3.23407,10.5789,50,Ngovayang,"1ha plot ngovayang002, tag 140",11530,IRD plot,1728,140,ngovayang002
P6120336.JPG,171098,NA/NA/2015,NA,3.23407,10.5789,50,Ngovayang,"1ha plot ngovayang002, tag 140",11530,IRD plot,1728,140,ngovayang002
P6120337.JPG,171098,NA/NA/2015,NA,3.23407,10.5789,50,Ngovayang,"1ha plot ngovayang002, tag 140",11530,IRD plot,1728,140,ngovayang002
P6120338.JPG,171098,NA/NA/2015,NA,3.23407,10.5789,50,Ngovayang,"1ha plot ngovayang002, tag 140",11530,IRD plot,1728,140,ngovayang002
P6120339.JPG,171113,NA/NA/2015,Piptostigma mayndongtsaeanum,3.23407,10.5789,50,Ngovayang,"1ha plot ngovayang002, tag 155",11526,IRD plot,1738,155,ngovayang002
P6120340.JPG,171113,NA/NA/2015,Piptostigma mayndongtsaeanum,3.23407,10.5789,50,Ngovayang,"1ha plot ngovayang002, tag 155",11526,IRD plot,1738,155,ngovayang002
P6120341.JPG,171113,NA/NA/2015,Piptostigma mayndongtsaeanum,3.23407,10.5789,50,Ngovayang,"1ha plot ngovayang002, tag 155",11526,IRD plot,1738,155,ngovayang002
P6120342.JPG,171113,NA/NA/2015,Piptostigma mayndongtsaeanum,3.23407,10.5789,50,Ngovayang,"1ha plot ngovayang002, tag 155",11526,IRD plot,1738,155,ngovayang002
P6120343.JPG,171113,NA/NA/2015,Piptostigma mayndongtsaeanum,3.23407,10.5789,50,Ngovayang,"1ha plot ngovayang002, tag 155",11526,IRD plot,1738,155,ngovayang002
P6120344.JPG,171113,NA/NA/2015,Piptostigma mayndongtsaeanum,3.23407,10.5789,50,Ngovayang,"1ha plot ngovayang002, tag 155",11526,IRD plot,1738,155,ngovayang002
P6120345.JPG,171113,NA/NA/2015,Piptostigma mayndongtsaeanum,3.23407,10.5789,50,Ngovayang,"1ha plot ngovayang002, tag 155",11526,IRD plot,1738,155,ngovayang002
P6120346.JPG,171113,NA/NA/2015,Piptostigma mayndongtsaeanum,3.23407,10.5789,50,Ngovayang,"1ha plot ngovayang002, tag 155",11526,IRD plot,1738,155,ngovayang002
P6120347.JPG,171118,NA/NA/2015,Anisophyllea purpurascens Hutch. & Dalziel,3.23407,10.5789,50,Ngovayang,"1ha plot ngovayang002, tag 160",11573,IRD plot,1722,160,ngovayang002
P6120348.JPG,171118,NA/NA/2015,Anisophyllea purpurascens Hutch. & Dalziel,3.23407,10.5789,50,Ngovayang,"1ha plot ngovayang002, tag 160",11573,IRD plot,1722,160,ngovayang002
P6120349.JPG,171118,NA/NA/2015,Anisophyllea purpurascens Hutch. & Dalziel,3.23407,10.5789,50,Ngovayang,"1ha plot ngovayang002, tag 160",11573,IRD plot,1722,160,ngovayang002
P6120351.JPG,171118,NA/NA/2015,Anisophyllea purpurascens Hutch. & Dalziel,3.23407,10.5789,50,Ngovayang,"1ha plot ngovayang002, tag 160",11573,IRD plot,1722,160,ngovayang002
P6120353.JPG,171118,NA/NA/2015,Anisophyllea purpurascens Hutch. & Dalziel,3.23407,10.5789,50,Ngovayang,"1ha plot ngovayang002, tag 160",11573,IRD plot,1722,160,ngovayang002
P6120354.JPG,171118,NA/NA/2015,Anisophyllea purpurascens Hutch. & Dalziel,3.23407,10.5789,50,Ngovayang,"1ha plot ngovayang002, tag 160",11573,IRD plot,1722,160,ngovayang002
P6120355.JPG,171118,NA/NA/2015,Anisophyllea purpurascens Hutch. & Dalziel,3.23407,10.5789,50,Ngovayang,"1ha plot ngovayang002, tag 160",11573,IRD plot,1722,160,ngovayang002
P6120356.JPG,171123,NA/NA/2015,Magnistipula multinervia Burgt,3.23407,10.5789,50,Ngovayang,"1ha plot ngovayang002, tag 165",11574,IRD plot,1723,165,ngovayang002
P6120357.JPG,171123,NA/NA/2015,Magnistipula multinervia Burgt,3.23407,10.5789,50,Ngovayang,"1ha plot ngovayang002, tag 165",11574,IRD plot,1723,165,ngovayang002
P6120358.JPG,171123,NA/NA/2015,Magnistipula multinervia Burgt,3.23407,10.5789,50,Ngovayang,"1ha plot ngovayang002, tag 165",11574,IRD plot,1723,165,ngovayang002
P6120359.JPG,171123,NA/NA/2015,Magnistipula multinervia Burgt,3.23407,10.5789,50,Ngovayang,"1ha plot ngovayang002, tag 165",11574,IRD plot,1723,165,ngovayang002
P6120360.JPG,171123,NA/NA/2015,Magnistipula multinervia Burgt,3.23407,10.5789,50,Ngovayang,"1ha plot ngovayang002, tag 165",11574,IRD plot,1723,165,ngovayang002
P6120361.JPG,171123,NA/NA/2015,Magnistipula multinervia Burgt,3.23407,10.5789,50,Ngovayang,"1ha plot ngovayang002, tag 165",11574,IRD plot,1723,165,ngovayang002
P6120362.JPG,171123,NA/NA/2015,Magnistipula multinervia Burgt,3.23407,10.5789,50,Ngovayang,"1ha plot ngovayang002, tag 165",11574,IRD plot,1723,165,ngovayang002
P6120363.JPG,171135,NA/NA/2015,Soyauxia talbotii Baker f.,3.23407,10.5789,50,Ngovayang,"1ha plot ngovayang002, tag 177",11579,IRD plot,1729,177,ngovayang002
P6120364.JPG,171135,NA/NA/2015,Soyauxia talbotii Baker f.,3.23407,10.5789,50,Ngovayang,"1ha plot ngovayang002, tag 177",11579,IRD plot,1729,177,ngovayang002
P6120365.JPG,171135,NA/NA/2015,Soyauxia talbotii Baker f.,3.23407,10.5789,50,Ngovayang,"1ha plot ngovayang002, tag 177",11579,IRD plot,1729,177,ngovayang002
P6120366.JPG,171135,NA/NA/2015,Soyauxia talbotii Baker f.,3.23407,10.5789,50,Ngovayang,"1ha plot ngovayang002, tag 177",11579,IRD plot,1729,177,ngovayang002
P6120368.JPG,171135,NA/NA/2015,Soyauxia talbotii Baker f.,3.23407,10.5789,50,Ngovayang,"1ha plot ngovayang002, tag 177",11579,IRD plot,1729,177,ngovayang002
P6120369.JPG,171135,NA/NA/2015,Soyauxia talbotii Baker f.,3.23407,10.5789,50,Ngovayang,"1ha plot ngovayang002, tag 177",11579,IRD plot,1729,177,ngovayang002
P6120381.JPG,171191,NA/NA/2015,NA,3.23407,10.5789,50,Ngovayang,"1ha plot ngovayang002, tag 233",11581,IRD plot,1731,233,ngovayang002
P6120382.JPG,171191,NA/NA/2015,NA,3.23407,10.5789,50,Ngovayang,"1ha plot ngovayang002, tag 233",11581,IRD plot,1731,233,ngovayang002
P6120383.JPG,171191,NA/NA/2015,NA,3.23407,10.5789,50,Ngovayang,"1ha plot ngovayang002, tag 233",11581,IRD plot,1731,233,ngovayang002
P6120384.JPG,171191,NA/NA/2015,NA,3.23407,10.5789,50,Ngovayang,"1ha plot ngovayang002, tag 233",11581,IRD plot,1731,233,ngovayang002
P6120385.JPG,171191,NA/NA/2015,NA,3.23407,10.5789,50,Ngovayang,"1ha plot ngovayang002, tag 233",11581,IRD plot,1731,233,ngovayang002
P6120386.JPG,171191,NA/NA/2015,NA,3.23407,10.5789,50,Ngovayang,"1ha plot ngovayang002, tag 233",11581,IRD plot,1731,233,ngovayang002
P6120387.JPG,171200,NA/NA/2015,Isolona campanulata Engl. & Diels,3.23407,10.5789,50,Ngovayang,"1ha plot ngovayang002, tag 242",11585,IRD plot,1739,242,ngovayang002
P6120388.JPG,171200,NA/NA/2015,Isolona campanulata Engl. & Diels,3.23407,10.5789,50,Ngovayang,"1ha plot ngovayang002, tag 242",11585,IRD plot,1739,242,ngovayang002
P6120389.JPG,171200,NA/NA/2015,Isolona campanulata Engl. & Diels,3.23407,10.5789,50,Ngovayang,"1ha plot ngovayang002, tag 242",11585,IRD plot,1739,242,ngovayang002
P6120392.JPG,171200,NA/NA/2015,Isolona campanulata Engl. & Diels,3.23407,10.5789,50,Ngovayang,"1ha plot ngovayang002, tag 242",11585,IRD plot,1739,242,ngovayang002
P6120393.JPG,171200,NA/NA/2015,Isolona campanulata Engl. & Diels,3.23407,10.5789,50,Ngovayang,"1ha plot ngovayang002, tag 242",11585,IRD plot,1739,242,ngovayang002
P6120394.JPG,171200,NA/NA/2015,Isolona campanulata Engl. & Diels,3.23407,10.5789,50,Ngovayang,"1ha plot ngovayang002, tag 242",11585,IRD plot,1739,242,ngovayang002
P6130401.JPG,171256,NA/NA/2015,Diospyros melocarpa F.White,3.23407,10.5789,50,Ngovayang,"1ha plot ngovayang002, tag 298",11587,IRD plot,1742,298,ngovayang002
P6130402.JPG,171256,NA/NA/2015,Diospyros melocarpa F.White,3.23407,10.5789,50,Ngovayang,"1ha plot ngovayang002, tag 298",11587,IRD plot,1742,298,ngovayang002
P6130403.JPG,171256,NA/NA/2015,Diospyros melocarpa F.White,3.23407,10.5789,50,Ngovayang,"1ha plot ngovayang002, tag 298",11587,IRD plot,1742,298,ngovayang002
P6130405.JPG,171256,NA/NA/2015,Diospyros melocarpa F.White,3.23407,10.5789,50,Ngovayang,"1ha plot ngovayang002, tag 298",11587,IRD plot,1742,298,ngovayang002
P6130406.JPG,171256,NA/NA/2015,Diospyros melocarpa F.White,3.23407,10.5789,50,Ngovayang,"1ha plot ngovayang002, tag 298",11587,IRD plot,1742,298,ngovayang002
P6130407.JPG,171256,NA/NA/2015,Diospyros melocarpa F.White,3.23407,10.5789,50,Ngovayang,"1ha plot ngovayang002, tag 298",11587,IRD plot,1742,298,ngovayang002
P6130425.JPG,171277,NA/NA/2015,Aphanocalyx microphyllus (Harms) Wieringa,3.23407,10.5789,50,Ngovayang,"1ha plot ngovayang002, tag 319",11588,IRD plot,1743,319,ngovayang002
P6130426.JPG,171277,NA/NA/2015,Aphanocalyx microphyllus (Harms) Wieringa,3.23407,10.5789,50,Ngovayang,"1ha plot ngovayang002, tag 319",11588,IRD plot,1743,319,ngovayang002
P6130427.JPG,171277,NA/NA/2015,Aphanocalyx microphyllus (Harms) Wieringa,3.23407,10.5789,50,Ngovayang,"1ha plot ngovayang002, tag 319",11588,IRD plot,1743,319,ngovayang002
P6130428.JPG,171277,NA/NA/2015,Aphanocalyx microphyllus (Harms) Wieringa,3.23407,10.5789,50,Ngovayang,"1ha plot ngovayang002, tag 319",11588,IRD plot,1743,319,ngovayang002
P6130429.JPG,171277,NA/NA/2015,Aphanocalyx microphyllus (Harms) Wieringa,3.23407,10.5789,50,Ngovayang,"1ha plot ngovayang002, tag 319",11588,IRD plot,1743,319,ngovayang002
P6130430.JPG,171277,NA/NA/2015,Aphanocalyx microphyllus (Harms) Wieringa,3.23407,10.5789,50,Ngovayang,"1ha plot ngovayang002, tag 319",11588,IRD plot,1743,319,ngovayang002
P6130431.JPG,171277,NA/NA/2015,Aphanocalyx microphyllus (Harms) Wieringa,3.23407,10.5789,50,Ngovayang,"1ha plot ngovayang002, tag 319",11588,IRD plot,1743,319,ngovayang002
P6130432.JPG,171277,NA/NA/2015,Aphanocalyx microphyllus (Harms) Wieringa,3.23407,10.5789,50,Ngovayang,"1ha plot ngovayang002, tag 319",11588,IRD plot,1743,319,ngovayang002
P6130433.JPG,171277,NA/NA/2015,Aphanocalyx microphyllus (Harms) Wieringa,3.23407,10.5789,50,Ngovayang,"1ha plot ngovayang002, tag 319",11588,IRD plot,1743,319,ngovayang002
P6130434.JPG,171277,NA/NA/2015,Aphanocalyx microphyllus (Harms) Wieringa,3.23407,10.5789,50,Ngovayang,"1ha plot ngovayang002, tag 319",11588,IRD plot,1743,319,ngovayang002
P6130435.JPG,171277,NA/NA/2015,Aphanocalyx microphyllus (Harms) Wieringa,3.23407,10.5789,50,Ngovayang,"1ha plot ngovayang002, tag 319",11588,IRD plot,1743,319,ngovayang002
P6130436.JPG,171291,NA/NA/2015,Rothmannia talbotii (Wernham) Keay,3.23407,10.5789,50,Ngovayang,"1ha plot ngovayang002, tag 333",11590,IRD plot,1745,333,ngovayang002
P6130437.JPG,171291,NA/NA/2015,Rothmannia talbotii (Wernham) Keay,3.23407,10.5789,50,Ngovayang,"1ha plot ngovayang002, tag 333",11590,IRD plot,1745,333,ngovayang002
P6130438.JPG,171291,NA/NA/2015,Rothmannia talbotii (Wernham) Keay,3.23407,10.5789,50,Ngovayang,"1ha plot ngovayang002, tag 333",11590,IRD plot,1745,333,ngovayang002
P6130440.JPG,171291,NA/NA/2015,Rothmannia talbotii (Wernham) Keay,3.23407,10.5789,50,Ngovayang,"1ha plot ngovayang002, tag 333",11590,IRD plot,1745,333,ngovayang002
P6130441.JPG,171291,NA/NA/2015,Rothmannia talbotii (Wernham) Keay,3.23407,10.5789,50,Ngovayang,"1ha plot ngovayang002, tag 333",11590,IRD plot,1745,333,ngovayang002
P6130442.JPG,171291,NA/NA/2015,Rothmannia talbotii (Wernham) Keay,3.23407,10.5789,50,Ngovayang,"1ha plot ngovayang002, tag 333",11590,IRD plot,1745,333,ngovayang002
P6130448.JPG,171301,NA/NA/2015,Diospyros piscatoria Gürke,3.23407,10.5789,50,Ngovayang,"1ha plot ngovayang002, tag 343",11589,IRD plot,1744,343,ngovayang002
P6130449.JPG,171301,NA/NA/2015,Diospyros piscatoria Gürke,3.23407,10.5789,50,Ngovayang,"1ha plot ngovayang002, tag 343",11589,IRD plot,1744,343,ngovayang002
P6130450.JPG,171301,NA/NA/2015,Diospyros piscatoria Gürke,3.23407,10.5789,50,Ngovayang,"1ha plot ngovayang002, tag 343",11589,IRD plot,1744,343,ngovayang002
P6130451.JPG,171301,NA/NA/2015,Diospyros piscatoria Gürke,3.23407,10.5789,50,Ngovayang,"1ha plot ngovayang002, tag 343",11589,IRD plot,1744,343,ngovayang002
P6130452.JPG,171301,NA/NA/2015,Diospyros piscatoria Gürke,3.23407,10.5789,50,Ngovayang,"1ha plot ngovayang002, tag 343",11589,IRD plot,1744,343,ngovayang002
P6130453.JPG,171301,NA/NA/2015,Diospyros piscatoria Gürke,3.23407,10.5789,50,Ngovayang,"1ha plot ngovayang002, tag 343",11589,IRD plot,1744,343,ngovayang002
P6130461.JPG,171321,NA/NA/2015,Staudtia kamerunensis Warb.,3.23407,10.5789,50,Ngovayang,"1ha plot ngovayang002, tag 363",NA,NA,NA,363,ngovayang002
P6130462.JPG,171321,NA/NA/2015,Staudtia kamerunensis Warb.,3.23407,10.5789,50,Ngovayang,"1ha plot ngovayang002, tag 363",NA,NA,NA,363,ngovayang002
P6130463.JPG,171321,NA/NA/2015,Staudtia kamerunensis Warb.,3.23407,10.5789,50,Ngovayang,"1ha plot ngovayang002, tag 363",NA,NA,NA,363,ngovayang002
P6130465.JPG,171321,NA/NA/2015,Staudtia kamerunensis Warb.,3.23407,10.5789,50,Ngovayang,"1ha plot ngovayang002, tag 363",NA,NA,NA,363,ngovayang002
P6130466.JPG,171321,NA/NA/2015,Staudtia kamerunensis Warb.,3.23407,10.5789,50,Ngovayang,"1ha plot ngovayang002, tag 363",NA,NA,NA,363,ngovayang002
P6130467.JPG,171321,NA/NA/2015,Staudtia kamerunensis Warb.,3.23407,10.5789,50,Ngovayang,"1ha plot ngovayang002, tag 363",NA,NA,NA,363,ngovayang002
P6130468.JPG,171321,NA/NA/2015,Staudtia kamerunensis Warb.,3.23407,10.5789,50,Ngovayang,"1ha plot ngovayang002, tag 363",NA,NA,NA,363,ngovayang002
P6130469.JPG,171321,NA/NA/2015,Staudtia kamerunensis Warb.,3.23407,10.5789,50,Ngovayang,"1ha plot ngovayang002, tag 363",NA,NA,NA,363,ngovayang002
P6130470.JPG,171346,NA/NA/2015,Cuviera calycosa Wernham,3.23407,10.5789,50,Ngovayang,"1ha plot ngovayang002, tag 388",11593,IRD plot,1748,388,ngovayang002
P6130471.JPG,171346,NA/NA/2015,Cuviera calycosa Wernham,3.23407,10.5789,50,Ngovayang,"1ha plot ngovayang002, tag 388",11593,IRD plot,1748,388,ngovayang002
P6130474.JPG,171346,NA/NA/2015,Cuviera calycosa Wernham,3.23407,10.5789,50,Ngovayang,"1ha plot ngovayang002, tag 388",11593,IRD plot,1748,388,ngovayang002
P6130476.JPG,171346,NA/NA/2015,Cuviera calycosa Wernham,3.23407,10.5789,50,Ngovayang,"1ha plot ngovayang002, tag 388",11593,IRD plot,1748,388,ngovayang002
P6130478.JPG,171346,NA/NA/2015,Cuviera calycosa Wernham,3.23407,10.5789,50,Ngovayang,"1ha plot ngovayang002, tag 388",11593,IRD plot,1748,388,ngovayang002
P6130479.JPG,171346,NA/NA/2015,Cuviera calycosa Wernham,3.23407,10.5789,50,Ngovayang,"1ha plot ngovayang002, tag 388",11593,IRD plot,1748,388,ngovayang002
P6130481.JPG,171334,NA/NA/2015,Hexalobus salicifolius Engl.,3.23407,10.5789,50,Ngovayang,"1ha plot ngovayang002, tag 376",11591,IRD plot,1746,376,ngovayang002
P6130495.JPG,171334,NA/NA/2015,Hexalobus salicifolius Engl.,3.23407,10.5789,50,Ngovayang,"1ha plot ngovayang002, tag 376",11591,IRD plot,1746,376,ngovayang002
P6130496.JPG,171334,NA/NA/2015,Hexalobus salicifolius Engl.,3.23407,10.5789,50,Ngovayang,"1ha plot ngovayang002, tag 376",11591,IRD plot,1746,376,ngovayang002
P6130497.JPG,171334,NA/NA/2015,Hexalobus salicifolius Engl.,3.23407,10.5789,50,Ngovayang,"1ha plot ngovayang002, tag 376",11591,IRD plot,1746,376,ngovayang002
P6130499.JPG,171334,NA/NA/2015,Hexalobus salicifolius Engl.,3.23407,10.5789,50,Ngovayang,"1ha plot ngovayang002, tag 376",11591,IRD plot,1746,376,ngovayang002
P6130500.JPG,171334,NA/NA/2015,Hexalobus salicifolius Engl.,3.23407,10.5789,50,Ngovayang,"1ha plot ngovayang002, tag 376",11591,IRD plot,1746,376,ngovayang002
P6130501.JPG,171334,NA/NA/2015,Hexalobus salicifolius Engl.,3.23407,10.5789,50,Ngovayang,"1ha plot ngovayang002, tag 376",11591,IRD plot,1746,376,ngovayang002
P6130502.JPG,171375,NA/NA/2015,Vitex zenkeri Gürke,3.23407,10.5789,50,Ngovayang,"1ha plot ngovayang002, tag 417",11586,IRD plot,1741,417,ngovayang002
P6130503.JPG,171375,NA/NA/2015,Vitex zenkeri Gürke,3.23407,10.5789,50,Ngovayang,"1ha plot ngovayang002, tag 417",11586,IRD plot,1741,417,ngovayang002
P6130505.JPG,171375,NA/NA/2015,Vitex zenkeri Gürke,3.23407,10.5789,50,Ngovayang,"1ha plot ngovayang002, tag 417",11586,IRD plot,1741,417,ngovayang002
P6130507.JPG,171375,NA/NA/2015,Vitex zenkeri Gürke,3.23407,10.5789,50,Ngovayang,"1ha plot ngovayang002, tag 417",11586,IRD plot,1741,417,ngovayang002
P6130508.JPG,171375,NA/NA/2015,Vitex zenkeri Gürke,3.23407,10.5789,50,Ngovayang,"1ha plot ngovayang002, tag 417",11586,IRD plot,1741,417,ngovayang002
P6130509.JPG,171375,NA/NA/2015,Vitex zenkeri Gürke,3.23407,10.5789,50,Ngovayang,"1ha plot ngovayang002, tag 417",11586,IRD plot,1741,417,ngovayang002
P6130510.JPG,171375,NA/NA/2015,Vitex zenkeri Gürke,3.23407,10.5789,50,Ngovayang,"1ha plot ngovayang002, tag 417",11586,IRD plot,1741,417,ngovayang002
P6130520.JPG,171427,NA/NA/2015,Maranthes glabra (Oliv.) Prance,3.23407,10.5789,50,Ngovayang,"1ha plot ngovayang002, tag 469",11592,IRD plot,1747,469,ngovayang002
P6130521.JPG,171427,NA/NA/2015,Maranthes glabra (Oliv.) Prance,3.23407,10.5789,50,Ngovayang,"1ha plot ngovayang002, tag 469",11592,IRD plot,1747,469,ngovayang002
P6130523.JPG,171427,NA/NA/2015,Maranthes glabra (Oliv.) Prance,3.23407,10.5789,50,Ngovayang,"1ha plot ngovayang002, tag 469",11592,IRD plot,1747,469,ngovayang002
P6130525.JPG,171427,NA/NA/2015,Maranthes glabra (Oliv.) Prance,3.23407,10.5789,50,Ngovayang,"1ha plot ngovayang002, tag 469",11592,IRD plot,1747,469,ngovayang002
P6130526.JPG,171427,NA/NA/2015,Maranthes glabra (Oliv.) Prance,3.23407,10.5789,50,Ngovayang,"1ha plot ngovayang002, tag 469",11592,IRD plot,1747,469,ngovayang002
P6130527.JPG,171427,NA/NA/2015,Maranthes glabra (Oliv.) Prance,3.23407,10.5789,50,Ngovayang,"1ha plot ngovayang002, tag 469",11592,IRD plot,1747,469,ngovayang002
P6130528.JPG,171446,NA/NA/2015,Rhabdophyllum arnoldianum (De Wild. & T.Durand) Tiegh.,3.23407,10.5789,50,Ngovayang,"1ha plot ngovayang002, tag 488",11519,IRD plot,1749,488,ngovayang002
P6130529.JPG,171446,NA/NA/2015,Rhabdophyllum arnoldianum (De Wild. & T.Durand) Tiegh.,3.23407,10.5789,50,Ngovayang,"1ha plot ngovayang002, tag 488",11519,IRD plot,1749,488,ngovayang002
P6130530.JPG,171446,NA/NA/2015,Rhabdophyllum arnoldianum (De Wild. & T.Durand) Tiegh.,3.23407,10.5789,50,Ngovayang,"1ha plot ngovayang002, tag 488",11519,IRD plot,1749,488,ngovayang002
P6130532.JPG,171446,NA/NA/2015,Rhabdophyllum arnoldianum (De Wild. & T.Durand) Tiegh.,3.23407,10.5789,50,Ngovayang,"1ha plot ngovayang002, tag 488",11519,IRD plot,1749,488,ngovayang002
P6130534.JPG,171446,NA/NA/2015,Rhabdophyllum arnoldianum (De Wild. & T.Durand) Tiegh.,3.23407,10.5789,50,Ngovayang,"1ha plot ngovayang002, tag 488",11519,IRD plot,1749,488,ngovayang002
P6130535.JPG,171446,NA/NA/2015,Rhabdophyllum arnoldianum (De Wild. & T.Durand) Tiegh.,3.23407,10.5789,50,Ngovayang,"1ha plot ngovayang002, tag 488",11519,IRD plot,1749,488,ngovayang002
P6130536.JPG,171446,NA/NA/2015,Rhabdophyllum arnoldianum (De Wild. & T.Durand) Tiegh.,3.23407,10.5789,50,Ngovayang,"1ha plot ngovayang002, tag 488",11519,IRD plot,1749,488,ngovayang002
P6130537.JPG,171468,NA/NA/2015,Scyphocephalium mannii (Benth.) Warb.,3.23407,10.5789,50,Ngovayang,"1ha plot ngovayang002, tag 510",11594,IRD plot,1750,510,ngovayang002
P6130538.JPG,171468,NA/NA/2015,Scyphocephalium mannii (Benth.) Warb.,3.23407,10.5789,50,Ngovayang,"1ha plot ngovayang002, tag 510",11594,IRD plot,1750,510,ngovayang002
P6130539.JPG,171468,NA/NA/2015,Scyphocephalium mannii (Benth.) Warb.,3.23407,10.5789,50,Ngovayang,"1ha plot ngovayang002, tag 510",11594,IRD plot,1750,510,ngovayang002
P6130543.JPG,171468,NA/NA/2015,Scyphocephalium mannii (Benth.) Warb.,3.23407,10.5789,50,Ngovayang,"1ha plot ngovayang002, tag 510",11594,IRD plot,1750,510,ngovayang002
P6130544.JPG,171468,NA/NA/2015,Scyphocephalium mannii (Benth.) Warb.,3.23407,10.5789,50,Ngovayang,"1ha plot ngovayang002, tag 510",11594,IRD plot,1750,510,ngovayang002
P6130545.JPG,171468,NA/NA/2015,Scyphocephalium mannii (Benth.) Warb.,3.23407,10.5789,50,Ngovayang,"1ha plot ngovayang002, tag 510",11594,IRD plot,1750,510,ngovayang002
P6130546.JPG,171470,NA/NA/2015,NA,3.23407,10.5789,50,Ngovayang,"1ha plot ngovayang002, tag 512",11602,IRD plot,1758,512,ngovayang002
P6130547.JPG,171470,NA/NA/2015,NA,3.23407,10.5789,50,Ngovayang,"1ha plot ngovayang002, tag 512",11602,IRD plot,1758,512,ngovayang002
P6130550.JPG,171470,NA/NA/2015,NA,3.23407,10.5789,50,Ngovayang,"1ha plot ngovayang002, tag 512",11602,IRD plot,1758,512,ngovayang002
P6130552.JPG,171470,NA/NA/2015,NA,3.23407,10.5789,50,Ngovayang,"1ha plot ngovayang002, tag 512",11602,IRD plot,1758,512,ngovayang002
P6130553.JPG,171470,NA/NA/2015,NA,3.23407,10.5789,50,Ngovayang,"1ha plot ngovayang002, tag 512",11602,IRD plot,1758,512,ngovayang002
P6130554.JPG,171470,NA/NA/2015,NA,3.23407,10.5789,50,Ngovayang,"1ha plot ngovayang002, tag 512",11602,IRD plot,1758,512,ngovayang002
P6130555.JPG,171474,NA/NA/2015,Plagiosiphon emarginatus (Hutch. & Dalziel) J.Léonard,3.23407,10.5789,50,Ngovayang,"1ha plot ngovayang002, tag 516",11595,IRD plot,1751,516,ngovayang002
P6130556.JPG,171474,NA/NA/2015,Plagiosiphon emarginatus (Hutch. & Dalziel) J.Léonard,3.23407,10.5789,50,Ngovayang,"1ha plot ngovayang002, tag 516",11595,IRD plot,1751,516,ngovayang002
P6130558.JPG,171474,NA/NA/2015,Plagiosiphon emarginatus (Hutch. & Dalziel) J.Léonard,3.23407,10.5789,50,Ngovayang,"1ha plot ngovayang002, tag 516",11595,IRD plot,1751,516,ngovayang002
P6130560.JPG,171474,NA/NA/2015,Plagiosiphon emarginatus (Hutch. & Dalziel) J.Léonard,3.23407,10.5789,50,Ngovayang,"1ha plot ngovayang002, tag 516",11595,IRD plot,1751,516,ngovayang002
P6130561.JPG,171474,NA/NA/2015,Plagiosiphon emarginatus (Hutch. & Dalziel) J.Léonard,3.23407,10.5789,50,Ngovayang,"1ha plot ngovayang002, tag 516",11595,IRD plot,1751,516,ngovayang002
P6130562.JPG,171474,NA/NA/2015,Plagiosiphon emarginatus (Hutch. & Dalziel) J.Léonard,3.23407,10.5789,50,Ngovayang,"1ha plot ngovayang002, tag 516",11595,IRD plot,1751,516,ngovayang002
P6130563.JPG,171480,NA/NA/2015,Endodesmia calophylloides Benth.,3.23407,10.5789,50,Ngovayang,"1ha plot ngovayang002, tag 522",11596,IRD plot,1752,522,ngovayang002
P6130565.JPG,171480,NA/NA/2015,Endodesmia calophylloides Benth.,3.23407,10.5789,50,Ngovayang,"1ha plot ngovayang002, tag 522",11596,IRD plot,1752,522,ngovayang002
P6130566.JPG,171480,NA/NA/2015,Endodesmia calophylloides Benth.,3.23407,10.5789,50,Ngovayang,"1ha plot ngovayang002, tag 522",11596,IRD plot,1752,522,ngovayang002
P6130568.JPG,171480,NA/NA/2015,Endodesmia calophylloides Benth.,3.23407,10.5789,50,Ngovayang,"1ha plot ngovayang002, tag 522",11596,IRD plot,1752,522,ngovayang002
P6130569.JPG,171480,NA/NA/2015,Endodesmia calophylloides Benth.,3.23407,10.5789,50,Ngovayang,"1ha plot ngovayang002, tag 522",11596,IRD plot,1752,522,ngovayang002
P6130570.JPG,171480,NA/NA/2015,Endodesmia calophylloides Benth.,3.23407,10.5789,50,Ngovayang,"1ha plot ngovayang002, tag 522",11596,IRD plot,1752,522,ngovayang002
P6130577.JPG,171500,NA/NA/2015,Aphanocalyx cynometroides Oliv.,3.23407,10.5789,50,Ngovayang,"1ha plot ngovayang002, tag 542",11597,IRD plot,1753,542,ngovayang002
P6130578.JPG,171500,NA/NA/2015,Aphanocalyx cynometroides Oliv.,3.23407,10.5789,50,Ngovayang,"1ha plot ngovayang002, tag 542",11597,IRD plot,1753,542,ngovayang002
P6130580.JPG,171500,NA/NA/2015,Aphanocalyx cynometroides Oliv.,3.23407,10.5789,50,Ngovayang,"1ha plot ngovayang002, tag 542",11597,IRD plot,1753,542,ngovayang002
P6130582.JPG,171500,NA/NA/2015,Aphanocalyx cynometroides Oliv.,3.23407,10.5789,50,Ngovayang,"1ha plot ngovayang002, tag 542",11597,IRD plot,1753,542,ngovayang002
P6130583.JPG,171500,NA/NA/2015,Aphanocalyx cynometroides Oliv.,3.23407,10.5789,50,Ngovayang,"1ha plot ngovayang002, tag 542",11597,IRD plot,1753,542,ngovayang002
P6130584.JPG,171500,NA/NA/2015,Aphanocalyx cynometroides Oliv.,3.23407,10.5789,50,Ngovayang,"1ha plot ngovayang002, tag 542",11597,IRD plot,1753,542,ngovayang002
P6130604.JPG,171500,NA/NA/2015,Aphanocalyx cynometroides Oliv.,3.23407,10.5789,50,Ngovayang,"1ha plot ngovayang002, tag 542",11597,IRD plot,1753,542,ngovayang002
P6130605.JPG,171500,NA/NA/2015,Aphanocalyx cynometroides Oliv.,3.23407,10.5789,50,Ngovayang,"1ha plot ngovayang002, tag 542",11597,IRD plot,1753,542,ngovayang002
P6130606.JPG,171503,NA/NA/2015,NA,3.23407,10.5789,50,Ngovayang,"1ha plot ngovayang002, tag 545",11598,IRD plot,1754,545,ngovayang002
P6130607.JPG,171503,NA/NA/2015,NA,3.23407,10.5789,50,Ngovayang,"1ha plot ngovayang002, tag 545",11598,IRD plot,1754,545,ngovayang002
P6130608.JPG,171503,NA/NA/2015,NA,3.23407,10.5789,50,Ngovayang,"1ha plot ngovayang002, tag 545",11598,IRD plot,1754,545,ngovayang002
P6130610.JPG,171503,NA/NA/2015,NA,3.23407,10.5789,50,Ngovayang,"1ha plot ngovayang002, tag 545",11598,IRD plot,1754,545,ngovayang002
P6130611.JPG,171503,NA/NA/2015,NA,3.23407,10.5789,50,Ngovayang,"1ha plot ngovayang002, tag 545",11598,IRD plot,1754,545,ngovayang002
P6130612.JPG,171503,NA/NA/2015,NA,3.23407,10.5789,50,Ngovayang,"1ha plot ngovayang002, tag 545",11598,IRD plot,1754,545,ngovayang002
P6130613.JPG,171515,NA/NA/2015,Warneckea jasminoides (Gilg) Jacq.-Fél.,3.23407,10.5789,50,Ngovayang,"1ha plot ngovayang002, tag 557",11599,IRD plot,1755,557,ngovayang002
P6130614.JPG,171515,NA/NA/2015,Warneckea jasminoides (Gilg) Jacq.-Fél.,3.23407,10.5789,50,Ngovayang,"1ha plot ngovayang002, tag 557",11599,IRD plot,1755,557,ngovayang002
P6130615.JPG,171515,NA/NA/2015,Warneckea jasminoides (Gilg) Jacq.-Fél.,3.23407,10.5789,50,Ngovayang,"1ha plot ngovayang002, tag 557",11599,IRD plot,1755,557,ngovayang002
P6130617.JPG,171515,NA/NA/2015,Warneckea jasminoides (Gilg) Jacq.-Fél.,3.23407,10.5789,50,Ngovayang,"1ha plot ngovayang002, tag 557",11599,IRD plot,1755,557,ngovayang002
P6130618.JPG,171515,NA/NA/2015,Warneckea jasminoides (Gilg) Jacq.-Fél.,3.23407,10.5789,50,Ngovayang,"1ha plot ngovayang002, tag 557",11599,IRD plot,1755,557,ngovayang002
P6130619.JPG,171515,NA/NA/2015,Warneckea jasminoides (Gilg) Jacq.-Fél.,3.23407,10.5789,50,Ngovayang,"1ha plot ngovayang002, tag 557",11599,IRD plot,1755,557,ngovayang002
P6130621.JPG,171515,NA/NA/2015,Warneckea jasminoides (Gilg) Jacq.-Fél.,3.23407,10.5789,50,Ngovayang,"1ha plot ngovayang002, tag 557",11599,IRD plot,1755,557,ngovayang002
P6130623.JPG,171515,NA/NA/2015,Warneckea jasminoides (Gilg) Jacq.-Fél.,3.23407,10.5789,50,Ngovayang,"1ha plot ngovayang002, tag 557",11599,IRD plot,1755,557,ngovayang002
P6130627.JPG,171515,NA/NA/2015,Warneckea jasminoides (Gilg) Jacq.-Fél.,3.23407,10.5789,50,Ngovayang,"1ha plot ngovayang002, tag 557",11599,IRD plot,1755,557,ngovayang002
P6130629.JPG,171515,NA/NA/2015,Warneckea jasminoides (Gilg) Jacq.-Fél.,3.23407,10.5789,50,Ngovayang,"1ha plot ngovayang002, tag 557",11599,IRD plot,1755,557,ngovayang002
P6130633.JPG,171515,NA/NA/2015,Warneckea jasminoides (Gilg) Jacq.-Fél.,3.23407,10.5789,50,Ngovayang,"1ha plot ngovayang002, tag 557",11599,IRD plot,1755,557,ngovayang002
P6130634.JPG,171531,NA/NA/2015,NA,3.23407,10.5789,50,Ngovayang,"1ha plot ngovayang002, tag 573",11600,IRD plot,1756,573,ngovayang002
P6130635.JPG,171531,NA/NA/2015,NA,3.23407,10.5789,50,Ngovayang,"1ha plot ngovayang002, tag 573",11600,IRD plot,1756,573,ngovayang002
P6130636.JPG,171531,NA/NA/2015,NA,3.23407,10.5789,50,Ngovayang,"1ha plot ngovayang002, tag 573",11600,IRD plot,1756,573,ngovayang002
P6130638.JPG,171531,NA/NA/2015,NA,3.23407,10.5789,50,Ngovayang,"1ha plot ngovayang002, tag 573",11600,IRD plot,1756,573,ngovayang002
P6130639.JPG,171531,NA/NA/2015,NA,3.23407,10.5789,50,Ngovayang,"1ha plot ngovayang002, tag 573",11600,IRD plot,1756,573,ngovayang002
P6130640.JPG,171531,NA/NA/2015,NA,3.23407,10.5789,50,Ngovayang,"1ha plot ngovayang002, tag 573",11600,IRD plot,1756,573,ngovayang002
P6130641.JPG,171536,NA/NA/2015,Drypetes laciniata (Pax) Hutch.,3.23407,10.5789,50,Ngovayang,"1ha plot ngovayang002, tag 578",11601,IRD plot,1757,578,ngovayang002
P6130642.JPG,171536,NA/NA/2015,Drypetes laciniata (Pax) Hutch.,3.23407,10.5789,50,Ngovayang,"1ha plot ngovayang002, tag 578",11601,IRD plot,1757,578,ngovayang002
P6130643.JPG,171536,NA/NA/2015,Drypetes laciniata (Pax) Hutch.,3.23407,10.5789,50,Ngovayang,"1ha plot ngovayang002, tag 578",11601,IRD plot,1757,578,ngovayang002
P6130645.JPG,171536,NA/NA/2015,Drypetes laciniata (Pax) Hutch.,3.23407,10.5789,50,Ngovayang,"1ha plot ngovayang002, tag 578",11601,IRD plot,1757,578,ngovayang002
P6130646.JPG,171536,NA/NA/2015,Drypetes laciniata (Pax) Hutch.,3.23407,10.5789,50,Ngovayang,"1ha plot ngovayang002, tag 578",11601,IRD plot,1757,578,ngovayang002
P6130647.JPG,171536,NA/NA/2015,Drypetes laciniata (Pax) Hutch.,3.23407,10.5789,50,Ngovayang,"1ha plot ngovayang002, tag 578",11601,IRD plot,1757,578,ngovayang002
P6140670.JPG,171560,NA/NA/2015,Garcinia conrauana Engl.,3.23407,10.5789,50,Ngovayang,"1ha plot ngovayang002, tag 602",11603,IRD plot,1759,602,ngovayang002
P6140671.JPG,171560,NA/NA/2015,Garcinia conrauana Engl.,3.23407,10.5789,50,Ngovayang,"1ha plot ngovayang002, tag 602",11603,IRD plot,1759,602,ngovayang002
P6140672.JPG,171560,NA/NA/2015,Garcinia conrauana Engl.,3.23407,10.5789,50,Ngovayang,"1ha plot ngovayang002, tag 602",11603,IRD plot,1759,602,ngovayang002
P6140675.JPG,171560,NA/NA/2015,Garcinia conrauana Engl.,3.23407,10.5789,50,Ngovayang,"1ha plot ngovayang002, tag 602",11603,IRD plot,1759,602,ngovayang002
P6140676.JPG,171560,NA/NA/2015,Garcinia conrauana Engl.,3.23407,10.5789,50,Ngovayang,"1ha plot ngovayang002, tag 602",11603,IRD plot,1759,602,ngovayang002
P6140677.JPG,171560,NA/NA/2015,Garcinia conrauana Engl.,3.23407,10.5789,50,Ngovayang,"1ha plot ngovayang002, tag 602",11603,IRD plot,1759,602,ngovayang002
P6140678.JPG,171563,NA/NA/2015,Xylopia phloiodora Mildbr.,3.23407,10.5789,50,Ngovayang,"1ha plot ngovayang002, tag 605",11604,IRD plot,1760,605,ngovayang002
P6140679.JPG,171563,NA/NA/2015,Xylopia phloiodora Mildbr.,3.23407,10.5789,50,Ngovayang,"1ha plot ngovayang002, tag 605",11604,IRD plot,1760,605,ngovayang002
P6140680.JPG,171563,NA/NA/2015,Xylopia phloiodora Mildbr.,3.23407,10.5789,50,Ngovayang,"1ha plot ngovayang002, tag 605",11604,IRD plot,1760,605,ngovayang002
P6140682.JPG,171563,NA/NA/2015,Xylopia phloiodora Mildbr.,3.23407,10.5789,50,Ngovayang,"1ha plot ngovayang002, tag 605",11604,IRD plot,1760,605,ngovayang002
P6140683.JPG,171563,NA/NA/2015,Xylopia phloiodora Mildbr.,3.23407,10.5789,50,Ngovayang,"1ha plot ngovayang002, tag 605",11604,IRD plot,1760,605,ngovayang002
P6140684.JPG,171563,NA/NA/2015,Xylopia phloiodora Mildbr.,3.23407,10.5789,50,Ngovayang,"1ha plot ngovayang002, tag 605",11604,IRD plot,1760,605,ngovayang002
P6140685.JPG,171575,NA/NA/2015,Strombosia pustulata Oliv.,3.23407,10.5789,50,Ngovayang,"1ha plot ngovayang002, tag 617",11606,IRD plot,1762,617,ngovayang002
P6140686.JPG,171575,NA/NA/2015,Strombosia pustulata Oliv.,3.23407,10.5789,50,Ngovayang,"1ha plot ngovayang002, tag 617",11606,IRD plot,1762,617,ngovayang002
P6140687.JPG,171575,NA/NA/2015,Strombosia pustulata Oliv.,3.23407,10.5789,50,Ngovayang,"1ha plot ngovayang002, tag 617",11606,IRD plot,1762,617,ngovayang002
P6140689.JPG,171575,NA/NA/2015,Strombosia pustulata Oliv.,3.23407,10.5789,50,Ngovayang,"1ha plot ngovayang002, tag 617",11606,IRD plot,1762,617,ngovayang002
P6140691.JPG,171575,NA/NA/2015,Strombosia pustulata Oliv.,3.23407,10.5789,50,Ngovayang,"1ha plot ngovayang002, tag 617",11606,IRD plot,1762,617,ngovayang002
P6140692.JPG,171575,NA/NA/2015,Strombosia pustulata Oliv.,3.23407,10.5789,50,Ngovayang,"1ha plot ngovayang002, tag 617",11606,IRD plot,1762,617,ngovayang002
P6140693.JPG,171571,NA/NA/2015,NA,3.23407,10.5789,50,Ngovayang,"1ha plot ngovayang002, tag 613",11605,IRD plot,1761,613,ngovayang002
P6140694.JPG,171571,NA/NA/2015,NA,3.23407,10.5789,50,Ngovayang,"1ha plot ngovayang002, tag 613",11605,IRD plot,1761,613,ngovayang002
P6140696.JPG,171571,NA/NA/2015,NA,3.23407,10.5789,50,Ngovayang,"1ha plot ngovayang002, tag 613",11605,IRD plot,1761,613,ngovayang002
P6140698.JPG,171571,NA/NA/2015,NA,3.23407,10.5789,50,Ngovayang,"1ha plot ngovayang002, tag 613",11605,IRD plot,1761,613,ngovayang002
P6140699.JPG,171571,NA/NA/2015,NA,3.23407,10.5789,50,Ngovayang,"1ha plot ngovayang002, tag 613",11605,IRD plot,1761,613,ngovayang002
P6140700.JPG,171571,NA/NA/2015,NA,3.23407,10.5789,50,Ngovayang,"1ha plot ngovayang002, tag 613",11605,IRD plot,1761,613,ngovayang002
P6140701.JPG,171589,NA/NA/2015,NA,3.23407,10.5789,50,Ngovayang,"1ha plot ngovayang002, tag 631",11608,IRD plot,1763,631,ngovayang002
P6140702.JPG,171589,NA/NA/2015,NA,3.23407,10.5789,50,Ngovayang,"1ha plot ngovayang002, tag 631",11608,IRD plot,1763,631,ngovayang002
P6140703.JPG,171589,NA/NA/2015,NA,3.23407,10.5789,50,Ngovayang,"1ha plot ngovayang002, tag 631",11608,IRD plot,1763,631,ngovayang002
P6140704.JPG,171589,NA/NA/2015,NA,3.23407,10.5789,50,Ngovayang,"1ha plot ngovayang002, tag 631",11608,IRD plot,1763,631,ngovayang002
P6140706.JPG,171589,NA/NA/2015,NA,3.23407,10.5789,50,Ngovayang,"1ha plot ngovayang002, tag 631",11608,IRD plot,1763,631,ngovayang002
P6140707.JPG,171589,NA/NA/2015,NA,3.23407,10.5789,50,Ngovayang,"1ha plot ngovayang002, tag 631",11608,IRD plot,1763,631,ngovayang002
P6140709.JPG,171589,NA/NA/2015,NA,3.23407,10.5789,50,Ngovayang,"1ha plot ngovayang002, tag 631",11608,IRD plot,1763,631,ngovayang002
P6140710.JPG,171589,NA/NA/2015,NA,3.23407,10.5789,50,Ngovayang,"1ha plot ngovayang002, tag 631",11608,IRD plot,1763,631,ngovayang002
P6140711.JPG,171627,NA/NA/2015,Allanblackia staneriana Exell & Mendonça,3.23407,10.5789,50,Ngovayang,"1ha plot ngovayang002, tag 669",11609,IRD plot,1764,669,ngovayang002
P6140712.JPG,171627,NA/NA/2015,Allanblackia staneriana Exell & Mendonça,3.23407,10.5789,50,Ngovayang,"1ha plot ngovayang002, tag 669",11609,IRD plot,1764,669,ngovayang002
P6140713.JPG,171627,NA/NA/2015,Allanblackia staneriana Exell & Mendonça,3.23407,10.5789,50,Ngovayang,"1ha plot ngovayang002, tag 669",11609,IRD plot,1764,669,ngovayang002
P6140714.JPG,171627,NA/NA/2015,Allanblackia staneriana Exell & Mendonça,3.23407,10.5789,50,Ngovayang,"1ha plot ngovayang002, tag 669",11609,IRD plot,1764,669,ngovayang002
P6140715.JPG,171627,NA/NA/2015,Allanblackia staneriana Exell & Mendonça,3.23407,10.5789,50,Ngovayang,"1ha plot ngovayang002, tag 669",11609,IRD plot,1764,669,ngovayang002
P6140716.JPG,171627,NA/NA/2015,Allanblackia staneriana Exell & Mendonça,3.23407,10.5789,50,Ngovayang,"1ha plot ngovayang002, tag 669",11609,IRD plot,1764,669,ngovayang002
P6140717.JPG,171649,NA/NA/2015,NA,3.23407,10.5789,50,Ngovayang,"1ha plot ngovayang002, tag 691",11610,IRD plot,1765,691,ngovayang002
P6140718.JPG,171649,NA/NA/2015,NA,3.23407,10.5789,50,Ngovayang,"1ha plot ngovayang002, tag 691",11610,IRD plot,1765,691,ngovayang002
P6140719.JPG,171649,NA/NA/2015,NA,3.23407,10.5789,50,Ngovayang,"1ha plot ngovayang002, tag 691",11610,IRD plot,1765,691,ngovayang002
P6140720.JPG,171649,NA/NA/2015,NA,3.23407,10.5789,50,Ngovayang,"1ha plot ngovayang002, tag 691",11610,IRD plot,1765,691,ngovayang002
P6140721.JPG,171649,NA/NA/2015,NA,3.23407,10.5789,50,Ngovayang,"1ha plot ngovayang002, tag 691",11610,IRD plot,1765,691,ngovayang002
P6140722.JPG,171649,NA/NA/2015,NA,3.23407,10.5789,50,Ngovayang,"1ha plot ngovayang002, tag 691",11610,IRD plot,1765,691,ngovayang002
P6140723.JPG,171649,NA/NA/2015,NA,3.23407,10.5789,50,Ngovayang,"1ha plot ngovayang002, tag 691",11610,IRD plot,1765,691,ngovayang002
P6140724.JPG,171649,NA/NA/2015,NA,3.23407,10.5789,50,Ngovayang,"1ha plot ngovayang002, tag 691",11610,IRD plot,1765,691,ngovayang002
RIMG0353.JPG,170243,NA/NA/2015,NA,3.24677,10.5633,50,Ngovayang,"1ha plot ngovayang001, tag 17",NA,NA,NA,17,ngovayang001
RIMG0354.JPG,170243,NA/NA/2015,NA,3.24677,10.5633,50,Ngovayang,"1ha plot ngovayang001, tag 17",NA,NA,NA,17,ngovayang001
RIMG0355.JPG,170243,NA/NA/2015,NA,3.24677,10.5633,50,Ngovayang,"1ha plot ngovayang001, tag 17",NA,NA,NA,17,ngovayang001
RIMG0357.JPG,170243,NA/NA/2015,NA,3.24677,10.5633,50,Ngovayang,"1ha plot ngovayang001, tag 17",NA,NA,NA,17,ngovayang001
RIMG0358.JPG,170243,NA/NA/2015,NA,3.24677,10.5633,50,Ngovayang,"1ha plot ngovayang001, tag 17",NA,NA,NA,17,ngovayang001
RIMG0359.JPG,170243,NA/NA/2015,NA,3.24677,10.5633,50,Ngovayang,"1ha plot ngovayang001, tag 17",NA,NA,NA,17,ngovayang001
RIMG0360.JPG,170246,NA/NA/2015,NA,3.24677,10.5633,50,Ngovayang,"1ha plot ngovayang001, tag 20",11539,IRD plot,1681,20,ngovayang001
RIMG0404.JPG,170296,NA/NA/2015,NA,3.24677,10.5633,50,Ngovayang,"1ha plot ngovayang001, tag 70",NA,NA,NA,70,ngovayang001
RIMG0405.JPG,170296,NA/NA/2015,NA,3.24677,10.5633,50,Ngovayang,"1ha plot ngovayang001, tag 70",NA,NA,NA,70,ngovayang001
RIMG0406.JPG,170296,NA/NA/2015,NA,3.24677,10.5633,50,Ngovayang,"1ha plot ngovayang001, tag 70",NA,NA,NA,70,ngovayang001
RIMG0407.JPG,170296,NA/NA/2015,NA,3.24677,10.5633,50,Ngovayang,"1ha plot ngovayang001, tag 70",NA,NA,NA,70,ngovayang001
RIMG0409.JPG,170296,NA/NA/2015,NA,3.24677,10.5633,50,Ngovayang,"1ha plot ngovayang001, tag 70",NA,NA,NA,70,ngovayang001
RIMG0411.JPG,170296,NA/NA/2015,NA,3.24677,10.5633,50,Ngovayang,"1ha plot ngovayang001, tag 70",NA,NA,NA,70,ngovayang001
RIMG0412.JPG,170387,NA/NA/2015,Strombosia scheffleri Engl.,3.24677,10.5633,50,Ngovayang,"1ha plot ngovayang001, tag 161",11544,IRD plot,1687,161,ngovayang001
RIMG0424.JPG,170378,NA/NA/2015,NA,3.24677,10.5633,50,Ngovayang,"1ha plot ngovayang001, tag 152",11558,IRD plot,1704,152,ngovayang001
RIMG0425.JPG,170378,NA/NA/2015,NA,3.24677,10.5633,50,Ngovayang,"1ha plot ngovayang001, tag 152",11558,IRD plot,1704,152,ngovayang001
RIMG0426.JPG,170378,NA/NA/2015,NA,3.24677,10.5633,50,Ngovayang,"1ha plot ngovayang001, tag 152",11558,IRD plot,1704,152,ngovayang001
RIMG0427.JPG,170378,NA/NA/2015,NA,3.24677,10.5633,50,Ngovayang,"1ha plot ngovayang001, tag 152",11558,IRD plot,1704,152,ngovayang001
RIMG0428.JPG,170378,NA/NA/2015,NA,3.24677,10.5633,50,Ngovayang,"1ha plot ngovayang001, tag 152",11558,IRD plot,1704,152,ngovayang001
RIMG0429.JPG,170378,NA/NA/2015,NA,3.24677,10.5633,50,Ngovayang,"1ha plot ngovayang001, tag 152",11558,IRD plot,1704,152,ngovayang001
RIMG0430.JPG,170361,NA/NA/2015,Calpocalyx dinklagei (Taub.) Harms,3.24677,10.5633,50,Ngovayang,"1ha plot ngovayang001, tag 135",11548,IRD plot,1692,135,ngovayang001
RIMG0431.JPG,170361,NA/NA/2015,Calpocalyx dinklagei (Taub.) Harms,3.24677,10.5633,50,Ngovayang,"1ha plot ngovayang001, tag 135",11548,IRD plot,1692,135,ngovayang001
RIMG0432.JPG,170361,NA/NA/2015,Calpocalyx dinklagei (Taub.) Harms,3.24677,10.5633,50,Ngovayang,"1ha plot ngovayang001, tag 135",11548,IRD plot,1692,135,ngovayang001
RIMG0433.JPG,170361,NA/NA/2015,Calpocalyx dinklagei (Taub.) Harms,3.24677,10.5633,50,Ngovayang,"1ha plot ngovayang001, tag 135",11548,IRD plot,1692,135,ngovayang001
RIMG0434.JPG,170361,NA/NA/2015,Calpocalyx dinklagei (Taub.) Harms,3.24677,10.5633,50,Ngovayang,"1ha plot ngovayang001, tag 135",11548,IRD plot,1692,135,ngovayang001
RIMG0435.JPG,170361,NA/NA/2015,Calpocalyx dinklagei (Taub.) Harms,3.24677,10.5633,50,Ngovayang,"1ha plot ngovayang001, tag 135",11548,IRD plot,1692,135,ngovayang001
RIMG0436.JPG,170345,NA/NA/2015,Tetraberlinia bifoliolata (Harms) Hauman,3.24677,10.5633,50,Ngovayang,"1ha plot ngovayang001, tag 119",11532,IRD plot,1699,119,ngovayang001
RIMG0443.JPG,170343,NA/NA/2015,NA,3.24677,10.5633,50,Ngovayang,"1ha plot ngovayang001, tag 117",11522,IRD plot,1705,117,ngovayang001
RIMG0515.JPG,170419,NA/NA/2015,Garcinia densivenia Engl.,3.24677,10.5633,50,Ngovayang,"1ha plot ngovayang001, tag 193",11547,IRD plot,1691,193,ngovayang001
RIMG0516.JPG,170419,NA/NA/2015,Garcinia densivenia Engl.,3.24677,10.5633,50,Ngovayang,"1ha plot ngovayang001, tag 193",11547,IRD plot,1691,193,ngovayang001
RIMG0517.JPG,170419,NA/NA/2015,Garcinia densivenia Engl.,3.24677,10.5633,50,Ngovayang,"1ha plot ngovayang001, tag 193",11547,IRD plot,1691,193,ngovayang001
RIMG0518.JPG,170419,NA/NA/2015,Garcinia densivenia Engl.,3.24677,10.5633,50,Ngovayang,"1ha plot ngovayang001, tag 193",11547,IRD plot,1691,193,ngovayang001
RIMG0520.JPG,170419,NA/NA/2015,Garcinia densivenia Engl.,3.24677,10.5633,50,Ngovayang,"1ha plot ngovayang001, tag 193",11547,IRD plot,1691,193,ngovayang001
RIMG0522.JPG,170419,NA/NA/2015,Garcinia densivenia Engl.,3.24677,10.5633,50,Ngovayang,"1ha plot ngovayang001, tag 193",11547,IRD plot,1691,193,ngovayang001
RIMG0523.JPG,170449,NA/NA/2015,Oubanguia laurifolia (Pierre) Tiegh.,3.24677,10.5633,50,Ngovayang,"1ha plot ngovayang001, tag 223",11535,IRD plot,1720,223,ngovayang001
RIMG0524.JPG,170449,NA/NA/2015,Oubanguia laurifolia (Pierre) Tiegh.,3.24677,10.5633,50,Ngovayang,"1ha plot ngovayang001, tag 223",11535,IRD plot,1720,223,ngovayang001
RIMG0526.JPG,170449,NA/NA/2015,Oubanguia laurifolia (Pierre) Tiegh.,3.24677,10.5633,50,Ngovayang,"1ha plot ngovayang001, tag 223",11535,IRD plot,1720,223,ngovayang001
RIMG0528.JPG,170449,NA/NA/2015,Oubanguia laurifolia (Pierre) Tiegh.,3.24677,10.5633,50,Ngovayang,"1ha plot ngovayang001, tag 223",11535,IRD plot,1720,223,ngovayang001
RIMG0529.JPG,170449,NA/NA/2015,Oubanguia laurifolia (Pierre) Tiegh.,3.24677,10.5633,50,Ngovayang,"1ha plot ngovayang001, tag 223",11535,IRD plot,1720,223,ngovayang001
RIMG0530.JPG,170449,NA/NA/2015,Oubanguia laurifolia (Pierre) Tiegh.,3.24677,10.5633,50,Ngovayang,"1ha plot ngovayang001, tag 223",11535,IRD plot,1720,223,ngovayang001
RIMG0531.JPG,170463,NA/NA/2015,Soyauxia talbotii Baker f.,3.24677,10.5633,50,Ngovayang,"1ha plot ngovayang001, tag 237",11551,IRD plot,1696,237,ngovayang001
RIMG0569.JPG,170572,NA/NA/2015,Calpocalyx dinklagei (Taub.) Harms,3.24677,10.5633,50,Ngovayang,"1ha plot ngovayang001, tag 346",11548,IRD plot,1692,346,ngovayang001
RIMG0570.JPG,170572,NA/NA/2015,Calpocalyx dinklagei (Taub.) Harms,3.24677,10.5633,50,Ngovayang,"1ha plot ngovayang001, tag 346",11548,IRD plot,1692,346,ngovayang001
RIMG0571.JPG,170572,NA/NA/2015,Calpocalyx dinklagei (Taub.) Harms,3.24677,10.5633,50,Ngovayang,"1ha plot ngovayang001, tag 346",11548,IRD plot,1692,346,ngovayang001
RIMG0572.JPG,170572,NA/NA/2015,Calpocalyx dinklagei (Taub.) Harms,3.24677,10.5633,50,Ngovayang,"1ha plot ngovayang001, tag 346",11548,IRD plot,1692,346,ngovayang001
RIMG0573.JPG,170572,NA/NA/2015,Calpocalyx dinklagei (Taub.) Harms,3.24677,10.5633,50,Ngovayang,"1ha plot ngovayang001, tag 346",11548,IRD plot,1692,346,ngovayang001
RIMG0574.JPG,170572,NA/NA/2015,Calpocalyx dinklagei (Taub.) Harms,3.24677,10.5633,50,Ngovayang,"1ha plot ngovayang001, tag 346",11548,IRD plot,1692,346,ngovayang001
RIMG0575.JPG,170572,NA/NA/2015,Calpocalyx dinklagei (Taub.) Harms,3.24677,10.5633,50,Ngovayang,"1ha plot ngovayang001, tag 346",11548,IRD plot,1692,346,ngovayang001
RIMG0576.JPG,170572,NA/NA/2015,Calpocalyx dinklagei (Taub.) Harms,3.24677,10.5633,50,Ngovayang,"1ha plot ngovayang001, tag 346",11548,IRD plot,1692,346,ngovayang001
RIMG0579.JPG,170477,NA/NA/2015,NA,3.24677,10.5633,50,Ngovayang,"1ha plot ngovayang001, tag 251",NA,NA,NA,251,ngovayang001
RIMG0580.JPG,170477,NA/NA/2015,NA,3.24677,10.5633,50,Ngovayang,"1ha plot ngovayang001, tag 251",NA,NA,NA,251,ngovayang001
RIMG0581.JPG,170477,NA/NA/2015,NA,3.24677,10.5633,50,Ngovayang,"1ha plot ngovayang001, tag 251",NA,NA,NA,251,ngovayang001
RIMG0582.JPG,170477,NA/NA/2015,NA,3.24677,10.5633,50,Ngovayang,"1ha plot ngovayang001, tag 251",NA,NA,NA,251,ngovayang001
RIMG0583.JPG,170477,NA/NA/2015,NA,3.24677,10.5633,50,Ngovayang,"1ha plot ngovayang001, tag 251",NA,NA,NA,251,ngovayang001
RIMG0584.JPG,170477,NA/NA/2015,NA,3.24677,10.5633,50,Ngovayang,"1ha plot ngovayang001, tag 251",NA,NA,NA,251,ngovayang001
RIMG0586.JPG,170477,NA/NA/2015,NA,3.24677,10.5633,50,Ngovayang,"1ha plot ngovayang001, tag 251",NA,NA,NA,251,ngovayang001
RIMG0587.JPG,170613,NA/NA/2015,Grewia coriacea Mast.,3.24677,10.5633,50,Ngovayang,"1ha plot ngovayang001, tag 387",11543,IRD plot,1686,387,ngovayang001
RIMG0588.JPG,170613,NA/NA/2015,Grewia coriacea Mast.,3.24677,10.5633,50,Ngovayang,"1ha plot ngovayang001, tag 387",11543,IRD plot,1686,387,ngovayang001
RIMG0589.JPG,170613,NA/NA/2015,Grewia coriacea Mast.,3.24677,10.5633,50,Ngovayang,"1ha plot ngovayang001, tag 387",11543,IRD plot,1686,387,ngovayang001
RIMG0590.JPG,170613,NA/NA/2015,Grewia coriacea Mast.,3.24677,10.5633,50,Ngovayang,"1ha plot ngovayang001, tag 387",11543,IRD plot,1686,387,ngovayang001
RIMG0591.JPG,170613,NA/NA/2015,Grewia coriacea Mast.,3.24677,10.5633,50,Ngovayang,"1ha plot ngovayang001, tag 387",11543,IRD plot,1686,387,ngovayang001
RIMG0626.JPG,170862,NA/NA/2015,Cuviera physinodes K.Schum.,3.24677,10.5633,50,Ngovayang,"1ha plot ngovayang001, tag 636",11568,IRD plot,1716,636,ngovayang001
RIMG0633.JPG,170753,NA/NA/2015,Barteria solida Breteler,3.24677,10.5633,50,Ngovayang,"1ha plot ngovayang001, tag 527",11565,IRD plot,1713,527,ngovayang001
RIMG0635.JPG,170753,NA/NA/2015,Barteria solida Breteler,3.24677,10.5633,50,Ngovayang,"1ha plot ngovayang001, tag 527",11565,IRD plot,1713,527,ngovayang001
RIMG0640.JPG,170867,NA/NA/2015,Leonardoxa africana (Baill.) Aubrév.,3.24677,10.5633,50,Ngovayang,"1ha plot ngovayang001, tag 641",11527,IRD plot,1689,641,ngovayang001
RIMG0641.JPG,170867,NA/NA/2015,Leonardoxa africana (Baill.) Aubrév.,3.24677,10.5633,50,Ngovayang,"1ha plot ngovayang001, tag 641",11527,IRD plot,1689,641,ngovayang001
RIMG0642.JPG,170867,NA/NA/2015,Leonardoxa africana (Baill.) Aubrév.,3.24677,10.5633,50,Ngovayang,"1ha plot ngovayang001, tag 641",11527,IRD plot,1689,641,ngovayang001
RIMG0643.JPG,170867,NA/NA/2015,Leonardoxa africana (Baill.) Aubrév.,3.24677,10.5633,50,Ngovayang,"1ha plot ngovayang001, tag 641",11527,IRD plot,1689,641,ngovayang001
RIMG0644.JPG,170867,NA/NA/2015,Leonardoxa africana (Baill.) Aubrév.,3.24677,10.5633,50,Ngovayang,"1ha plot ngovayang001, tag 641",11527,IRD plot,1689,641,ngovayang001
RIMG0645.JPG,170867,NA/NA/2015,Leonardoxa africana (Baill.) Aubrév.,3.24677,10.5633,50,Ngovayang,"1ha plot ngovayang001, tag 641",11527,IRD plot,1689,641,ngovayang001
RIMG0663.JPG,170856,NA/NA/2015,Heisteria parvifolia Sm.,3.24677,10.5633,50,Ngovayang,"1ha plot ngovayang001, tag 630",11557,IRD plot,1703,630,ngovayang001
RIMG0664.JPG,170856,NA/NA/2015,Heisteria parvifolia Sm.,3.24677,10.5633,50,Ngovayang,"1ha plot ngovayang001, tag 630",11557,IRD plot,1703,630,ngovayang001
RIMG0665.JPG,170856,NA/NA/2015,Heisteria parvifolia Sm.,3.24677,10.5633,50,Ngovayang,"1ha plot ngovayang001, tag 630",11557,IRD plot,1703,630,ngovayang001
RIMG0666.JPG,170856,NA/NA/2015,Heisteria parvifolia Sm.,3.24677,10.5633,50,Ngovayang,"1ha plot ngovayang001, tag 630",11557,IRD plot,1703,630,ngovayang001
RIMG0667.JPG,170856,NA/NA/2015,Heisteria parvifolia Sm.,3.24677,10.5633,50,Ngovayang,"1ha plot ngovayang001, tag 630",11557,IRD plot,1703,630,ngovayang001
RIMG0668.JPG,170856,NA/NA/2015,Heisteria parvifolia Sm.,3.24677,10.5633,50,Ngovayang,"1ha plot ngovayang001, tag 630",11557,IRD plot,1703,630,ngovayang001
RIMG0669.JPG,170886,NA/NA/2015,Anonidium mannii (Oliv.) Engl. & Diels,3.24677,10.5633,50,Ngovayang,"1ha plot ngovayang001, tag 660",11567,IRD plot,1715,660,ngovayang001
